Package,Version,Priority,Depends,Imports,LinkingTo,Suggests,Enhances,License,License_is_FOSS,License_restricts_use,OS_type,Archs,MD5sum,NeedsCompilation,Additional_repositories,Author,Authors@R,Biarch,BugReports,BuildKeepEmpty,BuildManual,BuildResaveData,BuildVignettes,Built,ByteCompile,Classification/ACM,Classification/ACM-2012,Classification/JEL,Classification/MSC,Classification/MSC-2010,Collate,Collate.unix,Collate.windows,Contact,Copyright,Date,Date/Publication,Description,Encoding,KeepSource,Language,LazyData,LazyDataCompression,LazyLoad,MailingList,Maintainer,Note,Packaged,RdMacros,StagedInstall,SysDataCompression,SystemRequirements,Title,Type,URL,UseLTO,VignetteBuilder,ZipData,Path,X-CRAN-Comment,Published,Reverse depends,Reverse imports,Reverse linking to,Reverse suggests,Reverse enhances,Deadline,DOI,ind_ggplot_depend_import_suggest,ind_gg,ind_ggplot_in_description,ind_extension_in_description,ext_score
add2ggplot,0.3.0,NA,NA,"ggplot2, magrittr, RColorBrewer, magick, zeallot",NA,"knitr, rmarkdown",NA,MIT + file LICENSE,NA,NA,NA,NA,d86831650b1fcaf60764078e0f83e0b6,no,NA,"Jiaxiang Li [aut, cre] (<https://orcid.org/0000-0003-3196-6492>),
  Nakagawara Ryo [aut]","
    c(person(given = ""Jiaxiang"",
           family = ""Li"",
           role = c(""aut"", ""cre""),
           email = ""alex.lijiaxiang@foxmail.com"",
           comment = c(ORCID = ""https://orcid.org/0000-0003-3196-6492"")),
    person(given = ""Nakagawara"",
           family = ""Ryo"",
           role = c(""aut""),
           email = ""ryonakagawara@gmail.com""))",NA,https://github.com/JiaxiangBU/add2ggplot/issues,NA,NA,NA,NA,NA,NA,NA,NA,NA,NA,NA,NA,NA,NA,NA,NA,NA,2020-02-07 11:50:02 UTC,Create 'ggplot2' themes and color palettes.,UTF-8,NA,NA,true,NA,NA,NA,Jiaxiang Li <alex.lijiaxiang@foxmail.com>,NA,2020-01-27 07:03:24 UTC; lijiaxiang,NA,NA,NA,NA,Add to 'ggplot2',NA,https://github.com/JiaxiangBU/add2ggplot,NA,knitr,NA,NA,NA,2020-02-07,NA,NA,NA,NA,NA,NA,10.32614/CRAN.package.add2ggplot,TRUE,TRUE,TRUE,FALSE,2
adventr,0.1.8,NA,"R (>= 3.6.0), learnr","BayesFactor, boot, dplyr, car, effsize, effects, forcats,
GGally, ggplot2, Hmisc, lm.beta, nlme, readr, robust, sandwich,
sjstats, tidyr, WRS2",NA,"knitr, rmarkdown",NA,GPL-3,NA,NA,NA,NA,e693efb50579a01c5e8d9de42dbfb574,no,NA,"Andy Field [aut, cre]","person(""Andy"", ""Field"", email = ""andyf@sussex.ac.uk"", role = c(""aut"", ""cre""))",NA,NA,NA,NA,NA,NA,NA,NA,NA,NA,NA,NA,NA,NA,NA,NA,NA,NA,NA,2020-05-05 16:50:06 UTC,"Interactive 'R' tutorials written using 'learnr' for Field (2016), ""An Adventure in Statistics"", <ISBN:9781446210451>.
    Topics include general workflow in 'R' and 'Rstudio', the 'R' environment and 'tidyverse', summarizing data, model fitting, central tendency, 
    visualising data using 'ggplot2', inferential statistics and robust estimation, hypothesis testing, the general linear model, comparing means,
    repeated measures designs, factorial designs, multilevel models, growth models, and generalized linear models (logistic regression).",NA,NA,NA,true,NA,NA,NA,Andy Field <andyf@sussex.ac.uk>,NA,2020-05-01 09:28:52 UTC; andyfield,NA,NA,NA,NA,"Interactive R Tutorials to Accompany Field (2016), ""An Adventure
in Statistics""",Package,NA,NA,knitr,NA,NA,NA,2020-05-05,NA,NA,NA,NA,NA,NA,10.32614/CRAN.package.adventr,TRUE,FALSE,TRUE,FALSE,1
afcharts,0.4.1,NA,R (>= 3.5),"ggplot2, scales, cli, rlang, dplyr",NA,"ggtext, knitr, rmarkdown, tibble, tidyr, glue, purrr,
stringr, testthat (>= 2.1.0), plotly, gt, svglite (>= 2.1.2),
ragg (>= 1.2.6), gapminder, diffviewer, vdiffr",NA,MIT + file LICENSE,NA,NA,NA,NA,055841be66ebe371356557a00aa1b6a2,no,NA,"Crown Copyright [cph],
  Government Analysis Function [fnd],
  Alice Hannah [aut],
  Olivia Box Power [cre, ctb]","c(
    person(""Crown Copyright"", , , , role = c(""cph"")),
    person(""Government Analysis Function"", , , ""Analysis.Function@ons.gov.uk"", role = c(""fnd"")),
    person(""Alice"", ""Hannah"", , ""alice.hannah@gov.scot"", role = c(""aut"")),
    person(""Olivia"", ""Box Power"", , ""Olivia.BoxPower@dhsc.gov.uk"", role = c(""cre"", ""ctb""))
  )",NA,https://github.com/best-practice-and-impact/afcharts/issues,NA,NA,NA,NA,NA,NA,NA,NA,NA,NA,NA,NA,NA,NA,NA,NA,NA,2025-01-13 15:20:02 UTC,"Colour palettes and a 'ggplot2' theme to follow the UK Government
    Analysis Function best practice guidance for producing data visualisations,
    available at
    <https://analysisfunction.civilservice.gov.uk/policy-store/data-visualisation-charts/>.
    Includes continuous and discrete colour and fill scales, as well as a
    'ggplot2' theme.",UTF-8,NA,NA,true,NA,NA,NA,Olivia Box Power <Olivia.BoxPower@dhsc.gov.uk>,NA,2025-01-13 14:58:36 UTC; OBoxPower,NA,NA,NA,NA,"Produce Charts Following UK Government Analysis Function
Guidance",NA,"https://github.com/best-practice-and-impact/afcharts,
https://best-practice-and-impact.github.io/afcharts/",NA,knitr,NA,NA,NA,2025-01-13,NA,NA,NA,NA,NA,NA,10.32614/CRAN.package.afcharts,TRUE,FALSE,TRUE,FALSE,1
afex,1.4-1,NA,"R (>= 3.5.0), lme4 (>= 1.1-8)","pbkrtest (>= 0.4-1), lmerTest (>= 3.0-0), car, reshape2,
stats, methods, utils",NA,"emmeans (>= 1.4), coin, xtable, parallel, plyr, optimx,
nloptr, knitr, rmarkdown, R.rsp, lattice, latticeExtra,
multcomp, testthat, mlmRev, dplyr, tidyr, dfoptim, Matrix,
psychTools, ggplot2, MEMSS, effects, carData, ggbeeswarm, nlme,
cowplot, jtools, ggpubr, ggpol, MASS, glmmTMB, brms, rstanarm,
statmod, performance (>= 0.7.2), see (>= 0.6.4), ez,
ggResidpanel, grid, vdiffr",NA,GPL (>= 2),NA,NA,NA,NA,20851164a80cc5246248813c05449da8,no,NA,"Henrik Singmann [aut, cre] (<https://orcid.org/0000-0002-4842-3657>),
  Ben Bolker [aut],
  Jake Westfall [aut],
  Frederik Aust [aut] (<https://orcid.org/0000-0003-4900-788X>),
  Mattan S. Ben-Shachar [aut],
  Søren Højsgaard [ctb],
  John Fox [ctb],
  Michael A. Lawrence [ctb],
  Ulf Mertens [ctb],
  Jonathon Love [ctb],
  Russell Lenth [ctb],
  Rune Haubo Bojesen Christensen [ctb]","c(person(given=""Henrik"", family=""Singmann"", role=c(""aut"", ""cre""),
          email=""singmann@gmail.com"", comment=c(ORCID=""0000-0002-4842-3657"")),
         person(given=""Ben"", family=""Bolker"", role=c(""aut"")), 
         person(given=""Jake"",family=""Westfall"", role=c(""aut"")), 
         person(given=""Frederik"", family=""Aust"", role=c(""aut""), 
          comment = c(ORCID = ""0000-0003-4900-788X"")),
         person(given=""Mattan S."",family=""Ben-Shachar"", role=c(""aut"")), 
         person(given=""Søren"", family=""Højsgaard"", role=c(""ctb"")),
         person(given=""John"", family=""Fox"", role=c(""ctb"")), 
         person(given=""Michael A."", family=""Lawrence"", role=c(""ctb"")), 
         person(given=""Ulf"", family=""Mertens"", role=c(""ctb"")), 
         person(given=""Jonathon"", family=""Love"", role=c(""ctb"")), 
         person(given=""Russell"", family=""Lenth"", role=c(""ctb"")), 
         person(given=""Rune"", family=""Haubo Bojesen Christensen"", role=c(""ctb"")))",NA,https://github.com/singmann/afex/issues,NA,NA,NA,NA,NA,NA,NA,NA,NA,NA,NA,NA,NA,NA,NA,NA,NA,2024-09-01 16:10:02 UTC,"Convenience functions for analyzing factorial experiments using ANOVA or
         mixed models. aov_ez(), aov_car(), and aov_4() allow specification of
         between, within (i.e., repeated-measures), or mixed (i.e., split-plot) 
         ANOVAs for data in long format (i.e., one observation per row),
         automatically aggregating multiple observations per individual and cell 
         of the design. mixed() fits mixed models using lme4::lmer() and computes 
         p-values for all fixed effects using either Kenward-Roger or Satterthwaite 
         approximation for degrees of freedom (LMM only), parametric bootstrap 
         (LMMs and GLMMs), or likelihood ratio tests (LMMs and GLMMs). 
         afex_plot() provides a high-level interface for interaction or one-way 
         plots using ggplot2, combining raw data and model estimates. afex uses 
         type 3 sums of squares as default (imitating commercial statistical software).",UTF-8,NA,NA,true,NA,NA,NA,Henrik Singmann <singmann@gmail.com>,NA,2024-09-01 13:47:00 UTC; singm,NA,NA,NA,NA,Analysis of Factorial Experiments,Package,"https://afex.singmann.science/, https://github.com/singmann/afex",NA,"knitr, R.rsp",NA,NA,NA,2024-09-01,AOboot,"BiostatsUHNplus, bruceR, fullfact, jmv, pwr2ppl, r2glmm, statsExpressions, Superpower",NA,"apa, designr, effectsize, ggeffects, ggstatsplot, insight, marginaleffects, papaja, parameters, performance, prmisc, standardize, tidystats, TOSTER",NA,NA,10.32614/CRAN.package.afex,TRUE,FALSE,TRUE,FALSE,1
agricolaeplotr,0.6.1,NA,R (>= 4.0),"ggplot2, agricolae, raster, sp (>= 2.0.0), methods, FielDHub,
utils, tibble, sf, dplyr, tidyr, stringr, stplanr, ggspatial",NA,"testthat (>= 3.0.0), knitr, rmarkdown, leaflet",NA,GPL (>= 3),NA,NA,NA,NA,9a96336c3487dc850f2bff6d3f93598c,no,NA,"Jens Harbers [aut, cre] (<https://orcid.org/0000-0001-6634-623X>)","
    person(family=""Harbers"", given=""Jens"", email=""jensharbers@gmail.com"", role=c(""aut"",""cre""),
           comment = c(ORCID = ""0000-0001-6634-623X""))",NA,https://github.com/jensharbers/agricolaeplotr/issues,NA,NA,NA,NA,NA,NA,NA,NA,NA,NA,NA,NA,NA,NA,NA,NA,NA,2025-01-30 16:50:02 UTC,"Visualization of Design of Experiments from the 'agricolae' package with 'ggplot2' framework
    The user provides an experiment design from the 'agricolae' package, calls the corresponding function and will receive a 
    visualization with 'ggplot2' based functions that are specific for each design. As there are many different designs, each design is tested on its type.
    The output can be modified with standard 'ggplot2' commands or with other packages with 'ggplot2' function extensions.",UTF-8,NA,en-US,NA,NA,NA,NA,Jens Harbers <jensharbers@gmail.com>,'None',2025-01-30 16:18:08 UTC; Jens Harbers,NA,NA,NA,NA,"Visualization of Design of Experiments from the 'agricolae'
Package",Package,https://github.com/jensharbers/agricolaeplotr,NA,knitr,NA,NA,NA,2025-01-30,NA,NA,NA,NA,NA,NA,10.32614/CRAN.package.agricolaeplotr,TRUE,FALSE,TRUE,TRUE,2
AlleleShift,1.1-2,NA,R (>= 4.1.0),"vegan (>= 2.6-4), BiodiversityR (>= 2.15-4), adegenet",NA,"poppr, mgcv, dplyr, ggplot2, GGally, ggforce, ggrepel, ggsci,
gggibbous, gganimate, patchwork",NA,GPL-3,NA,NA,NA,NA,cc881c2995d5654dde2224124c4f8ec0,no,NA,"Roeland Kindt [cre, aut] (<https://orcid.org/0000-0002-7672-0712>)","
    c(person(given = ""Roeland"",
             family = ""Kindt"",
             role = c(""cre"", ""aut""),
             email = ""RoelandCEKindt@gmail.com"",
             comment = c(ORCID = ""0000-0002-7672-0712"")))",NA,NA,NA,NA,NA,NA,NA,NA,NA,NA,NA,NA,NA,NA,NA,NA,NA,NA,2023-10-28,2023-10-28 21:50:12 UTC,"Methods (<doi:10.7717/peerj.11534>) are provided of calibrating and predicting shifts in allele frequencies through redundancy analysis ('vegan::rda()') and generalized additive models ('mgcv::gam()'). Visualization functions for predicted changes in allele frequencies include 'shift.dot.ggplot()', 'shift.pie.ggplot()', 'shift.moon.ggplot()', 'shift.waffle.ggplot()' and 'shift.surf.ggplot()' that are made with input data sets that are prepared by helper functions for each visualization method. Examples in the documentation show how to prepare animated climate change graphics through a time series with the 'gganimate' package. Function 'amova.rda()' shows how Analysis of Molecular Variance can be directly conducted with the results from redundancy analysis.",NA,NA,NA,NA,NA,NA,NA,Roeland Kindt <RoelandCEKindt@gmail.com>,NA,2023-10-28 16:17:49 UTC; RKINDT,NA,NA,NA,NA,"Predict and Visualize Population-Level Changes in Allele
Frequencies in Response to Climate Change",Package,NA,NA,NA,NA,NA,NA,2023-10-28,NA,NA,NA,NA,NA,NA,10.32614/CRAN.package.AlleleShift,TRUE,FALSE,TRUE,FALSE,1
aplotExtra,0.0.3,NA,R (>= 4.1.0),"aplot (>= 0.2.3), dplyr, forcats, ggfun (>= 0.1.1), ggplot2,
grid, maftools, purrr, rlang, tibble, tidyr, utils, ggstar,
yulab.utils (>= 0.0.8)",NA,"ggtree, data.table, RColorBrewer, R.utils",NA,Artistic-2.0,NA,NA,NA,NA,f28f41dc8dfe053f7551c7e0fb61e034,no,NA,"Guangchuang Yu [aut, cre] (<https://orcid.org/0000-0002-6485-8781>),
  Shuangbin Xu [ctb] (<https://orcid.org/0000-0003-3513-5362>),
  Chun-Hui Gao [ctb] (<https://orcid.org/0000-0002-1445-7939>),
  Shensuo Li [ctb] (<https://orcid.org/0009-0006-3229-3700>)","c(
    person(given = ""Guangchuang"", family = ""Yu"", email = ""guangchuangyu@gmail.com"",   role  = c(""aut"", ""cre""), comment = c(ORCID = ""0000-0002-6485-8781"")),
    person(""Shuangbin"", ""Xu"", email = ""xshuangbin@163.com"", role = ""ctb"", comment = c(ORCID=""0000-0003-3513-5362"")),
    person(""Chun-Hui"",""Gao"", email=""gaospecial@gmail.com"", role= ""ctb"", comment=c(ORCID = ""0000-0002-1445-7939"")),
    person(""Shensuo"",""Li"", email=""lishensuo@163.com"", role= ""ctb"", comment=c(ORCID = ""0009-0006-3229-3700""))
    )",NA,NA,NA,NA,NA,NA,NA,NA,NA,NA,NA,NA,NA,NA,NA,NA,NA,NA,NA,2024-12-17 08:30:13 UTC,"Many complex plots are actually composite plots, such as 'oncoplot', 'funkyheatmap', 'upsetplot', etc. We can produce subplots using 'ggplot2' and combine them to create composite plots using 'aplot'. In this way, it is easy to customize these complex plots, by adding, deleting or modifying subplots in the final plot. This package provides a set of utilities to help users to create subplots and complex plots.",UTF-8,NA,NA,NA,NA,NA,NA,Guangchuang Yu <guangchuangyu@gmail.com>,NA,2024-12-17 08:06:40 UTC; HUAWEI,NA,NA,NA,NA,Creating Composite Plots using 'aplot',NA,https://github.com/YuLab-SMU/aplotExtra,NA,NA,NA,NA,NA,2024-12-17,NA,NA,NA,NA,NA,NA,10.32614/CRAN.package.aplotExtra,TRUE,FALSE,TRUE,FALSE,1
apyramid,0.1.3,NA,R (>= 3.2.0),"ggplot2 (>= 3.0.0), tidyselect, rlang, forcats (>= 1.0.0),
dplyr, scales, glue",NA,"testthat (>= 2.1.0), survey, srvyr, vdiffr, covr, outbreaks,
knitr, rmarkdown",NA,GPL-3,NA,NA,NA,NA,e98f101ce04844f3bbf40948107dc4bb,no,NA,"Zhian N. Kamvar [aut, cre] (<https://orcid.org/0000-0003-1458-7108>),
  Alex Spina [ctb]","c(
    person(given = ""Zhian N."",
           family = ""Kamvar"",
           role = c(""aut"", ""cre""),
           email = ""zkamvar@gmail.com"",
           comment = c(ORCID = ""0000-0003-1458-7108"")),
    person(given = ""Alex"",
           family = ""Spina"",
           role = c(""ctb"")))",NA,https://github.com/R4EPI/apyramid/issues,NA,NA,NA,NA,NA,NA,NA,NA,NA,NA,NA,NA,NA,NA,NA,NA,NA,2023-02-14 17:30:02 UTC,"Provides a quick method for visualizing non-aggregated line-list
    or aggregated census data stratified by age and one or two categorical
    variables (e.g. gender and health status) with any number of values. It
    returns a 'ggplot' object, allowing the user to further customize the
    output. This package is part of the 'R4Epis' project 
    <https://r4epis.netlify.app/>.",UTF-8,NA,NA,true,NA,NA,NA,Zhian N. Kamvar <zkamvar@gmail.com>,NA,2023-02-14 17:09:42 UTC; zhian,NA,NA,NA,NA,Visualize Population Pyramids Aggregated by Age,NA,"https://github.com/R4EPI/apyramid, https://r4epis.netlify.app/",NA,knitr,NA,NA,NA,2023-02-14,NA,NA,NA,NA,NA,NA,10.32614/CRAN.package.apyramid,TRUE,FALSE,TRUE,FALSE,1
arrowheadr,1.0.1,NA,R (>= 2.10),"bezier, graphics, grDevices, purrr, stats",NA,"ggarrow, testthat (>= 3.0.0)",NA,CC0,NA,NA,NA,NA,aa6ad73278db3fc00d38d3217a1e447b,no,NA,"W. Joel Schneider [aut, cre] (<https://orcid.org/0000-0002-8393-5316>)","
    person(""W. Joel"", ""Schneider"", , ""w.joel.schneider@gmail.com"", role = c(""aut"", ""cre""),
           comment = c(ORCID = ""0000-0002-8393-5316""))",NA,https://github.com/wjschne/arrowheadr/issues,NA,NA,NA,NA,NA,NA,NA,NA,NA,NA,NA,NA,NA,NA,NA,NA,NA,2024-06-10 17:00:05 UTC,"The 'ggarrow' package is a 'ggplot2' extension that plots
    a variety of different arrow segments with many options to customize. 
    The 'arrowheadr' package makes it easy to create custom arrowheads 
    and fins within the parameters that 'ggarrow' functions expect. It 
    has preset arrowheads and a collection of functions to create and 
    transform data for customizing arrows.",UTF-8,NA,NA,NA,NA,NA,NA,W. Joel Schneider <w.joel.schneider@gmail.com>,NA,2024-06-07 14:49:54 UTC; renee,NA,NA,NA,NA,Make Custom Arrowheads,Package,"https://github.com/wjschne/arrowheadr,
https://wjschne.github.io/arrowheadr/",NA,NA,NA,NA,NA,2024-06-10,NA,NA,NA,NA,NA,NA,10.32614/CRAN.package.arrowheadr,TRUE,FALSE,TRUE,TRUE,2
artpack,0.1.0,NA,NA,"cli, dplyr (>= 1.0.8), grDevices, knitr, purrr (>= 0.3.4),
rlang, stringr (>= 1.5.0), tibble (>= 3.1.6)",NA,"covr, rmarkdown, spelling, testthat (>= 3.0.0), ggplot2 (>=
3.4.2), withr",NA,MIT + file LICENSE,NA,NA,NA,NA,a0b056c7bd5c1342cad3aca3b2441835,no,NA,"Meghan Harris [aut, cre] (<https://orcid.org/0000-0003-3922-8101>)","
    person(""Meghan"", ""Harris"", , ""meghanha01@gmail.com"", role = c(""aut"", ""cre""),
           comment = c(ORCID = ""0000-0003-3922-8101""))",NA,https://github.com/Meghansaha/artpack/issues,NA,NA,NA,NA,NA,NA,NA,NA,NA,NA,NA,NA,NA,NA,NA,NA,NA,2023-08-24 09:00:02 UTC,"Create data that displays generative art when mapped into a 'ggplot2' plot. Functionality includes specialized data frame creation for geometric shapes, tools that define artistic color palettes, tools for geometrically transforming data, and other miscellaneous tools that are helpful when using 'ggplot2' for generative art.",UTF-8,NA,en-US,NA,NA,NA,NA,Meghan Harris <meghanha01@gmail.com>,NA,2023-08-23 17:55:33 UTC; megha,NA,NA,NA,NA,Creates Generative Art Data,NA,https://meghansaha.github.io/artpack/,NA,knitr,NA,NA,NA,2023-08-24,NA,NA,NA,NA,NA,NA,10.32614/CRAN.package.artpack,TRUE,FALSE,TRUE,FALSE,1
aRtsy,1.0.0,NA,NA,"ambient, e1071, ggplot2 (>= 3.4.0), kknn, randomForest, Rcpp,
scales, stats","Rcpp, RcppArmadillo",testthat (>= 3.0.0),NA,GPL (>= 3),NA,NA,NA,NA,164f8bad861d6b6057e3d32164026add,yes,NA,"Koen Derks [aut, cre]","
    person(given = ""Koen"",
           family = ""Derks"",
           role = c(""aut"", ""cre""),
           email = ""koen-derks@hotmail.com"")",NA,https://github.com/koenderks/aRtsy/issues,NA,NA,NA,NA,NA,NA,NA,NA,NA,NA,NA,NA,NA,NA,NA,NA,2024-11-05,2024-11-06 08:50:10 UTC,Provides algorithms for creating artworks in the 'ggplot2' language that incorporate some form of randomness.,UTF-8,NA,en-US,NA,NA,NA,NA,Koen Derks <koen-derks@hotmail.com>,NA,2024-11-06 08:19:18 UTC; koenderks,NA,NA,NA,NA,Generative Art with 'ggplot2',NA,"https://koenderks.github.io/aRtsy/,
https://github.com/koenderks/aRtsy,
https://twitter.com/aRtsy_package,
https://botsin.space/web/@aRtsy_package",NA,NA,NA,NA,NA,2024-11-06,NA,NA,NA,"affiner, gridpattern",NA,NA,10.32614/CRAN.package.aRtsy,TRUE,FALSE,TRUE,FALSE,1
AutoAds,0.1.0,NA,NA,"forecast, ggplot2, rlang",NA,NA,NA,MIT + file LICENSE,NA,NA,NA,NA,fec12cbec66f9a7bff270bee4aa01ffc,no,NA,"Ivan Nemtsev [aut, cre, cph]","person(""Ivan"", ""Nemtsev"", email = ""nemtsev.v@gmail.com"", role = c(""aut"", ""cre"", ""cph""))",NA,NA,NA,NA,NA,NA,NA,NA,NA,NA,NA,NA,NA,NA,NA,NA,NA,NA,NA,2023-07-08 17:50:02 UTC,"Calculations of the most common metrics of automated advertisement and plotting of them with trend and forecast. Calculations and description of metrics is taken from different RTB platforms support documentation. Plotting and forecasting is based on packages 'forecast', described in Rob J Hyndman and George Athanasopoulos (2021) ""Forecasting: Principles and Practice"" <https://otexts.com/fpp3/> and Rob J Hyndman et al ""Documentation for 'forecast'"" (2003) <https://pkg.robjhyndman.com/forecast/>, and 'ggplot2', described in Hadley Wickham et al ""Documentation for 'ggplot2'"" (2015) <https://ggplot2.tidyverse.org/>, and Hadley Wickham, Danielle Navarro, and Thomas Lin Pedersen (2015) ""ggplot2: Elegant Graphics for Data Analysis"" <https://ggplot2-book.org/>.",UTF-8,NA,NA,NA,NA,NA,NA,Ivan Nemtsev <nemtsev.v@gmail.com>,NA,2023-07-08 11:44:28 UTC; moki,NA,NA,NA,NA,Advertisement Metrics Calculation,Package,NA,NA,NA,NA,NA,NA,2023-07-08,NA,NA,NA,NA,NA,NA,10.32614/CRAN.package.AutoAds,TRUE,FALSE,TRUE,FALSE,1
autoplotly,0.1.4,NA,R (>= 3.1),"methods, ggplot2, plotly, ggfortify",NA,"testthat, knitr, markdown",NA,GPL-2,NA,NA,NA,NA,429b44007c4d2f46a6944b7bcf79067a,no,NA,"Yuan Tang [aut, cre] (<https://orcid.org/0000-0001-5243-233X>)","person(""Yuan"", ""Tang"", role = c(""aut"", ""cre""),
                  email = ""terrytangyuan@gmail.com"",
                  comment = c(ORCID = ""0000-0001-5243-233X""))",NA,https://github.com/terrytangyuan/autoplotly/issues,NA,NA,NA,NA,NA,NA,NA,NA,NA,NA,NA,NA,NA,NA,NA,NA,NA,2021-04-18 06:50:11 UTC,"Functionalities to automatically generate interactive visualizations for
             statistical results supported by 'ggfortify', such as time series, PCA,
             clustering and survival analysis, with 'plotly.js' <https://plotly.com/>  and
             'ggplot2' style. The generated visualizations can also be easily extended
             using 'ggplot2' and 'plotly' syntax while staying interactive.",UTF-8,NA,NA,NA,NA,NA,NA,Yuan Tang <terrytangyuan@gmail.com>,NA,2021-04-18 02:05:06 UTC; yuan.tang,NA,NA,NA,NA,"Automatic Generation of Interactive Visualizations for
Statistical Results",Package,https://github.com/terrytangyuan/autoplotly,NA,knitr,NA,NA,NA,2021-04-18,NA,NA,NA,NA,NA,NA,10.32614/CRAN.package.autoplotly,TRUE,FALSE,TRUE,FALSE,1
baggr,0.7.8,NA,"R (>= 3.5.0), Rcpp (>= 0.12.17)","rstan (>= 2.26.0), rstantools (>= 2.1.1), bayesplot, crayon,
forestplot, ggplot2, ggplotify, ggrepel, gridExtra, utils,
stats, testthat, methods","StanHeaders (>= 2.26.0), rstan (>= 2.26.0), BH (>=
1.66.0-1), Rcpp (>= 0.12.17), RcppParallel (>= 5.0.1),
RcppEigen (>= 0.3.3.4.0)","knitr, covr, rmarkdown",NA,GPL (>= 3),NA,NA,NA,NA,40cf3532f867d324d19eedf26883a24b,yes,NA,"Witold Wiecek [cre, aut],
  Rachael Meager [aut],
  Brice Green [ctb] (loo_compare, many visuals),
  Danny Toomey [ctb] (many bug fixes),
  Trustees of Columbia University [cph] (package skeleton)","c(person(""Witold"", ""Wiecek"", email = ""witold.wiecek@gmail.com"", role = c(""cre"", ""aut"")), 
             person(""Rachael"", ""Meager"", role=""aut""),
             person(""Brice"", ""Green"", role=""ctb"", comment = ""loo_compare, many visuals""),
             person(""Danny"", ""Toomey"", role=""ctb"", comment = ""many bug fixes""),
             person(""Trustees of"", ""Columbia University"", role = ""cph"", comment = ""package skeleton""))",true,https://github.com/wwiecek/baggr/issues,NA,NA,NA,NA,NA,NA,NA,NA,NA,NA,NA,NA,NA,NA,NA,NA,NA,2024-02-12 18:20:02 UTC,"Running and comparing meta-analyses of data with hierarchical 
    Bayesian models in Stan, including convenience functions for formatting
    data, plotting and pooling measures specific to meta-analysis. This implements many models
    from Meager (2019) <doi:10.1257/app.20170299>.",UTF-8,NA,en-GB,true,NA,NA,NA,Witold Wiecek <witold.wiecek@gmail.com>,NA,2024-02-12 16:59:36 UTC; waw,NA,NA,NA,GNU make,Bayesian Aggregate Treatment Effects,Package,https://github.com/wwiecek/baggr,NA,knitr,NA,NA,NA,2024-02-12,NA,NA,NA,NA,NA,NA,10.32614/CRAN.package.baggr,TRUE,TRUE,FALSE,FALSE,1
BGGM,2.1.5,NA,R (>= 4.0.0),"BFpack (>= 1.2.3), GGally (>= 1.4.0), ggplot2 (>= 3.2.1),
ggridges (>= 0.5.1), grDevices, MASS (>= 7.3-51.5), methods,
mvnfast (>= 0.2.5), network (>= 1.15), reshape (>= 0.8.8), Rcpp
(>= 1.0.4.6), Rdpack (>= 0.11-1), sna (>= 2.5), stats, utils,","Rcpp, RcppArmadillo, RcppDist, RcppProgress","abind (>= 1.4-5), assortnet (>= 0.12), networktools (>=
1.3.0), mice (>= 3.8.0), psych, knitr, rmarkdown, testthat (>=
3.0.0)",NA,GPL-2,NA,NA,NA,NA,c5f52144b0badf09d3edfff2169ad5ef,yes,NA,"Donald Williams [aut],
  Joris Mulder [aut],
  Philippe Rast [aut, cre]","c(person(""Donald"", ""Williams"", email = ""drwwilliams@ucdavis.edu"", role = ""aut""),
             person(""Joris"", ""Mulder"", email = ""J.Mulder3@uvt.nl"", role = ""aut""),
	     person(""Philippe"", ""Rast"", email = ""rast.ph@gmail.com"", role = c(""aut"", ""cre"")))",NA,https://github.com/donaldRwilliams/BGGM/issues,NA,NA,NA,NA,NA,NA,NA,NA,NA,NA,NA,NA,NA,NA,NA,NA,2024-12-22,2024-12-22 21:40:02 UTC,"Fit Bayesian Gaussian graphical models. The methods are separated into 
    two Bayesian approaches for inference: hypothesis testing and estimation. There are 
    extensions for confirmatory hypothesis testing, comparing Gaussian graphical models, 
    and node wise predictability. These methods were recently introduced in the Gaussian 
    graphical model literature, including 
    Williams (2019) <doi:10.31234/osf.io/x8dpr>, 
    Williams and Mulder (2019) <doi:10.31234/osf.io/ypxd8>,
    Williams, Rast, Pericchi, and Mulder (2019) <doi:10.31234/osf.io/yt386>.",UTF-8,NA,NA,true,NA,NA,NA,Philippe Rast <rast.ph@gmail.com>,NA,2024-12-22 20:51:33 UTC; philippe,Rdpack,NA,NA,NA,Bayesian Gaussian Graphical Models,Package,https://donaldrwilliams.github.io/BGGM/,NA,knitr,NA,NA,NA,2024-12-22,NA,easybgm,NA,NA,NA,NA,10.32614/CRAN.package.BGGM,TRUE,TRUE,FALSE,TRUE,2
biscale,1.0.0,NA,R (>= 3.5),"classInt, ggplot2, stats, utils",NA,"covr, cowplot, knitr, rmarkdown, sf, testthat",NA,GPL-3,NA,NA,NA,NA,f039f97946a722604fdfddc26230283f,no,NA,"Christopher Prener [aut, cre] (<https://orcid.org/0000-0002-4310-9888>),
  Timo Grossenbacher [aut],
  Angelo Zehr [aut],
  Joshua Stevens [ctb]","c(
    person(""Christopher"", ""Prener"", , ""chris.prener@gmail.com"", c(""aut"", ""cre""),
    comment = c(ORCID = ""0000-0002-4310-9888"")),
    person(""Timo"", ""Grossenbacher"", , role = ""aut""),
    person(""Angelo"", ""Zehr"", , role = ""aut""),
    person(""Joshua"", ""Stevens"", , role = ""ctb""))",NA,https://github.com/chris-prener/biscale/issues,NA,NA,NA,NA,NA,NA,NA,NA,NA,NA,NA,NA,NA,NA,NA,NA,NA,2022-05-27 08:40:09 UTC,"Provides a 'ggplot2' centric approach to bivariate mapping. This is a 
    technique that maps two quantities simultaneously rather than the single value 
    that most thematic maps display. The package provides a suite of tools 
    for calculating breaks using multiple different approaches, a selection of 
    palettes appropriate for bivariate mapping and scale functions for 'ggplot2' 
    calls that adds those palettes to maps. Tools for creating bivariate legends 
    are also included.",UTF-8,NA,NA,true,NA,NA,NA,Christopher Prener <chris.prener@gmail.com>,NA,2022-05-26 18:11:15 UTC; chris,NA,NA,NA,NA,Tools and Palettes for Bivariate Thematic Mapping,Package,https://chris-prener.github.io/biscale/,NA,knitr,NA,NA,NA,2022-05-27,NA,NA,NA,palettes,NA,NA,10.32614/CRAN.package.biscale,TRUE,FALSE,TRUE,FALSE,1
BlandAltmanLeh,0.3.1,NA,NA,NA,NA,"ggplot2, knitr, ggExtra",NA,GPL,NA,NA,NA,NA,50d200b7bd2d9634112aaa9e49effd2d,no,NA,Bernhard Lehnert,NA,NA,NA,NA,NA,NA,NA,NA,NA,NA,NA,NA,NA,NA,NA,NA,NA,NA,NA,2015-12-20,2015-12-23 23:32:17,"Bland-Altman Plots using either base graphics or ggplot2,
    augmented with confidence intervals, with detailed return values and
    a sunflowerplot option for data with ties.",NA,NA,NA,NA,NA,NA,NA,Bernhard Lehnert <bernhard.lehnert@uni-greifswald.de>,NA,2015-12-23 13:34:58 UTC; Bernhard,NA,NA,NA,NA,Plots (Slightly Extended) Bland-Altman Plots,Package,NA,NA,knitr,NA,NA,NA,2015-12-23,NA,"sistmr, spiky",NA,NA,NA,NA,10.32614/CRAN.package.BlandAltmanLeh,TRUE,FALSE,TRUE,FALSE,1
blastula,0.3.5,NA,R (>= 3.6),"base64enc (>= 0.1-3), commonmark (>= 1.7), curl (>= 5.2),
digest, dplyr (>= 1.1.0), fs (>= 1.3.1), getPass (>= 0.2-2),
here (>= 1.0.0), htmltools (>= 0.5.7), httr (>= 1.4.0),
jsonlite (>= 1.8.0), magrittr (>= 1.5), mime (>= 0.6), rlang
(>= 1.0), rmarkdown, stringr (>= 1.4.0), uuid (>= 0.1-2)",NA,"covr, ggplot2, glue, testthat (>= 3.0.0), keyring, knitr,
xml2, openxlsx, withr",NA,MIT + file LICENSE,NA,NA,NA,NA,c81fa26cabb15e01b9c7e1346802cb6e,no,NA,"Richard Iannone [aut, cre] (<https://orcid.org/0000-0003-3925-190X>),
  Joe Cheng [aut],
  Jeroen Ooms [ctb] (<https://orcid.org/0000-0002-4035-0289>),
  Ted Goas [cph] (cerberus-meta.html),
  Posit Software, PBC [cph, fnd]","c(
    person(""Richard"", ""Iannone"", role = c(""aut"", ""cre""), email = ""rich@posit.co"",
           comment = c(ORCID = ""0000-0003-3925-190X"")),
    person(""Joe"", ""Cheng"", role = ""aut"", email = ""joe@posit.co""),
    person(""Jeroen"", ""Ooms"", role = ""ctb"", email = ""jeroen@berkeley.edu"",
           comment = c(ORCID = ""0000-0002-4035-0289"")),
    person(""Ted"", ""Goas"", role = ""cph"", comment = ""cerberus-meta.html""),
    person(""Posit Software, PBC"", role = c(""cph"", ""fnd""))
    )",NA,https://github.com/rstudio/blastula/issues,NA,NA,NA,NA,NA,NA,NA,NA,NA,NA,NA,NA,NA,NA,NA,NA,NA,2024-02-24 21:30:03 UTC,"Compose and send out responsive HTML email messages that render
    perfectly across a range of email clients and device sizes. Helper functions
    let the user insert embedded images, web link buttons, and 'ggplot2' plot
    objects into the message body. Messages can be sent through an 'SMTP'
    server, through the 'RStudio Connect' service, or through the 'Mailgun' API
    service <https://www.mailgun.com/>.",UTF-8,NA,en-US,NA,NA,NA,NA,Richard Iannone <rich@posit.co>,NA,2024-02-24 21:09:15 UTC; riannone,NA,NA,NA,pandoc (>= 1.12.3) - http://pandoc.org,Easily Send HTML Email Messages,Package,"https://github.com/rstudio/blastula,
https://pkgs.rstudio.com/blastula/",NA,NA,NA,NA,NA,2024-02-24,NA,"moodef, pointblank",NA,"BiocPkgTools, labeleR, Microsoft365R",NA,NA,10.32614/CRAN.package.blastula,TRUE,FALSE,TRUE,FALSE,1
bmggum,0.1.0,NA,R (>= 3.4.0),"methods, Rcpp (>= 0.12.0), RcppParallel (>= 5.0.1), rstan (>=
2.18.1), rstantools (>= 2.1.1), edstan, ggplot2, GGUM, loo,
stats","BH (>= 1.66.0), Rcpp (>= 0.12.0), RcppEigen (>= 0.3.3.3.0),
RcppParallel (>= 5.0.1), rstan (>= 2.18.1), StanHeaders (>=
2.18.0)","knitr, rmarkdown",NA,GPL (>= 3),NA,NA,NA,NA,285740666f913e9655a5975452e7e00d,yes,NA,"Naidan Tu [aut, cre],
  Bo Zhang [aut]","
    c(person(given = ""Naidan"",
           family = ""Tu"",
           role = c(""aut"", ""cre""),
           email = ""naidantu@usf.edu""),
      person(given = ""Bo"",
           family = ""Zhang"",
           role = c(""aut""),
           email = ""bozhang3065@gmail.com""))",true,https://github.com/Naidantu/bmggum/issues,NA,NA,NA,NA,NA,NA,NA,NA,NA,NA,NA,NA,NA,NA,NA,NA,2021-4-8,2021-04-09 08:50:06 UTC,"Full Bayesian estimation of Multidimensional Generalized Graded Unfolding Model (MGGUM) using 'rstan' (See Stan Development Team (2020) <https://mc-stan.org/>).
    Functions are provided for estimation, result extraction, model fit statistics, and plottings.",UTF-8,NA,NA,NA,NA,NA,NA,Naidan Tu <naidantu@usf.edu>,NA,2021-04-08 14:16:41 UTC; NaidanTu,NA,NA,NA,GNU make,Bayesian Multidimensional Generalized Graded Unfolding Model,NA,https://github.com/Naidantu/bmggum,NA,knitr,NA,NA,NA,2021-04-09,NA,NA,NA,NA,NA,NA,10.32614/CRAN.package.bmggum,TRUE,TRUE,FALSE,FALSE,1
braidReports,1.0.1,NA,"braidrm (>= 1.0.0), ggplot2, R (>= 3.0)","basicdrm, cowplot, grid, gtable, scales, utils",NA,"knitr, rmarkdown",NA,GPL (>= 3),NA,NA,NA,NA,cb9fde648d596dd20791a684412e867b,no,NA,"Anang Shelat [aut],
  Nathaniel R. Twarog [aut, cre]","c(
    person(""Anang"", ""Shelat"", email = ""anang.shelat@stjude.org"", role = c(""aut"")),
    person(""Nathaniel R."", ""Twarog"", , email =""nathaniel.twarog@stjude.org"", role = c(""aut"", ""cre"")))",NA,NA,NA,NA,NA,NA,NA,NA,NA,NA,NA,NA,NA,NA,NA,NA,NA,NA,NA,2024-09-29 22:40:11 UTC,"Provides functions to visualize combined action data in 'ggplot2'.
    Also provides functions for producing full BRAID analysis reports with 
    custom layouts and aesthetics, using the BRAID method originally described 
    in Twarog et al. (2016) <doi:10.1038/srep25523>.",UTF-8,NA,NA,true,NA,NA,NA,Nathaniel R. Twarog <nathaniel.twarog@stjude.org>,NA,2024-09-29 14:54:40 UTC; ntwarog,NA,NA,NA,NA,"Visualize Combined Action Response Surfaces and Report BRAID
Analyses",NA,NA,NA,knitr,NA,NA,NA,2024-09-29,NA,NA,NA,braidrm,NA,NA,10.32614/CRAN.package.braidReports,TRUE,FALSE,TRUE,FALSE,1
brolgar,1.0.1,NA,R (>= 3.5.0),"dplyr (>= 0.8.3), fabletools, ggplot2 (>= 3.2.0), glue (>=
1.3.1), magrittr (>= 1.5), purrr (>= 0.3.2), rlang (>= 0.4.0),
stats, tibble (>= 2.1.3), tidyr (>= 0.8.3), tsibble (>= 0.8.2),
vctrs",NA,"gapminder, gghighlight (>= 0.1.0), knitr (>= 1.23), Matrix
(>= 1.6-5), lme4, modelr, rmarkdown (>= 1.14), spelling (>=
2.1), testthat (>= 3.0.0), tsibbledata, vdiffr (>= 0.3.1)",NA,MIT + file LICENSE,NA,NA,NA,NA,12eef4d4b107ebcce0091803ebc613dd,no,NA,"Nicholas Tierney [aut, cre] (<https://orcid.org/0000-0003-1460-8722>),
  Di Cook [aut] (<https://orcid.org/0000-0002-3813-7155>),
  Tania Prvan [aut],
  Stuart Lee [ctb],
  Earo Wang [ctb]","
    c(person(given = ""Nicholas"",
             family = ""Tierney"",
             role = c(""aut"", ""cre""),
             email = ""nicholas.tierney@gmail.com"",
             comment = c(ORCID = ""https://orcid.org/0000-0003-1460-8722"")),
      person(given = ""Di"",
             family = ""Cook"",
             role = ""aut"",
             email = ""dicook@monash.edu"",
             comment = c(ORCID = ""https://orcid.org/0000-0002-3813-7155"")),
      person(given = ""Tania"",
             family = ""Prvan"",
             role = ""aut"",
             email = ""tania.prvan@mq.edu.au""),
      person(given = ""Stuart"",
             family = ""Lee"",
             role = ""ctb""),
      person(given = ""Earo"",
             family = ""Wang"",
             role = ""ctb""))",NA,https://github.com/njtierney/brolgar/issues,NA,NA,NA,NA,NA,NA,NA,NA,NA,NA,NA,NA,NA,NA,NA,NA,NA,2024-05-10 14:50:34 UTC,"Provides a framework of tools to summarise, visualise, and explore 
  longitudinal data. It builds upon the tidy time series data frames used in the
  'tsibble' package, and is designed to integrate within the 'tidyverse', and
  'tidyverts' (for time series) ecosystems. The methods implemented include 
  calculating features for understanding longitudinal data, including 
  calculating summary statistics such as quantiles, medians, and numeric ranges,
  sampling individual series, identifying individual series representative of a 
  group, and extending the facet system  in 'ggplot2' to facilitate exploration of samples of data. These methods are
  fully described in the paper ""brolgar: An R package to Browse Over 
  Longitudinal Data Graphically and Analytically in R"", Nicholas Tierney, 
  Dianne Cook, Tania Prvan (2020) <doi:10.32614/RJ-2022-023>.",UTF-8,NA,en-US,true,NA,NA,NA,Nicholas Tierney <nicholas.tierney@gmail.com>,NA,2024-05-10 07:57:20 UTC; nick,NA,NA,NA,NA,Browse Over Longitudinal Data Graphically and Analytically in R,NA,"https://github.com/njtierney/brolgar,
https://brolgar.njtierney.com/",NA,knitr,NA,NA,NA,2024-05-10,NA,NA,NA,NA,NA,NA,10.32614/CRAN.package.brolgar,TRUE,FALSE,TRUE,FALSE,1
BVARverse,0.0.1,NA,"R (>= 3.5.0), BVAR","ggplot2, tidyr, generics, rlang",NA,tinytest,NA,GPL-3,NA,NA,NA,NA,ca2b88fe7a2c28003a311eb51a94c25d,no,NA,"Lukas Vashold [aut, cre] (<https://orcid.org/0000-0002-3562-3414>),
  Nikolas Kuschnig [aut] (<https://orcid.org/0000-0002-6642-2543>)","c(person(""Lukas"", ""Vashold"", role = c(""aut"", ""cre""), email = ""lukas.vashold@wu.ac.at"", comment = c(ORCID = ""0000-0002-3562-3414"")),
    person(""Nikolas"", ""Kuschnig"", role = c(""aut""), comment = c(ORCID = ""0000-0002-6642-2543"")))",NA,https://github.com/nk027/bvarverse/issues,NA,NA,NA,NA,NA,NA,NA,NA,NA,NA,NA,NA,NA,NA,NA,NA,2020-09-07,2020-09-22 08:20:12 UTC,"Functions to prepare tidy objects from estimated models via 'BVAR'
    (see Kuschnig & Vashold, 2019 <doi:10.13140/RG.2.2.25541.60643>) and
    visualisation thereof. Bridges the gap between estimating models with 'BVAR'
    and plotting the results in a more sophisticated way with 'ggplot2' as well
    as passing them on in a tidy format. ",UTF-8,NA,NA,true,NA,NA,NA,Lukas Vashold <lukas.vashold@wu.ac.at>,NA,2020-09-13 20:09:25 UTC; lukas,NA,NA,NA,NA,Tidy Bayesian Vector Autoregression,Package,https://github.com/nk027/bvarverse,NA,NA,NA,NA,NA,2020-09-22,NA,NA,NA,NA,NA,NA,10.32614/CRAN.package.BVARverse,TRUE,FALSE,TRUE,FALSE,1
calendRio,0.2.1,NA,NA,"dplyr, forcats, gggibbous, ggimage, ggplot2, suncalc",NA,NA,NA,AGPL (>= 3),NA,NA,NA,NA,470d25bfe8d5fe32351ed99431d9091a,no,NA,"José Carlos Soage González [aut, cph],
  Natalia Pérez Veiga [aut, cph],
  Marcel Schilling [aut, cph, cre]
    (<https://orcid.org/0000-0002-3453-7792>)","
  c(person(given = ""José Carlos"",
           family = ""Soage González"",
           email = ""jsoage@uvigo.es"",
           role = c(""aut"", ""cph"")),
    person(given = ""Natalia"",
           family = ""Pérez Veiga"",
           email = ""naperez@uvigo.es"",
           role = c(""aut"", ""cph"")),
    person(given = ""Marcel"",
           family = ""Schilling"",
           email = ""foss@mschilli.com"",
           role = c(""aut"", ""cph"", ""cre""),
           comment = c(ORCID = ""0000-0002-3453-7792"")))",NA,NA,NA,NA,NA,NA,NA,NA,NA,NA,NA,NA,NA,NA,NA,NA,NA,NA,NA,2024-12-21 10:10:02 UTC,"Fork of 'calendR' R package to generate ready to print
  calendars with 'ggplot2' (see <https://r-coder.com/calendar-plot-r/>)
  with additional features (backwards compatible).
  'calendRio' provides a 'calendR()' function that serves as a drop-in
  replacement for the upstream version but allows for additional
  parameters unlocking extra functionality.",UTF-8,NA,NA,NA,NA,NA,NA,Marcel Schilling <foss@mschilli.com>,NA,2024-12-21 09:52:12 UTC; schilling,NA,NA,NA,NA,'calendR' Fork with Additional Features (Backwards Compatible),NA,NA,NA,NA,NA,NA,NA,2024-12-21,NA,NA,NA,NA,NA,NA,10.32614/CRAN.package.calendRio,TRUE,FALSE,TRUE,FALSE,1
canadianmaps,2.0.0,NA,R (>= 2.10),"ggplot2, sp, sf, ggrepel, RColorBrewer, dplyr",NA,"knitr, rmarkdown, testthat (>= 3.0.0)",NA,MIT + file LICENSE,NA,NA,NA,NA,c2846ba68440eaadb901bd9a4903fd80,no,NA,"Joelle Cayen [aut, cre]","
    person(given = ""Joelle"",
           family = ""Cayen"",
           role = c(""aut"", ""cre""),
           email = ""joelle.cayen@phac-aspc.gc.ca"",
           comment = """")",NA,https://github.com/joellecayen/canadianmaps/issues,NA,NA,NA,NA,NA,NA,NA,NA,NA,NA,NA,NA,NA,NA,NA,NA,NA,2024-04-02 22:35:03 UTC,"Simple and seamless access to a variety of 'StatCan' shapefiles for mapping Canadian provinces, regions, forward sortation areas, census divisions, and subdivisions using the popular 'ggplot2' package.",UTF-8,NA,NA,true,xz,NA,NA,Joelle Cayen <joelle.cayen@phac-aspc.gc.ca>,NA,2024-04-02 19:05:39 UTC; JCAYEN,NA,NA,NA,NA,Effortlessly Create Stunning Canadian Maps,NA,https://github.com/joellecayen/canadianmaps,NA,NA,NA,NA,NA,2024-04-02,NA,NA,NA,NA,NA,NA,10.32614/CRAN.package.canadianmaps,TRUE,FALSE,TRUE,FALSE,1
cartographr,0.2.2,NA,R (>= 3.6),"cli, crayon, osmdata, ggplot2, grid, showtext, sysfonts, sf,
utils",NA,"dplyr, knitr, rmarkdown, testthat (>= 3.0.0)",NA,GPL (>= 3),NA,NA,NA,NA,7967d2be51e9687def511b22c8a057e3,no,NA,"David Willinger [aut, cre, cph]","person(""David"", ""Willinger"", , ""david.willinger@gmail.com"", role = c(""aut"", ""cre"", ""cph""))",NA,https://github.com/da-wi/cartographr/issues,NA,NA,NA,NA,NA,NA,NA,NA,NA,NA,NA,NA,NA,NA,NA,NA,NA,2024-06-28 14:50:09 UTC,"Simplifying the creation of print-ready maps, this package offers a user-friendly interface derived from 'ggplot2' for handling OpenStreetMap data. It streamlines the map-making process, allowing users to focus on the story their maps tell. Transforming raw geospatial data into informative visualizations is made easy with simple features 'sf' geometries. Whether for urban planning, environmental studies, or impactful public presentations, this tool facilitates straightforward and effective map creation. Enhance the dissemination of spatial information with high-quality, narrative-driven visualizations!",UTF-8,NA,en-US,true,xz,NA,NA,David Willinger <david.willinger@gmail.com>,NA,2024-06-28 10:12:36 UTC; David.Willinger,NA,NA,NA,NA,Crafting Print-Ready Maps and Layered Visualizations,NA,"https://da-wi.github.io/cartographr/,
https://github.com/da-wi/cartographr",NA,knitr,NA,NA,NA,2024-06-28,NA,NA,NA,NA,NA,NA,10.32614/CRAN.package.cartographr,TRUE,FALSE,TRUE,FALSE,1
Certara.VPCResults,3.0.2,NA,R (>= 4.0),"shinyAce, shinymeta, bslib (>= 0.7.0), colourpicker,
data.table, dplyr, DT, grDevices, ggplot2, plotly, shiny (>=
1.7.0), shinycssloaders, shinyjs, shinyWidgets, shinyjqui,
sortable, tidyvpc, htmltools, rlang, scales",NA,"knitr, rmarkdown, xpose, ggnewscale, testthat (>= 3.0.0)",NA,LGPL-3,NA,NA,NA,NA,34b6b02db70325c5f89c6360e87b3976,no,NA,"James Craig [aut, cre],
  Mike Talley [aut],
  Certara USA, Inc [cph, fnd]","c(
      person(""James"", ""Craig"", email = ""james.craig@certara.com"", role = c(""aut"", ""cre"")),
      person(""Mike"", ""Talley"", email = ""mike.talley@certara.com"", role = c(""aut"")),
      person(""Certara USA, Inc"", role = c(""cph"",""fnd""))
      )",NA,NA,NA,NA,NA,NA,NA,NA,NA,NA,NA,NA,NA,NA,NA,NA,NA,NA,NA,2024-12-02 15:30:02 UTC,"Utilize the 'shiny' interface to parameterize a Visual Predictive Check (VPC),
    including selecting from different binning or binless methods and performing stratification,
    censoring, and prediction correction. Generate the underlying 'tidyvpc' and 'ggplot2' code
    directly from the user interface and download R or Rmd scripts to reproduce the VPCs in R.",UTF-8,NA,NA,NA,NA,NA,NA,James Craig <james.craig@certara.com>,NA,2024-12-02 15:15:54 UTC; jcraig,NA,NA,NA,NA,Generate Visual Predictive Checks (VPC) Using 'shiny',NA,https://certara.github.io/R-VPCResults/,NA,NA,NA,NA,NA,2024-12-02,NA,NA,NA,NA,NA,NA,10.32614/CRAN.package.Certara.VPCResults,TRUE,FALSE,TRUE,FALSE,1
Certara.Xpose.NLME,2.0.2,NA,R (>= 4.0),"dplyr, egg, GGally, ggplot2, magrittr, purrr, rlang, scales,
stringr, tibble, xpose",NA,"Certara.RsNLME, data.table, gridExtra, jsonlite, readr,
testthat",NA,LGPL-3,NA,NA,NA,NA,0729fe8a2b347032db841056c9ba7db0,no,NA,"James Craig [aut, cre],
  Michael Tomashevskiy [aut],
  Soltanshahi Fred [aut],
  Shuhua Hu [ctb],
  Certara USA, Inc [cph, fnd]","c(
      person(""James"", ""Craig"", email = ""james.craig@certara.com"", role = c(""aut"", ""cre"")),
      person(""Michael"", ""Tomashevskiy"", email = ""michael.tomashevskiy@certara.com"", role = c(""aut"")),
      person(""Soltanshahi"", ""Fred"", email = ""fred.soltanshahi@certara.com"", role = c(""aut"")),
      person(""Shuhua"", ""Hu"", email = ""shuhua.hu@certara.com"", role = c(""ctb"")),
      person(""Certara USA, Inc"", role = c(""cph"",""fnd"")))",NA,NA,NA,NA,NA,NA,NA,NA,NA,NA,NA,NA,NA,NA,NA,NA,NA,NA,NA,2025-01-28 15:50:10 UTC,"Facilitates the creation of 'xpose' data objects from Nonlinear Mixed
      Effects (NLME) model outputs produced by 'Certara.RsNLME' or Phoenix NLME. This
      integration enables users to utilize all 'ggplot2'-based plotting functions available
      in 'xpose' for thorough model diagnostics and data visualization. Additionally, the 
      package introduces specialized plotting functions tailored for covariate model
      evaluation, extending the analytical capabilities beyond those offered by 'xpose' alone.",UTF-8,NA,NA,true,NA,NA,NA,James Craig <james.craig@certara.com>,NA,2025-01-23 19:57:01 UTC; jcraig,NA,NA,NA,NA,"Enhances 'xpose' Diagnostics for Pharmacometric Models from
'Certara.RsNLME' and Phoenix NLME",NA,https://certara.github.io/R-Xpose-NLME/,NA,NA,NA,NA,NA,2025-01-28,NA,"Certara.DarwinReporter, Certara.ModelResults",NA,NA,NA,NA,10.32614/CRAN.package.Certara.Xpose.NLME,TRUE,FALSE,TRUE,FALSE,1
CGGP,1.0.4,NA,NA,Rcpp (>= 0.12.18),"Rcpp, RcppArmadillo","testthat, covr, ggplot2, reshape2, plyr, MASS, rmarkdown,
knitr",NA,GPL-3,NA,NA,NA,NA,2d308079420cc607893c0640a3a32188,yes,NA,"Collin Erickson [aut, cre],
  Matthew Plumlee [aut]","
    c(
    person(""Collin"", ""Erickson"", email = ""collinberickson@gmail.com"", role = c(""aut"", ""cre"")), # Creator is who gets bothered with issues
    person(""Matthew"", ""Plumlee"", role = c(""aut""))
    ) # Maintainer: Who to complain to <yourfault@somewhere.net>",NA,https://github.com/CollinErickson/CGGP/issues,NA,NA,NA,NA,NA,NA,NA,NA,NA,NA,NA,NA,NA,NA,NA,NA,NA,2024-01-23 03:22:57 UTC,"Run computer experiments using the adaptive composite grid
    algorithm with a Gaussian process model.
    The algorithm works best when running an experiment that can evaluate thousands
    of points from a deterministic computer simulation.
    This package is an implementation of a forthcoming paper by Plumlee,
    Erickson, Ankenman, et al. For a preprint of the paper,
    contact the maintainer of this package.",UTF-8,NA,NA,NA,NA,NA,NA,Collin Erickson <collinberickson@gmail.com>,NA,2024-01-23 02:12:28 UTC; colli,NA,NA,NA,NA,Composite Grid Gaussian Processes,Package,https://github.com/CollinErickson/CGGP,NA,knitr,NA,NA,NA,2024-01-23,NA,NA,NA,NA,NA,NA,10.32614/CRAN.package.CGGP,TRUE,TRUE,FALSE,FALSE,1
chartql,0.1.0,NA,NA,"ggplot2 (>= 2.1.0), stringr, stats",NA,NA,NA,GPL-3,NA,NA,NA,NA,040c026717d5852dcb99cb78c0441644,no,NA,"Rohail Syed [aut, cre]","person(""Rohail"", ""Syed"", email = ""rohailsyed@gmail.com"", role = c(""aut"", ""cre""))",NA,NA,NA,NA,NA,NA,NA,NA,NA,NA,NA,NA,NA,NA,NA,NA,NA,NA,NA,2019-04-04 15:40:03 UTC,"Provides a very simple syntax for the user to generate custom plot(s) without having to remember complicated 'ggplot2' syntax. The 'chartql' package uses 'ggplot2' and manages all the syntax complexities internally. As an example, to generate a bar chart of company sales faceted by product category further faceted by season of the year, we simply write: ""CHART bar X category, season Y sales"".",UTF-8,NA,NA,true,NA,NA,NA,Rohail Syed <rohailsyed@gmail.com>,NA,2019-04-01 18:46:44 UTC; rohailsyed,NA,NA,NA,NA,Simplified Language for Plots and Charts,Package,https://github.com/rmsyed/chartql,NA,NA,NA,NA,NA,2019-04-04,NA,NA,NA,NA,NA,NA,10.32614/CRAN.package.chartql,TRUE,FALSE,TRUE,FALSE,1
chronochrt,0.1.3,NA,NA,"dplyr (>= 1.0.0), ggplot2 (>= 3.4.0), grid, magick, magrittr,
readr, tibble, tidyr, rlang, tidyselect",NA,"readxl, testthat (>= 3.0.0), knitr, rmarkdown, covr, vdiffr",NA,GPL-3,NA,NA,NA,NA,20c573ac992bfcde2fc84d3a98f3c61e,no,NA,"Thomas Rose [aut, cre] (<https://orcid.org/0000-0002-8186-3566>),
  Chiara Girotto [aut] (<https://orcid.org/0000-0001-6412-342X>)","
    c(person(given = ""Thomas"",
           family = ""Rose"",
           role = c(""aut"", ""cre""),
           email = ""thomas.rose@daad-alumni.de"",
           comment = c(ORCID = ""0000-0002-8186-3566"")), 
     person(given = ""Chiara"",
           family = ""Girotto"",
           role = c(""aut""),
           email = ""chiara.girotto@web.de"",
           comment = c(ORCID = ""0000-0001-6412-342X"")))",NA,https://gitlab.com/archaeothommy/chronochrt/-/issues,NA,NA,NA,NA,NA,NA,NA,NA,NA,NA,NA,NA,NA,NA,NA,NA,2024-01-01,2024-01-14 14:10:11 UTC,"Easy way to draw chronological charts from tables, aiming to include an intuitive environment for anyone new to R. Includes 'ggplot2' geoms and theme for chronological charts. ",UTF-8,NA,en-GB,NA,NA,NA,NA,Thomas Rose <thomas.rose@daad-alumni.de>,NA,2024-01-14 13:46:28 UTC; Thomas Rose,NA,NA,NA,NA,Creating Chronological Charts,NA,https://gitlab.com/archaeothommy/chronochrt,NA,knitr,NA,NA,NA,2024-01-14,NA,NA,NA,NA,NA,NA,10.32614/CRAN.package.chronochrt,TRUE,FALSE,TRUE,FALSE,1
classifierplots,1.4.0,NA,"R (>= 3.1), ggplot2 (>= 2.2), data.table (>= 1.10),","Rcpp (>= 0.12), grid, ROCR, caret, gridExtra (>= 2.2), stats,
utils, png,",NA,"testthat,",NA,BSD 3-clause License + file LICENSE,NA,NA,NA,NA,c21a1f5f7fe5c0dfc29e75ba22988094,no,NA,"Aaron Defazio [aut, cre],
  Huw Campbell [aut]","c(
  person(""Aaron"", ""Defazio"", email = ""aaron.defazio@gmail.com"", role = c(""aut"", ""cre"")),
  person(""Huw"", ""Campbell"", email = ""huw.campbell@ambiata.com"", role = c(""aut"")))",NA,https://github.com/adefazio/classifierplots/issues,NA,NA,NA,NA,NA,NA,NA,NA,NA,NA,NA,NA,NA,NA,NA,NA,NA,2020-10-13 23:40:06 UTC,"
  Generates a visualization of binary classifier performance as a grid of
  diagnostic plots with just one function call. Includes ROC curves,
  prediction density, accuracy, precision, recall and calibration plots, all using
  ggplot2 for easy modification.
  Debug your binary classifiers faster and easier!",UTF-8,NA,NA,true,NA,NA,NA,Aaron Defazio <aaron.defazio@gmail.com>,NA,2020-10-12 15:27:37 UTC; adefazio,NA,NA,NA,NA,"Generates a Visualization of Classifier Performance as a Grid of
Diagnostic Plots",NA,https://github.com/adefazio/classifierplots,NA,NA,NA,NA,NA,2020-10-13,NA,NA,NA,NA,NA,NA,10.32614/CRAN.package.classifierplots,TRUE,FALSE,TRUE,FALSE,1
clickableImageMap,1.0,NA,R (>= 4.2.0),"gridExtra, ggplotify, grid, ggplot2, stats, gtable, grDevices",NA,"knitr, rmarkdown, testthat (>= 3.0.0)",NA,GPL (>= 2),NA,NA,NA,NA,e3e58791817a03908f7f43055ea0f634,no,NA,"Barry Zeeberg [aut, cre]","c(
          person(""Barry"", ""Zeeberg"", email = ""barryz2013@gmail.com"",
                role = c(""aut"", ""cre"")))",NA,NA,NA,NA,NA,NA,NA,NA,NA,NA,NA,NA,NA,NA,NA,NA,NA,NA,2024-05-08,2024-05-14 07:43:17 UTC,"Implement 'tableGrob' object as a clickable image map.
    The 'clickableImageMap' package is designed to be more convenient and more configurable than the edit() function.
    Limitations that I have encountered with edit() are cannot control
    (1) positioning
    (2) size
    (3) appearance and formatting of fonts
    In contrast, when the table is implemented as a 'tableGrob', all of these features are controllable.
    In particular, the 'ggplot2' grid system allows exact positioning of the table relative to
    other graphics etc.",UTF-8,NA,NA,true,NA,NA,NA,Barry Zeeberg <barryz2013@gmail.com>,NA,2024-05-11 15:32:05 UTC; barryzeeberg,NA,NA,NA,NA,Implement 'tableGrob' Object as a Clickable Image Map,NA,NA,NA,knitr,NA,NA,NA,2024-05-14,NA,NA,NA,NA,NA,NA,10.32614/CRAN.package.clickableImageMap,TRUE,FALSE,TRUE,FALSE,1
cofeatureR,1.1.1,NA,R (>= 3.1.0),"ggplot2 (>= 1.0.0), dplyr (>= 0.4.3), lazyeval (>= 0.1.10),
tibble",NA,testthat,NA,GPL-3,NA,NA,NA,NA,c8fc2f1c4fd8697f9e277b26de0907ad,no,NA,"Fong Chun Chan [aut, cre]","
	person(""Fong Chun"", ""Chan"", email = ""fongchunchan@gmail.com"", role = c(""aut"", ""cre""))",NA,https://github.com/tinyheero/cofeatureR/issues,NA,NA,NA,NA,NA,NA,NA,NA,NA,NA,NA,NA,NA,NA,NA,NA,NA,2018-06-24 15:09:05 UTC,"Generate cofeature (feature by sample) matrices. The package 
  utilizes ggplot2::geom_tile() to generate the matrix allowing for easy
  additions from the base matrix.",NA,NA,NA,true,NA,NA,NA,Fong Chun Chan <fongchunchan@gmail.com>,NA,2018-06-24 14:58:23 UTC; fongchun,NA,NA,NA,NA,Generate Cofeature Matrices,NA,https://github.com/tinyheero/cofeatureR,NA,NA,NA,NA,NA,2018-06-24,NA,NA,NA,NA,NA,NA,10.32614/CRAN.package.cofeatureR,TRUE,FALSE,TRUE,FALSE,1
colorBlindness,0.1.9,NA,R(>= 3.6),"ggplot2, grDevices, methods, cowplot, colorspace, graphics,
gridGraphics, gtable, grid",NA,"knitr, reshape2, stats, png, markdown, rmarkdown",NA,GPL (>= 2),NA,NA,NA,NA,8137dac86e31e01daa7a7f42296376d9,no,NA,"Jianhong Ou [aut, cre] (<https://orcid.org/0000-0002-8652-2488>)","person(given=""Jianhong"", family=""Ou"", 
                email=""jianhong.ou@duke.edu"", role=c(""aut"", ""cre""), 
                comment=c(ORCID=""0000-0002-8652-2488""))",NA,NA,NA,NA,NA,NA,NA,NA,NA,NA,NA,NA,NA,NA,NA,NA,NA,NA,NA,2021-04-17 04:50:05 UTC,"Provide the safe color set for color blindness, 
         the simulator of protanopia, deuteranopia.
         The color sets are collected from:
         Wong, B. (2011) <doi:10.1038/nmeth.1618>, and
         <http://mkweb.bcgsc.ca/biovis2012/>.
         The simulations of the appearance of the colors to color-deficient
         viewers were based on algorithms in
         Vienot, F., Brettel, H. and Mollon, J.D. (1999) 
         <doi:10.1002/(SICI)1520-6378(199908)24:4%3C243::AID-COL5%3E3.0.CO;2-3>.
         The cvdPlot() function to generate 'ggplot' grobs of simulations 
         were modified from <https://github.com/clauswilke/colorblindr>.",UTF-8,NA,NA,NA,NA,NA,NA,Jianhong Ou <jianhong.ou@duke.edu>,NA,2021-04-17 01:32:27 UTC; jianhongou,NA,NA,NA,NA,Safe Color Set for Color Blindness,Package,NA,NA,knitr,NA,NA,NA,2021-04-17,NA,NA,NA,"canaper, SPOTlight",NA,NA,10.32614/CRAN.package.colorBlindness,TRUE,FALSE,TRUE,FALSE,1
colormap,0.1.4,NA,R (>= 3.1.0),"V8, stringr, ggplot2",NA,"scales, testthat",NA,MIT + file LICENSE,NA,NA,NA,NA,a8583f94f3cc61b3380df67937f39156,no,NA,"Bhaskar Karambelkar [aut, cre]","person(""Bhaskar"", ""Karambelkar"", email = ""bhaskarvk@gmail.com"",
    role = c(""aut"", ""cre""))",NA,https://github.com/bhaskarvk/colormap/issues,NA,NA,NA,NA,NA,NA,NA,NA,NA,NA,NA,NA,NA,NA,NA,NA,NA,2016-11-15 19:56:23,Allows to generate colors from palettes defined in the colormap module of 'Node.js'. (see <https://github.com/bpostlethwaite/colormap> for more information). In total it provides 44 distinct palettes made from sequential and/or diverging colors. In addition to the pre defined palettes you can also specify your own set of colors. There are also scale functions that can be used with 'ggplot2'.,UTF-8,NA,NA,true,NA,NA,NA,Bhaskar Karambelkar <bhaskarvk@gmail.com>,NA,2016-11-15 14:13:35 UTC; user001,NA,NA,NA,NA,Color Palettes using Colormaps Node Module,Package,https://github.com/bhaskarvk/colormap,NA,NA,NA,NA,NA,2016-11-15,NA,NA,NA,NA,NA,NA,10.32614/CRAN.package.colormap,TRUE,FALSE,TRUE,FALSE,1
colorpatch,0.1.2,NA,R (>= 3.0.0),"ggplot2, colorspace, methods, grid, gridExtra, stats, TSP,
utils",NA,"plotly, knitr, rmarkdown, testthat",NA,Artistic-2.0,NA,NA,NA,NA,b3e6a63a1ac0dd547e7209c89d3e9dd6,no,NA,"Andre Mueller [aut, cre],
  Hans Kestler [aut]","c(
    person(""Andre"", ""Mueller"", role = c(""aut"", ""cre""), email = ""andre@kiwisound.de""),
    person(""Hans"", ""Kestler"", role = c(""aut""), email = ""hans.kestler@uni-ulm.de""))",NA,NA,NA,NA,NA,NA,NA,NA,NA,NA,NA,NA,NA,"'colorpatch.R' 'colorpatch_methods.R' 'colorpatch_ggplot.R'
'colorpatch_impl.R' 'data.R'",NA,NA,NA,NA,2017-06-08,2017-06-10 06:22:56 UTC,"Shows color patches for encoding fold changes (e.g. log ratios) together with confidence values 
    within a single diagram. This is especially useful for rendering gene expression data as well as
    other types of differential experiments. In addition to different rendering methods (ggplot extensions)
    functionality for perceptually optimizing color palettes are provided.
    Furthermore the package provides extension methods of the colorspace color-class in order to
    simplify the work with palettes (a.o. length, as.list, and append are supported).",NA,NA,NA,FALSE,NA,NA,NA,Andre Mueller <andre@kiwisound.de>,NA,2017-06-09 10:32:19 UTC; muellera,NA,NA,NA,NA,Optimized Rendering of Fold Changes and Confidence Values,Package,http://sysbio.uni-ulm.de/?Software:colorpatch,NA,knitr,NA,NA,NA,2017-06-10,NA,NA,NA,NA,NA,NA,10.32614/CRAN.package.colorpatch,TRUE,FALSE,TRUE,TRUE,2
colorrepel,0.4.1,NA,R (>= 3.5.0),"grDevices, matrixStats, Matrix, distances, stats, dqrng,
gtools, purrr, dplyr, plyr, stringr, ggplot2, ggrepel, ggalt,
plotly, knitr, png, Polychrome",NA,colorspace,NA,MIT + file LICENSE,NA,NA,NA,NA,313ab781862650651d1fd1e09b893f44,no,NA,"Rui Fu [cre, aut, cph] (<https://orcid.org/0000-0001-8183-4549>)","
    person(given = ""Rui"",
           family = ""Fu"",
           role = c(""cre"", ""aut"", ""cph""),
           email = ""raysinensis@gmail.com"",
           comment = c(ORCID = ""0000-0001-8183-4549""))",NA,NA,NA,NA,NA,NA,NA,true,NA,NA,NA,NA,NA,NA,NA,NA,NA,NA,NA,2025-01-19 04:50:02 UTC,"Iterate and repel visually similar colors away in various 'ggplot2' plots. When many groups are plotted at the same time on multiple axes, for instance stacked bars or scatter plots, effectively ordering colors becomes difficult. This tool iterates through color combinations to find the best solution to maximize visual distinctness of nearby groups, so plots are more friendly toward colorblind users. This is achieved by two distance measurements, distance between groups within the plot, and CIELAB color space distances between colors as described in Carter et al., (2018) <doi:10.25039/TR.015.2018>.",UTF-8,NA,NA,NA,NA,NA,NA,Rui Fu <raysinensis@gmail.com>,NA,2025-01-16 02:49:10 UTC; rfu,NA,NA,NA,NA,"Repel Visually Similar Colors for Colorblind Users in Various
Plots",NA,https://github.com/raysinensis/color_repel,NA,NA,NA,NA,NA,2025-01-19,NA,NA,NA,NA,NA,NA,10.32614/CRAN.package.colorrepel,TRUE,FALSE,TRUE,FALSE,1
colors3d,1.0.1,NA,R (>= 3.2.2),"combinat, FNN, grDevices, plyr, scales, stats",NA,NA,NA,MIT + file LICENSE,NA,NA,NA,NA,71e0fdfca1cb99b4bcbb23a347239164,no,NA,"Matthew Kling [aut, cre, cph]","person(""Matthew"", ""Kling"", email = ""mattkling@berkeley.edu"", role = c(""aut"", ""cre"", ""cph""))",NA,https://github.com/matthewkling/colors3d/issues,NA,NA,NA,NA,NA,NA,NA,NA,NA,NA,NA,NA,NA,NA,NA,NA,NA,2023-10-31 18:20:07 UTC,"Generate multivariate color palettes to represent two-dimensional or three-dimensional data in graphics (in contrast to standard color palettes that represent just one variable). You tell 'colors3d' how to map color space onto your data, and it gives you a color for each data point. You can then use these colors to make plots in base 'R', 'ggplot2', or other graphics frameworks.",UTF-8,NA,NA,NA,NA,NA,NA,Matthew Kling <mattkling@berkeley.edu>,NA,2023-10-31 16:48:34 UTC; matthewkling,NA,NA,NA,NA,Generate 2D and 3D Color Palettes,NA,https://github.com/matthewkling/colors3d,NA,NA,NA,NA,NA,2023-10-31,NA,NA,NA,NA,NA,NA,10.32614/CRAN.package.colors3d,TRUE,FALSE,TRUE,FALSE,1
colorspace,2.1-1,NA,"R (>= 3.0.0), methods","graphics, grDevices, stats",NA,"datasets, utils, KernSmooth, MASS, kernlab, mvtnorm, vcd,
tcltk, shiny, shinyjs, ggplot2, dplyr, scales, grid, png, jpeg,
knitr, rmarkdown, RColorBrewer, rcartocolor, scico, viridis,
wesanderson",NA,BSD_3_clause + file LICENSE,NA,NA,NA,NA,194f0bd09b21f970127ff43f3582c638,yes,NA,"Ross Ihaka [aut],
  Paul Murrell [aut] (<https://orcid.org/0000-0002-3224-8858>),
  Kurt Hornik [aut] (<https://orcid.org/0000-0003-4198-9911>),
  Jason C. Fisher [aut] (<https://orcid.org/0000-0001-9032-8912>),
  Reto Stauffer [aut] (<https://orcid.org/0000-0002-3798-5507>),
  Claus O. Wilke [aut] (<https://orcid.org/0000-0002-7470-9261>),
  Claire D. McWhite [aut] (<https://orcid.org/0000-0001-7346-3047>),
  Achim Zeileis [aut, cre] (<https://orcid.org/0000-0003-0918-3766>)","c(person(given = ""Ross"", family = ""Ihaka"", role = ""aut"", email = ""ihaka@stat.auckland.ac.nz""),
             person(given = ""Paul"", family = ""Murrell"", role = ""aut"", email = ""paul@stat.auckland.ac.nz"",
                    comment = c(ORCID = ""0000-0002-3224-8858"")),
             person(given = ""Kurt"", family = ""Hornik"", role = ""aut"", email = ""Kurt.Hornik@R-project.org"",
		    comment = c(ORCID = ""0000-0003-4198-9911"")),
             person(given = c(""Jason"", ""C.""), family = ""Fisher"", role = ""aut"", email = ""jfisher@usgs.gov"",
                    comment = c(ORCID = ""0000-0001-9032-8912"")),
             person(given = ""Reto"", family = ""Stauffer"", role = ""aut"", email = ""Reto.Stauffer@uibk.ac.at"",
                    comment = c(ORCID = ""0000-0002-3798-5507"")),
             person(given = c(""Claus"", ""O.""), family = ""Wilke"", role = ""aut"", email = ""wilke@austin.utexas.edu"",
                    comment = c(ORCID = ""0000-0002-7470-9261"")),
             person(given = c(""Claire"", ""D.""), family = ""McWhite"", role = ""aut"", email = ""claire.mcwhite@utmail.utexas.edu"",
                    comment = c(ORCID = ""0000-0001-7346-3047"")),
             person(given = ""Achim"", family = ""Zeileis"", role = c(""aut"", ""cre""), email = ""Achim.Zeileis@R-project.org"",
                    comment = c(ORCID = ""0000-0003-0918-3766"")))",NA,https://colorspace.R-Forge.R-project.org/contact.html,NA,NA,NA,NA,NA,NA,NA,NA,NA,NA,NA,NA,NA,NA,NA,NA,2024-07-26,2024-07-26 17:10:02 UTC,"Carries out mapping between assorted color spaces including RGB, HSV, HLS,
             CIEXYZ, CIELUV, HCL (polar CIELUV), CIELAB, and polar CIELAB.
	     Qualitative, sequential, and diverging color palettes based on HCL colors
	     are provided along with corresponding ggplot2 color scales.
	     Color palette choice is aided by an interactive app (with either a Tcl/Tk
	     or a shiny graphical user interface) and shiny apps with an HCL color picker and a
	     color vision deficiency emulator. Plotting functions for displaying
	     and assessing palettes include color swatches, visualizations of the
	     HCL space, and trajectories in HCL and/or RGB spectrum. Color manipulation
	     functions include: desaturation, lightening/darkening, mixing, and
	     simulation of color vision deficiencies (deutanomaly, protanomaly, tritanomaly).
	     Details can be found on the project web page at <https://colorspace.R-Forge.R-project.org/>
	     and in the accompanying scientific paper: Zeileis et al. (2020, Journal of Statistical
	     Software, <doi:10.18637/jss.v096.i01>).",UTF-8,NA,NA,yes,NA,NA,NA,Achim Zeileis <Achim.Zeileis@R-project.org>,NA,2024-07-26 15:40:41 UTC; zeileis,NA,NA,NA,NA,A Toolbox for Manipulating and Assessing Colors and Palettes,NA,"https://colorspace.R-Forge.R-project.org/, https://hclwizard.org/",NA,knitr,NA,NA,NA,2024-07-26,"bamlss, biclust, cabootcrs, grpCox, MineICA, mixAK, NonParRolCor, prefmod, R2BayesX, rcaiman, RolWinMulCor, smacof, VIM, W2CWM2C","anacor, animalEKF, APCtools, aqp, autoimage, autonomics, bartMan, bayesianVARs, BayesX, bea.R, bigMap, BioRssay, BiplotGUI, brandr, categoryCompare, ccrs, cds, ChemoSpec2D, circlize, clevRvis, CliquePercolation, cmsaf, cmsafvis, colorblindcheck, colorBlindness, colorist, colorpatch, colorRamp2, colorsGen, cols4all, ComplexHeatmap, ComplexUpset, condvis2, copula, corr2D, CRABS, cranly, DepthProc, dittoSeq, EcotoneFinder, effects, EMC2, eRm, eseis, espadon, expectreg, forecast, frontiles, ftsa, geiger, GeneTonic, genridge, GeRnika, getspres, ggblanket, ggcharts, gggenomes, ggrasp, ggseqplot, ggwordcloud, Gifi, gmoviz, gpairs, gptstudio, GRaNIE, gwasforest, hbamr, heatmaply, HH, Hmisc, hues, HYPEtools, ideanet, INFOSET, insurancerating, InterCellar, iNZightPlots, iNZightTS, IOHanalyzer, jamba, JOPS, lavaangui, ldaPrototype, lessR, levi, MapGAM, mapStats, mcmcplots, MCMCvis, mergenstudio, metafolio, munsell, netboost, netmeta, NetOrigin, NMF, OpenRepGrid, optimization, orthos, pals, phyloregion, Polychrome, PRECAST, pRolocGUI, qgraph, rainbow, randomcoloR, ratlas, RavenR, RcmdrMisc, rCNV, RegionalST, rms, roloc, rolocISCCNBS, seahtrue, semPlot, seriation, SGP, simplecolors, simplifyEnrichment, simPop, simsalapar, singleCellTK, smallsets, SPARTAAS, SpatialCPie, stray, subspace, swatches, Thresher, TIMP, tna, tntpr, trackeRapp, TraMineR, TraMineRextras, TreeDist, treemap, TreeTools, TwoTimeScales, ucie, vcd, ViSiElse, visTree, vivid, Wats, WeightedTreemaps, wheatmap, whomds, xaringanthemer, xpose.xtras",NA,"AlphaMissenseR, atpolR, berryFunctions, BiodiversityR, BloodCancerMultiOmics2017, casebase, cba, collapsibleTree, colorrepel, cotram, csa, cubble, cxhull, dataquieR, DataVisualizations, dendextend, DEoptim, EBcoexpress, eks, emojifont, expertsurv, finalsize, flexsurv, flowViz, ggplotify, grImport, Guerry, hermiter, hetGP, HPiP, httk, IBMPopSim, IncDTW, IsoriX, lattice, LBSPR, LocalControl, mlt.docreg, movMF, mulgar, mvord, nodiv, PairViz, palettes, party, r3js, rasterVis, rattle, Rcmdr, regsem, reservr, retrofit, RGraphics, rpanel, SCpubr, sSNAPPY, surveillance, SWMPr, tbm, tcpl, TH.data, tmap, tourr, tpSVG, tram, tramnet, tramvs, trtf, unhcrthemes, UpAndDownPlots, viridis, wacolors, WRS2",shades,NA,10.32614/CRAN.package.colorspace,TRUE,FALSE,TRUE,FALSE,1
comorbidPGS,0.3.4,NA,R (>= 3.5.0),"ggplot2, stats, utils, MASS, nnet, parallel",NA,testthat (>= 3.0.0),NA,GPL (>= 3),NA,NA,NA,NA,2278e382c92f34163477049089aa15e3,no,NA,"Vincent Pascat [aut, cre] (<https://orcid.org/0000-0002-6227-8812>)","
    person(""Vincent"", ""Pascat"", , ""vincent.pascat@univ-lille.fr"", role = c(""aut"", ""cre""),
           comment = c(ORCID = ""0000-0002-6227-8812""))",NA,NA,NA,NA,NA,NA,NA,NA,NA,NA,NA,NA,NA,NA,NA,NA,NA,NA,NA,2024-04-30 09:00:08 UTC,"Using polygenic scores (PGS, or PRS/GRS for binary outcomes), 
    this package allows to investigate shared predisposition between different 
    conditions, and do fast association analysis, export plots and views
    of the PGS distribution using 'ggplot2' object. ",UTF-8,NA,NA,true,NA,NA,NA,Vincent Pascat <vincent.pascat@univ-lille.fr>,NA,2024-04-28 20:47:22 UTC; vpascat,NA,NA,NA,NA,"Assessing Predisposition Between Phenotypes using Polygenic
Scores",NA,NA,NA,NA,NA,NA,NA,2024-04-30,NA,NA,NA,NA,NA,NA,10.32614/CRAN.package.comorbidPGS,TRUE,FALSE,TRUE,FALSE,1
ComplexUpset,1.3.3,NA,NA,"ggplot2, patchwork, scales, colorspace",NA,"testthat (>= 2.1.0), knitr, rmarkdown, covr, tibble,
ggplot2movies, vdiffr, jsonlite, data.table",NA,MIT + file LICENSE,NA,NA,NA,NA,cabac9c2e5d8775011e8d8dae2fa49ea,no,NA,"Michał Krassowski [aut, cre] (<https://orcid.org/0000-0002-9638-7785>)","person(
  ""Michał"", ""Krassowski"", email = ""krassowski.michal+r@gmail.com"", role = c(""aut"", ""cre""),
  comment = c(ORCID = ""0000-0002-9638-7785""))",NA,https://github.com/krassowski/complex-upset/issues,NA,NA,NA,NA,NA,NA,NA,NA,NA,NA,NA,NA,NA,NA,NA,NA,NA,2021-12-11 15:20:03 UTC,"UpSet plots are an improvement over Venn Diagram for set overlap visualizations.
    Striving to bring the best of the 'UpSetR' and 'ggplot2', this package offers a way to create
    complex overlap visualisations, using simple and familiar tools, i.e. geoms of 'ggplot2'.
    For introduction to UpSet concept, see Lex et al. (2014) <doi:10.1109/TVCG.2014.2346248>.",UTF-8,NA,NA,NA,NA,NA,NA,Michał Krassowski <krassowski.michal+r@gmail.com>,NA,2021-12-10 23:51:20 UTC; krassowski,NA,NA,NA,NA,Create Complex UpSet Plots Using 'ggplot2' Components,Package,"https://github.com/krassowski/complex-upset,
https://krassowski.github.io/complex-upset/",NA,knitr,NA,NA,NA,2021-12-11,NA,"extraChIPs, GeneTonic, hicVennDiagram, PRONE",NA,"EpiCompare, genekitr, MetMashR, transmogR",NA,NA,10.32614/CRAN.package.ComplexUpset,TRUE,FALSE,TRUE,FALSE,1
contribution,0.2.2,NA,R (>= 3.5),"dplyr, ggplot2, tidyr, rlang, magrittr, gh",NA,"knitr, rmarkdown, prettydoc",NA,MIT + file LICENSE,NA,NA,NA,NA,97cc5f2b19644df44c9703dacd968e03,no,NA,"Shixiang Wang [aut, cre] (<https://orcid.org/0000-0001-9855-7357>)","c(person(""Shixiang"", ""Wang"", email = ""w_shixiang@163.com"", role = c(""aut"", ""cre""), 
            comment = c(ORCID = ""0000-0001-9855-7357"")))",NA,https://github.com/openbiox/contribution/issues,NA,NA,NA,NA,NA,NA,NA,NA,NA,NA,NA,NA,NA,NA,NA,NA,NA,2022-03-23 16:00:08 UTC,"Contribution table for credit assignment based on 'ggplot2'.
    This can improve the author contribution information in academic journals and personal CV.  ",UTF-8,NA,NA,true,NA,NA,NA,Shixiang Wang <w_shixiang@163.com>,NA,2022-03-23 02:44:33 UTC; Administrator,NA,NA,NA,NA,A Tiny Contribution Table Generator Based on 'ggplot2',Package,https://github.com/openbiox/contribution,NA,knitr,NA,NA,NA,2022-03-23,NA,NA,NA,NA,NA,NA,10.32614/CRAN.package.contribution,TRUE,FALSE,TRUE,FALSE,1
cowplot,1.1.3,NA,R (>= 3.5.0),"ggplot2 (>= 3.4.0), grid, gtable, grDevices, methods, rlang,
scales",NA,"Cairo, covr, dplyr, forcats, gridGraphics (>= 0.4-0), knitr,
lattice, magick, maps, PASWR, patchwork, rmarkdown, ragg,
testthat (>= 1.0.0), tidyr, vdiffr (>= 0.3.0), VennDiagram",NA,GPL-2,NA,NA,NA,NA,fbfdde59c0b5521ace81bdf96e79f2f6,no,NA,"Claus O. Wilke [aut, cre] (<https://orcid.org/0000-0002-7470-9261>)","
    person(
      given = ""Claus O."",
      family = ""Wilke"",
      role = c(""aut"", ""cre""),
      email = ""wilke@austin.utexas.edu"",
      comment = c(ORCID = ""0000-0002-7470-9261"")
    )",NA,https://github.com/wilkelab/cowplot/issues,NA,NA,NA,NA,NA,NA,NA,NA,NA,NA,NA,"'add_sub.R' 'align_plots.R' 'as_grob.R' 'as_gtable.R'
'axis_canvas.R' 'cowplot.R' 'draw.R' 'get_plot_component.R'
'get_axes.R' 'get_titles.R' 'get_legend.R' 'get_panel.R'
'gtable.R' 'key_glyph.R' 'plot_grid.R' 'save.R'
'set_null_device.R' 'setup.R' 'stamp.R' 'themes.R'
'utils_ggplot2.R'",NA,NA,NA,NA,NA,2024-01-22 23:22:51 UTC,"
    Provides various features that help with creating publication-quality figures
    with 'ggplot2', such as a set of themes, functions to align plots and arrange
    them into complex compound figures, and functions that make it easy to annotate
    plots and or mix plots with images. The package was originally written for
    internal use in the Wilke lab, hence the name (Claus O. Wilke's plot package).
    It has also been used extensively in the book Fundamentals of Data
    Visualization.",UTF-8,NA,NA,NA,NA,NA,NA,Claus O. Wilke <wilke@austin.utexas.edu>,NA,2024-01-22 21:32:03 UTC; clauswilke,NA,NA,NA,NA,Streamlined Plot Theme and Plot Annotations for 'ggplot2',NA,https://wilkelab.org/cowplot/,NA,knitr,NA,NA,NA,2024-01-22,"AneuFinder, breakpointR, bSi, huito, LipinskiFilters","AgroR, alevinQC, andurinha, anomaly, APIS, ASRgenomics, autohrf, barcodetrackR, bartMan, BASiCS, bayefdr, bayes4psy, BeeBDC, BeeGUTS, benchdamic, betaHMM, bettr, bigstatsr, biogrowth, biometryassist, BioNAR, BiostatsUHNplus, borealis, bp, BPRMeth, braidReports, branchpointer, bridger, carbonr, CaseBasedReasoning, CATALYST, causact, CausalGPS, CausCor, cdcatR, CellMixS, cellpypes, CHETAH, chooseGCM, CIMTx, CiteFuse, CleaningValidation, clevRvis, ClinicalUtilityRecal, ClusterFoldSimilarity, clustifyr, ClusTorus, colorBlindness, conos, conserveR, CooccurrenceAffinity, cosinor2, CoSMoS, CovidMutations, Coxmos, CRMetrics, crops, cTRAP, cylcop, CytoGLMM, cytometree, dabestr, daiquiri, DAMEfinder, DEGreport, DESpace, diceplot, didec, DIDmultiplegtDYN, dinoR, disaggregation, dittoSeq, dittoViz, doBy, DR.SC, ecode, EcoEnsemble, EpiForsk, epos, EQUALrepeat, EQUALSTATS, ESTER, ethnobotanyR, EVchargcost, EVI, evprof, ExploreModelMatrix, expowo, fairadapt, fastTopics, fcfdr, fgsea, FitUltD, fkbma, FLAMES, flashlight, fmeffects, foodingraph, foreSIGHT, FRASER, funkyheatmap, GeneSelectR, GenomicPlot, GenoTriplo, gg.gap, gggap, GGoutlieR, ggpca, ggpubr, ggrcs, ggResidpanel, ggScatRidges, ggstackplot, GLMMcosinor, gompertztrunc, GPCERF, GrafGen, grandR, granulator, graper, gWQS, harmony, healthyR, healthyR.ts, HetSeq, HiCDOC, HiLDA, HuraultMisc, iai, iClusterVB, ideanet, idiffomix, IHWpaper, ILoReg, imprinting, InteRD, inTextSummaryTable, isomiRs, ITNr, KMunicate, knfi, LAD, LightLogR, LinTInd, LipidomicsR, locuszoomr, longreadvqs, lvmisc, MAPFX, mbRes, Melissa, memery, memoria, MesKit, metacoder, metapower, methodical, MetMashR, microplot, miloR, mlergm, mlts, MMUPHin, moderate.mediation, MOFA2, MultiGroupO, multilevelTools, multiWGCNA, MultRegCMP, MutationalPatterns, neutralitytestr, nortsTest, OMICsPCA, oolong, opitools, ORFik, orthos, pam, parafac4microbiome, pathviewr, patientProfilesVis, PCAtools, periodicDNA, PhenotypeSimulator, phylepic, pipeComp, Platypus, plinkQC, plotthis, PRECAST, projectR, promethee123, qad, qmd, qsort, RavenR, RCAS, reportRmd, riAFTBART, ridigbio, rifi, rifiComparative, rliger, RNAseqQC, sampbias, scanMiR, scatr, scCustomize, SCIntRuler, scMET, SeedMatchR, seqArchRplus, seqsetvis, Seurat, sgraph, sherlock, sigminer, signeR, simaerep, singleCellTK, sleepwalk, smplot2, snplinkage, spatgeom, spatialLIBD, SpatialRDD, specr, Spectran, spiro, ssMousetrack, StepReg, stgam, stppSim, survivalAnalysis, SynergyLMM, TADCompare, tagtools, TailClassifier, talkr, TcGSA, teal.modules.clinical, telefit, tern, tern.mmrm, TestAnaAPP, text, ThermalSampleR, timbeR, TITAN2, TooManyCellsR, TOSTER, transPlotR, TreeDiagram, tsdataleaks, tsnet, UMI4Cats, umx, vDiveR, VDJdive, vici, virtualPollen, Virusparies, ViSe, VisitorCounts, VplotR, wiggleplotr, WormTensor, worrrd, wqspt",NA,"AcceptReject, adjustedCurves, afex, aggregateBioVar, ALDEx2, AlpsNMR, APackOfTheClones, arcpullr, Banksy, BCClong, bdc, biscale, blockCV, BloodCancerMultiOmics2017, bmm, bmstdr, bruceR, CAESAR.Suite, CIDER, ClassifyR, clustTMB, cmcR, cola, COTAN, counterfactuals, covidmx, cytomapper, dataquieR, dawaR, dce, deconvolveR, demuxmix, denvax, designit, destiny, distributions3, dsb, DSSP, ebnm, ec50estimator, epifitter, evolqg, ewceData, explainer, fastglmpca, faux, findSVI, flashier, fMRIscrub, gap, gdverse, genekitr, geosimilarity, getspanel, ggbreak, ggmsa, ggOceanMaps, ggpie, ggplotify, ggtext, ghibli, grainscape, gscramble, hdflex, himach, HMP16SData, HMP2Data, httk, hubEnsembles, ibawds, incidence, interactions, inti, invivoPKfit, IPV, isotracer, limorhyde2, meme, memes, MetricGraph, mets, midasHLA, mlr, MLVSBM, mmb, MOCHA, MultiATSM, multifear, MultiscaleDTM, multiverse, musicatk, nn2poly, nphRCT, opticskxi, OPWeight, padma, PaRe, PCMBase, pcr, phateR, phylosamp, PieGlyph, pkgndep, PKNCA, PointedSDMs, poppr, portalr, pRecipe, primer, psycModel, RaJIVE, ratlas, registr, retrofit, ricu, rmacrostrat, runstats, scater, scDataviz, scds, scFeatureFilter, scGPS, schtools, SCIBER, scITD, seqArchR, sicegar, simplifyEnrichment, singleCellHaystack, sjPlot, sketchR, slendr, SpaceMarkers, SpatialOmicsOverlay, spillR, spiralize, splatter, sSNAPPY, stabm, structToolbox, SuperCell, susieR, tabxplor, TAPseq, tidybayes, tidySpatialExperiment, tinyarray, tmod, tricycle, tvthemes, UCSCXenaShiny, UnalR, universalmotif, valr, variancePartition, velociraptor, vimp, Voyager, WASP",NA,NA,10.32614/CRAN.package.cowplot,TRUE,FALSE,TRUE,FALSE,1
crayons,0.0.3,NA,NA,"ggplot2, grDevices, palette",NA,NA,NA,MIT + file LICENSE,NA,NA,NA,NA,366b8f40ecaa9dae73108b5bd26eded4,no,NA,"Christopher T. Kenny [aut, cre]
    (<https://orcid.org/0000-0002-9386-6860>)","
    person(given = ""Christopher T."",
           family = ""Kenny"",
           role = c(""aut"", ""cre""),
           email = ""christopherkenny@fas.harvard.edu"",
           comment = c(ORCID = ""0000-0002-9386-6860""))",NA,https://github.com/christopherkenny/crayons/issues,NA,NA,NA,NA,NA,NA,NA,NA,NA,NA,NA,NA,NA,NA,NA,NA,NA,2024-03-21 21:20:02 UTC,"Provides color palettes based on crayon colors since the early 1900s. 
    Colors are based on various crayon colors, sets, and promotional palettes, most of
    which can be found at <https://en.wikipedia.org/wiki/List_of_Crayola_crayon_colors>. All 
    palettes are discrete palettes and are not necessarily color-blind friendly. 
    Provides scales for 'ggplot2' for discrete coloring.",UTF-8,NA,NA,NA,NA,NA,NA,Christopher T. Kenny <christopherkenny@fas.harvard.edu>,NA,2024-03-21 20:50:10 UTC; chris,NA,NA,NA,NA,Color Palettes from Crayon Boxes,NA,"https://github.com/christopherkenny/crayons,
http://christophertkenny.com/crayons/",NA,NA,NA,NA,NA,2024-03-21,NA,NA,NA,NA,NA,NA,10.32614/CRAN.package.crayons,TRUE,FALSE,TRUE,FALSE,1
cropcircles,0.2.4,NA,R (>= 3.5.0),"glue, magick, purrr",NA,NA,NA,MIT + file LICENSE,NA,NA,NA,NA,4a00f6c9d8855ba74fcaa9fd9b0dfbdf,no,NA,"Daniel Oehm [aut, cre]","
  person(
    given = ""Daniel"",
    family = ""Oehm"",
    role = c(""aut"", ""cre""),
    email = ""danieloehm@gmail.com""
  )",NA,https://github.com/doehm/cropcircles/issues,NA,NA,NA,NA,NA,NA,NA,NA,NA,NA,NA,NA,NA,NA,NA,NA,NA,2023-12-03 19:40:02 UTC,"Images are cropped to a circle with a transparent background. The function takes a
  vector of images, either local or from a link, and circle crops the image. Paths to the
  cropped image are returned for plotting with 'ggplot2'. Also includes cropping to a hexagon,
  heart, parallelogram, and square.",UTF-8,NA,NA,NA,NA,NA,NA,Daniel Oehm <danieloehm@gmail.com>,NA,2023-12-03 19:31:21 UTC; danie,NA,NA,NA,NA,Crops an Image to a Circle,Package,https://github.com/doehm/cropcircles,NA,NA,NA,NA,NA,2023-12-03,NA,NA,NA,NA,NA,NA,10.32614/CRAN.package.cropcircles,TRUE,FALSE,TRUE,FALSE,1
crsuggest,0.4,NA,R (>= 3.3),"sf (>= 0.9), units, dplyr, purrr, mapview",NA,"mapboxapi, tigris, tidycensus, ggplot2",NA,MIT + file LICENSE,NA,NA,NA,NA,5cc90e39e2a92608855b2ac70b2dbcfb,no,NA,"Kyle Walker [aut, cre]","c(person(given = ""Kyle"", family = ""Walker"", 
           email=""kyle@walker-data.com"", role=c(""aut"", ""cre"")))",NA,NA,NA,NA,NA,NA,NA,NA,NA,NA,NA,NA,NA,NA,NA,NA,NA,NA,2022-07-06,2022-07-06 17:00:02 UTC,"Uses data from the 'EPSG' Registry to look up suitable coordinate reference 
    system transformations for spatial datasets in R.  Returns a data frame with 'CRS' codes
    that can be used for 'CRS' transformation and mapping projects.  Please see 
    the 'EPSG' Dataset Terms of Use at <https://epsg.org/terms-of-use.html> for more information.",UTF-8,NA,NA,true,xz,NA,NA,Kyle Walker <kyle@walker-data.com>,NA,2022-07-06 16:25:13 UTC; kyle,NA,NA,NA,NA,"Obtain Suggested Coordinate Reference System Information for
Spatial Data",Package,NA,NA,NA,NA,NA,NA,2022-07-06,NA,spacejamr,NA,NA,NA,NA,10.32614/CRAN.package.crsuggest,TRUE,TRUE,FALSE,FALSE,1
cureplots,1.1.1,NA,R (>= 2.10),"dplyr, ggplot2, glue",NA,testthat (>= 3.0.0),NA,AGPL (>= 3),NA,NA,NA,NA,9c32267e5291e8374e68855a54143fcd,no,NA,"Jonathan Wood [aut] (<https://orcid.org/0000-0003-0131-6384>),
  Guillermo Basulto-Elias [aut, cre]
    (<https://orcid.org/0000-0002-5205-2190>)","c(
    person(""Jonathan"", ""Wood"", email = ""jwood2@iastate.edu"", role = ""aut"", comment = c(ORCID = ""0000-0003-0131-6384"")),
    person(""Guillermo"", ""Basulto-Elias"", email = ""basulto@iastate.edu"", role = c(""aut"", ""cre""), comment = c(ORCID = ""0000-0002-5205-2190"")))",NA,https://github.com/gbasulto/cureplots/issues,NA,NA,NA,NA,NA,NA,NA,NA,NA,NA,NA,NA,NA,NA,NA,NA,NA,2024-10-30 18:30:02 UTC,Creates 'ggplot2' Cumulative Residual (CURE) plots to check the goodness-of-fit of a count model; or the tables to create a customized version. A dataset of crashes in Washington state is available for illustrative purposes.,UTF-8,NA,en-US,true,NA,NA,NA,Guillermo Basulto-Elias <basulto@iastate.edu>,NA,2024-10-30 18:19:56 UTC; basulto,NA,NA,NA,NA,CURE (Cumulative Residual) Plots,Package,"https://github.com/gbasulto/cureplots,
https://gbasulto.github.io/cureplots/",NA,NA,NA,NA,NA,2024-10-30,NA,NA,NA,NA,NA,NA,10.32614/CRAN.package.cureplots,TRUE,FALSE,TRUE,FALSE,1
cytofan,0.1.0,NA,"R (>= 3.0.0), ggplot2 (>= 2.2.0)",RColorBrewer,NA,"dplyr, reshape2, bodenmiller, knitr, rmarkdown",NA,GPL-3,NA,NA,NA,NA,044cfe718216d2a5dbad87a7a18cd0c1,no,NA,"Yann Abraham [aut, cre]","person(""Yann"", ""Abraham"", email = ""yann.abraham@gmail.com"",
                  role = c(""aut"", ""cre""))",NA,https://github.com/yannabraham/cytofan/issues,NA,NA,NA,NA,NA,NA,NA,NA,NA,NA,NA,NA,NA,NA,NA,NA,NA,2018-07-30 11:40:03 UTC,"An implementation of Fan plots for cytometry data in 'ggplot2'. 
    For reference see Britton, E.; Fisher, P. & J. Whitley (1998) The Inflation Report Projections: Understanding the Fan Chart 
    <https://www.bankofengland.co.uk/quarterly-bulletin/1998/q1/the-inflation-report-projections-understanding-the-fan-chart>).",UTF-8,NA,NA,true,NA,NA,NA,Yann Abraham <yann.abraham@gmail.com>,NA,2018-07-25 19:48:34 UTC; ayann,NA,NA,NA,NA,Plot Fan Plots for Cytometry Data using 'ggplot2',Package,https://github.com/yannabraham/cytofan,NA,knitr,NA,NA,NA,2018-07-30,NA,NA,NA,"bodenmiller, Radviz",NA,NA,10.32614/CRAN.package.cytofan,TRUE,FALSE,TRUE,FALSE,1
DataVisualizations,1.3.3,NA,R (>= 3.5),"Rcpp (>= 0.12.12), ggplot2, sp, pracma, reshape2","Rcpp, RcppArmadillo","plyr, MBA, ggmap, plotrix, rworldmap, rgl, ABCanalysis,
choroplethr, R6, parallelDist, knitr (>= 1.12), rmarkdown (>=
0.9), vioplot, ggExtra, plotly, htmlwidgets, diptest, moments,
signal, ggrepel, MASS, ROCit, ScatterDensity (>= 0.0.3),
colorspace, viridis, gridExtra",NA,GPL-3,NA,NA,NA,NA,60484009b3b689cc7ad0ee7062d51b00,yes,NA,"Michael Thrun [aut, cre, cph] (<https://orcid.org/0000-0001-9542-5543>),
  Felix Pape [aut, rev],
  Onno Hansen-Goos [ctr, ctb],
  Quirin Stier [ctb, rev] (<https://orcid.org/0000-0002-7896-4737>),
  Hamza Tayyab [ctr, ctb],
  Luca Brinkmann [ctr, ctb],
  Dirk Eddelbuettel [ctr],
  Craig Varrichio [ctr],
  Alfred Ultsch [dtc, ctb, ctr]","c(person(""Michael"", ""Thrun"", email= ""m.thrun@gmx.net"",role=c(""aut"",""cre"",""cph""), comment = c(ORCID = ""0000-0001-9542-5543"")),person(""Felix"", ""Pape"",role=c(""aut"",""rev"")),person(""Onno"", ""Hansen-Goos"",role=c(""ctr"",""ctb"")),person(""Quirin"", ""Stier"",role=c(""ctb"",""rev""), comment = c(ORCID = ""0000-0002-7896-4737"")),person(""Hamza"", ""Tayyab"",role=c(""ctr"",""ctb"")),person(""Luca"", ""Brinkmann"",role=c(""ctr"",""ctb"")),person(""Dirk"", ""Eddelbuettel"",role=c(""ctr"")),person(""Craig"", ""Varrichio"",role=c(""ctr"")),person(""Alfred"", ""Ultsch"",role=c(""dtc"",""ctb"",""ctr"")))",NA,https://github.com/Mthrun/DataVisualizations/issues,NA,NA,NA,NA,NA,NA,NA,NA,NA,NA,NA,NA,NA,NA,NA,NA,2025-01-26,2025-01-26 15:10:02 UTC,"Gives access to data visualisation methods that are relevant from the data scientist's point of view. The flagship idea of 'DataVisualizations' is the mirrored density plot (MD-plot) for either classified or non-classified multivariate data published in Thrun, M.C. et al.: ""Analyzing the Fine Structure of Distributions"" (2020), PLoS ONE, <DOI:10.1371/journal.pone.0238835>. The MD-plot outperforms the box-and-whisker diagram (box plot), violin plot and bean plot and geom_violin plot of ggplot2. Furthermore, a collection of various visualization methods for univariate data is provided. In the case of exploratory data analysis, 'DataVisualizations' makes it possible to inspect the distribution of each feature of a dataset visually through a combination of four methods. One of these methods is the Pareto density estimation (PDE) of the probability density function (pdf). Additionally, visualizations of the distribution of distances using PDE, the scatter-density plot using PDE for two variables as well as the Shepard density plot and the Bland-Altman plot are presented here. Pertaining to classified high-dimensional data, a number of visualizations are described, such as f.ex. the heat map and silhouette plot. A political map of the world or Germany can be visualized with the additional information defined by a classification of countries or regions. By extending the political map further, an uncomplicated function for a Choropleth map can be used which is useful for measurements across a geographic area. For categorical features, the Pie charts, slope charts and fan plots, improved by the ABC analysis, become usable. More detailed explanations are found in the book by Thrun, M.C.: ""Projection-Based Clustering through Self-Organization and Swarm Intelligence"" (2018) <DOI:10.1007/978-3-658-20540-9>.",NA,NA,NA,TRUE,xz,yes,NA,Michael Thrun <m.thrun@gmx.net>,NA,2025-01-26 14:22:15 UTC; MCT,NA,NA,NA,NA,Visualizations of High-Dimensional Data,Package,https://www.deepbionics.org/,NA,knitr,NA,NA,NA,2025-01-26,NA,"AdaptGauss, FCPS, opGMMassessment, Umatrix",NA,"DatabionicSwarm, DRquality, GeneralizedUmatrix, ProjectionBasedClustering, ScatterDensity",NA,NA,10.32614/CRAN.package.DataVisualizations,TRUE,FALSE,TRUE,FALSE,1
dbplot,0.3.3,NA,R (>= 3.1),"dplyr (>= 0.7), rlang (>= 0.3), ggplot2, purrr, magrittr",NA,"dbplyr (>= 1.4.0), testthat, tidyr, covr",NA,GPL-3,NA,NA,NA,NA,71742632813774df3af40611696abf57,no,NA,"Edgar Ruiz [aut, cre]","
    person(""Edgar"", ""Ruiz"", email = ""edgararuiz@gmail.com"", role = c(""aut"", ""cre""))",NA,https://github.com/edgararuiz/dbplot/issues,NA,NA,NA,NA,NA,NA,NA,NA,NA,NA,NA,NA,NA,NA,NA,NA,NA,2020-02-07 01:10:09 UTC,"Leverages 'dplyr' to process the calculations of a plot inside a database. 
    This package provides helper functions that abstract the work at three levels:
    outputs a 'ggplot', outputs the calculations, outputs the formula
    needed to calculate bins.",UTF-8,NA,NA,NA,NA,NA,NA,Edgar Ruiz <edgararuiz@gmail.com>,NA,2020-02-06 21:32:08 UTC; edgar,NA,NA,NA,NA,Simplifies Plotting Data Inside Databases,NA,https://github.com/edgararuiz/dbplot,NA,NA,NA,NA,NA,2020-02-07,NA,NA,NA,NA,NA,NA,10.32614/CRAN.package.dbplot,TRUE,FALSE,TRUE,FALSE,1
deeptime,2.1.0,NA,R (>= 3.4),"deeptimedata, ggplot2 (>= 3.5.0), utils, ggforce, grid,
gridExtra, gtable, methods, stats, lattice, rlang (>= 1.1.0),
scales, ggfittext, curl, cli, lifecycle, grImport2, ggh4x",NA,"geomtextpath, phytools, dplyr, divDyn, gsloid, ape,
palaeoverse, paleotree, dispRity, ggtree (>= 3.6.1), testthat
(>= 3.0.0), vdiffr (>= 1.0.0), knitr, rmarkdown, withr,
ggpattern, ggrepel, rmacrostrat, svglite",NA,GPL (>= 3),NA,NA,NA,NA,0550febaec7252bd724748a34c8bd92d,no,NA,"William Gearty [aut, cre] (<https://orcid.org/0000-0003-0076-3262>)","person(""William"", ""Gearty"", email = ""willgearty@gmail.com"", role = c(""aut"", ""cre""),
                  comment = c(ORCID = ""0000-0003-0076-3262""))",NA,https://github.com/willgearty/deeptime/issues,NA,NA,NA,NA,NA,NA,NA,NA,NA,NA,NA,NA,NA,NA,NA,NA,NA,2024-10-25 23:30:02 UTC,"Extends the functionality of other plotting packages (notably 'ggplot2')
    to help facilitate the plotting of data over long time intervals, including,
    but not limited to, geological, evolutionary, and ecological data. The
    primary goal of 'deeptime' is to enable users to add highly customizable
    timescales to their visualizations. Other functions are also included to
    assist with other areas of deep time visualization.",UTF-8,NA,NA,true,NA,NA,NA,William Gearty <willgearty@gmail.com>,NA,2024-10-25 14:07:05 UTC; willg,NA,NA,NA,NA,Plotting Tools for Anyone Working in Deep Time,NA,"https://williamgearty.com/deeptime/,
https://github.com/willgearty/deeptime",NA,knitr,NA,NA,NA,2024-10-25,NA,"EvoPhylo, RevGadgets",NA,"rmacrostrat, rphylopic",NA,NA,10.32614/CRAN.package.deeptime,TRUE,FALSE,TRUE,FALSE,1
descriptio,1.3,NA,NA,"MASS, ggplot2, rlang",NA,"rmarkdown, knitr, rmdformats, ggpattern, paletteer, GGally",NA,GPL (>= 2),NA,NA,NA,NA,f1a05bcec54bcf6d027d32acf3f56a87,no,NA,"Nicolas Robette [aut, cre]","c(person(""Nicolas"", ""Robette"", role = c(""aut"", ""cre""), email = ""nicolas.robette@uvsq.fr""))",NA,https://github.com/nicolas-robette/descriptio/issues,NA,NA,NA,NA,NA,NA,NA,NA,NA,NA,NA,NA,NA,NA,NA,NA,NA,2024-03-07 11:00:02 UTC,"Description of statistical associations between two variables : measures of local and global association between variables (phi, Cramér V, correlations, eta-squared, Goodman and Kruskal tau, permutation tests, etc.), multiple graphical representations of the associations between two variables (using 'ggplot2') and weighted statistics.",UTF-8,NA,NA,true,NA,NA,NA,Nicolas Robette <nicolas.robette@uvsq.fr>,NA,2024-03-07 10:35:06 UTC; nicolas,NA,NA,NA,NA,Descriptive Statistical Analysis,Package,"https://github.com/nicolas-robette/descriptio,
https://nicolas-robette.github.io/descriptio/",NA,NA,NA,NA,NA,2024-03-07,NA,GDAtools,NA,"moreparty, seqhandbook",NA,NA,10.32614/CRAN.package.descriptio,TRUE,FALSE,TRUE,FALSE,1
detzrcr,0.3.1,NA,NA,"ggplot2, shiny, MASS, stats, graphics, utils, DT",NA,"knitr, rmarkdown",NA,GPL-3,NA,NA,NA,NA,14db0ab35b182e822a8cfa73dcee4a41,no,NA,"Magnus Kristoffersen [aut, cre]","c(
    person(""Magnus"", ""Kristoffersen"", email=""magnus.kristoffersen@geo.uio.no"",
    role=c(""aut"", ""cre"")))",NA,NA,NA,NA,NA,NA,NA,NA,NA,NA,NA,NA,NA,NA,NA,NA,NA,NA,NA,2020-07-23 07:40:02 UTC,"Compare detrital zircon suites by uploading univariate,
      U-Pb age, or bivariate, U-Pb age and Lu-Hf data, in a 'shiny'-based
      user-interface. Outputs publication quality figures using 'ggplot2', and
      tables of statistics currently in use in the detrital zircon geochronology
      community.",UTF-8,NA,NA,TRUE,NA,NA,NA,Magnus Kristoffersen <magnus.kristoffersen@geo.uio.no>,NA,2020-07-23 07:29:29 UTC; magnukr,NA,NA,NA,NA,Compare Detrital Zircon Suites,Package,https://github.com/magnuskristoffersen/detzrcr,NA,knitr,NA,NA,NA,2020-07-23,NA,NA,NA,NA,NA,NA,10.32614/CRAN.package.detzrcr,TRUE,FALSE,TRUE,FALSE,1
dggridR,3.1.0,NA,R (>= 3.4.0),"Rcpp (>= 0.12.12), collapse (>= 1.8.0), sf (>= 1.0), s2 (>=
1.1)",Rcpp,"ggplot2, knitr, rmarkdown, dplyr, maps, R.rsp, testthat",NA,AGPL (>= 3),NA,NA,NA,NA,558903b6a76091558b07f1dc3d5257c5,yes,NA,"Richard Barnes [aut],
  Kevin Sahr [aut, cph],
  Gerald Evenden [cph],
  Angus Johnson [cph],
  Frank Warmerdam [cph],
  Even Rouault [cph],
  Lian Song [ctb],
  Sebastian Krantz [ctb, cre]","c(person(""Richard"", ""Barnes"",    role = ""aut"", email = ""rijard.barnes@gmail.com""),
             person(""Kevin"",   ""Sahr"",      role = c(""aut"", ""cph""), email = ""sahrk@sou.edu""),
             person(""Gerald"",  ""Evenden"",   role = ""cph""),
             person(""Angus"",   ""Johnson"",   role = ""cph""),
             person(""Frank"",   ""Warmerdam"", role = ""cph""),
             person(""Even"",    ""Rouault"",   role = ""cph""),
             person(""Lian"",    ""Song"",      role = ""ctb""),
             person(""Sebastian"", ""Krantz"",  role = c(""ctb"", ""cre""), email = ""sebastian.krantz@graduateinstitute.ch"")
             )",NA,https://github.com/r-barnes/dggridR/,NA,NA,NA,NA,NA,NA,NA,NA,NA,NA,NA,NA,NA,NA,NA,NA,2024-07-17,2024-07-26 06:20:02 UTC,"Spatial analyses involving binning require that every bin have the same area, but this is impossible using a rectangular grid laid over the Earth or over any projection of the Earth. Discrete global grids use hexagons, triangles, and diamonds to overcome this issue, overlaying the Earth with equally-sized bins. This package provides utilities for working with discrete global grids, along with utilities to aid in plotting such data.",UTF-8,NA,en-US,NA,NA,NA,NA,Sebastian Krantz <sebastian.krantz@graduateinstitute.ch>,NA,2024-07-17 21:34:32 UTC; sebastiankrantz,NA,NA,NA,NA,Discrete Global Grids,Package,https://github.com/r-barnes/dggridR/,NA,"knitr, R.rsp",NA,NA,NA,2024-07-26,NA,BioTIMEr,NA,NA,NA,NA,10.32614/CRAN.package.dggridR,TRUE,TRUE,FALSE,FALSE,1
DImodelsVis,1.0.1,NA,NA,"cli, DImodels (>= 1.3.1), dplyr (>= 1.0.0), forcats,
ggfortify, ggplot2, ggtext (>= 0.1.2), glue, grDevices,
insight, methods, metR, PieGlyph, plotwidgets, rlang, scales,
stats, tidyr, utils",NA,"DImodelsMulti (>= 1.0.0), knitr, rmarkdown, spelling",NA,GPL (>= 3),NA,NA,NA,NA,8fda9ae70017f60eed5fe67d37b4a263,no,NA,"Rishabh Vishwakarma [aut, cre]
    (<https://orcid.org/0000-0002-4847-3494>),
  Caroline Brophy [aut],
  Laura Byrne [aut],
  Catherine Hurley [aut]","
    c(person(""Rishabh"", ""Vishwakarma"", email = ""vishwakr@tcd.ie"", role = c(""aut"", ""cre""),
             comment = c(ORCID = ""0000-0002-4847-3494"")),
      person(""Caroline"", ""Brophy"", role = ""aut""),
      person(""Laura"", ""Byrne"", role = ""aut""),
      person(""Catherine"", ""Hurley"", role = ""aut""))",NA,NA,NA,NA,NA,NA,NA,NA,NA,NA,NA,NA,NA,NA,NA,NA,NA,NA,NA,2024-02-26 14:10:15 UTC,Statistical models fit to compositional data are often difficult to interpret due to the sum to 1 constraint on data variables. 'DImodelsVis' provides novel visualisations tools to aid with the interpretation of models fit to compositional data. All visualisations in the package are created using the 'ggplot2' plotting framework and can be extended like every other 'ggplot' object.,UTF-8,NA,en-US,NA,NA,NA,NA,Rishabh Vishwakarma <vishwakr@tcd.ie>,NA,2024-02-26 08:20:20 UTC; Administrator,NA,NA,NA,NA,"Visualising and Interpreting Statistical Models Fit to
Compositional Data",NA,https://rishvish.github.io/DImodelsVis/,NA,knitr,NA,NA,NA,2024-02-26,NA,NA,NA,NA,NA,NA,10.32614/CRAN.package.DImodelsVis,TRUE,FALSE,TRUE,FALSE,1
directlabels,2024.1.21,NA,NA,"grid (>= 3.0.0), quadprog",NA,"MASS, knitr, markdown, inlinedocs, RColorBrewer, ggplot2 (>=
2.0), rlang, lattice, alphahull, nlme, lars, latticeExtra,
dplyr, ggthemes, testthat",NA,GPL-3,NA,NA,NA,NA,7b77108461c30d70d2aff70222d5a730,no,NA,Toby Dylan Hocking,NA,NA,https://github.com/tdhock/directlabels/issues,NA,NA,NA,NA,NA,NA,NA,NA,NA,NA,NA,"utility.function.R compare.R dotplot.R lineplot.R
densityplot.R ggplot2.R positioning.functions.R doc.R lattice.R
scatterplot.R contourplot.R",NA,NA,NA,NA,NA,2024-01-24 19:20:07 UTC,"An extensible framework
 for automatically placing direct labels onto multicolor 'lattice' or
 'ggplot2' plots.
 Label positions are described using Positioning Methods
 which can be re-used across several different plots.
 There are heuristics for examining ""trellis"" and ""ggplot"" objects
 and inferring an appropriate Positioning Method.",NA,NA,NA,true,NA,NA,NA,Toby Dylan Hocking <toby.hocking@r-project.org>,NA,2024-01-24 18:50:25 UTC; th798,NA,NA,NA,NA,Direct Labels for Multicolor Plots,NA,https://github.com/tdhock/directlabels,NA,knitr,NA,NA,NA,2024-01-24,"jrt, primerTree","ALDEx2, AlphaPart, BasketballAnalyzeR, CoSMoS, foreSIGHT, prevR, QCAtools, reReg, rreg",NA,"atime, aum, binsegRcpp, dartR.base, denvax, episensr, htsr, mirt, mlr3resampling, penaltyLearning",NA,NA,10.32614/CRAN.package.directlabels,TRUE,FALSE,TRUE,FALSE,1
disaggR,1.0.5.3,NA,R (>= 3.6.0),"graphics, grDevices, methods, RColorBrewer (>= 1.1-2), stats,
utils",NA,"knitr, ggplot2 (>= 3.0.0), rmarkdown (>= 2.0.0), shiny (>=
1.5.0), shinytest2 (>= 0.1.0), testthat (>= 3.0.0), vdiffr (>=
1.0.0)",NA,MIT + file LICENSE,NA,NA,NA,NA,2cff5cc47628fbc915b751321f3766c0,no,NA,"Arnaud Feldmann [aut] (<https://orcid.org/0000-0003-0109-7505>, Author
    and maintener of the package until the version 1.0.1),
  Pauline Meinzel [cre],
  Thomas Laurent [ctb] (Maintener of the package from 1.0.2 to 1.0.5.2),
  Franck Arnaud [ctb] (barplot base graphics method for the mts class),
  Institut national de la statistique et des études économiques [cph]
    (https://www.insee.fr/)","
    c(person(given = ""Arnaud"",
             family = ""Feldmann"",
             role = ""aut"",
             email = ""arnaud.feldmann@gmail.com"",
             comment = c(ORCID = ""0000-0003-0109-7505"",""Author and maintener of the package until the version 1.0.1"")),
      person(given = ""Pauline"",
             family = ""Meinzel"",
             role = ""cre"",
             email = ""pauline.meinzel@insee.fr""),
      person(given = ""Thomas"",
             family = ""Laurent"",
             role = ""ctb"",
             comment = ""Maintener of the package from 1.0.2 to 1.0.5.2""),
      person(given = ""Franck"",
             family = ""Arnaud"",
             role = ""ctb"",
             comment = ""barplot base graphics method for the mts class""),
      person(given = ""Institut national de la statistique et des études économiques"",
             role = ""cph"",
             email = ""comptes-trimestriels@insee.fr"",
             comment = ""https://www.insee.fr/""))",NA,https://github.com/InseeFr/disaggR/issues,NA,NA,NA,NA,NA,NA,NA,NA,NA,NA,NA,"'bflSmooth.R' 'data.R' 'disaggR.R' 'utils.R' 'in.R'
's4register.R' 'twoStepsBenchmark.R' 'methods.R' 'plot.R'
'praislm.R' 'reView.R' 'threeRuleSmooth.R'",NA,NA,NA,NA,NA,2024-07-11 08:10:02 UTC,"The twoStepsBenchmark() and threeRuleSmooth() functions allow you to 
    disaggregate a low-frequency time series with higher frequency time series, 
    using the French National Accounts methodology. The aggregated sum of the 
    resulting time series is strictly equal to the low-frequency time series within the 
    benchmarking window. Typically, the low-frequency time series is an annual one, 
    unknown for the last year, and the high frequency one is either quarterly or 
    monthly. See ""Methodology of quarterly national accounts"", Insee Méthodes 
    N°126, by Insee (2012, ISBN:978-2-11-068613-8, <https://www.insee.fr/en/information/2579410>).",UTF-8,NA,NA,yes,NA,NA,NA,Pauline Meinzel <pauline.meinzel@insee.fr>,NA,2024-06-24 10:26:54 UTC; arnaud.feldmann,NA,NA,NA,NA,Two-Steps Benchmarks for Time Series Disaggregation,Package,https://inseefr.github.io/disaggR/,NA,knitr,NA,NA,NA,2024-07-11,NA,NA,NA,NA,NA,NA,10.32614/CRAN.package.disaggR,TRUE,TRUE,FALSE,FALSE,1
DisaggregateTS,3.0.1,NA,R (>= 3.5.0),"Rdpack, stats, Matrix, lars, zoo, withr",NA,"testthat (>= 3.0.0), knitr, rmarkdown, readxl, corrplot,
ggplot2",NA,GPL-3,NA,NA,NA,NA,bd5543ee68f27b70d866f6c2bfb25ecd,no,NA,"Kaveh Salehzadeh Nobari [aut, cre],
  Luke Mosley [aut]","c(person(given = ""Kaveh"",
           family = ""Salehzadeh Nobari"",
           role = c(""aut"", ""cre""),
           email = ""k.salehzadeh-nobari@imperial.ac.uk""),
    	   person(given = ""Luke"",
           family = ""Mosley"",
           role = ""aut"",
           email = ""lukemos313@gmail.com""))",NA,NA,NA,NA,NA,NA,NA,NA,NA,NA,NA,NA,NA,NA,NA,NA,NA,NA,NA,2024-10-31 12:40:06 UTC,"Provides tools for temporal disaggregation, including:
    (1) High-dimensional and low-dimensional series generation for simulation studies;
    (2) A toolkit for temporal disaggregation and benchmarking using low-dimensional indicator series 
        as proposed by Dagum and Cholette (2006, ISBN:978-0-387-35439-2);
    (3) Novel techniques by Mosley, Gibberd, and Eckley (2022, <doi:10.1111/rssa.12952>)
        for disaggregating low-frequency series in the presence of high-dimensional indicator matrices.",UTF-8,NA,NA,true,NA,NA,NA,Kaveh Salehzadeh Nobari <k.salehzadeh-nobari@imperial.ac.uk>,NA,2024-10-31 05:35:23 UTC; ksalehza,Rdpack,NA,NA,NA,High-Dimensional Temporal Disaggregation,Package,NA,NA,knitr,NA,NA,NA,2024-10-31,NA,NA,NA,NA,NA,NA,10.32614/CRAN.package.DisaggregateTS,TRUE,TRUE,FALSE,FALSE,1
disaggregation,0.4.0,NA,NA,"splancs, Matrix, stats, TMB, dplyr, ggplot2, cowplot, rSPDE,
sparseMVN, fmesher, tidyterra, terra, sf, utils","TMB, RcppEigen","testthat, knitr, rmarkdown, SpatialEpi",NA,MIT + file LICENSE,NA,NA,NA,NA,71b58ef59ac58b0b55f5edaa5e1b0112,yes,NA,"Anita Nandi [aut] (<https://orcid.org/0000-0002-5087-2494>),
  Tim Lucas [aut, cre] (<https://orcid.org/0000-0003-4694-8107>),
  Rohan Arambepola [aut],
  Andre Python [aut] (<https://orcid.org/0000-0001-8094-7226>),
  Simon Smart [ctb]","c(
    person(""Anita"", ""Nandi"", email = ""anita.k.nandi@gmail.com"", role = ""aut"", comment = c(ORCID = ""0000-0002-5087-2494"")),
    person(""Tim"", ""Lucas"", email =  ""timcdlucas@gmail.com"", role = c(""aut"", ""cre""), comment = c(ORCID = ""0000-0003-4694-8107"")),
    person(""Rohan"", ""Arambepola"", email = ""rarambepola@gmail.com"", role = ""aut""),
    person(""Andre"", ""Python"", email = ""python.andre@gmail.com"", role = ""aut"", comment = c(ORCID = ""0000-0001-8094-7226"")),
    person(""Simon"", ""Smart"", email = ""simon.smart@cantab.net"", role = ""ctb"")
    )",NA,NA,NA,NA,NA,NA,NA,NA,NA,NA,NA,NA,NA,NA,NA,NA,NA,NA,NA,2024-10-02 20:40:03 UTC,"Fits disaggregation regression models using 'TMB' ('Template Model
    Builder'). When the response data are aggregated to polygon level but
    the predictor variables are at a higher resolution, these models can be
    useful. Regression models with spatial random fields. The package is 
    described in detail in Nandi et al. (2023) <doi:10.18637/jss.v106.i11>.",UTF-8,NA,NA,NA,NA,NA,NA,Tim Lucas <timcdlucas@gmail.com>,NA,2024-10-02 16:23:34 UTC; simon,NA,NA,NA,GNU make,Disaggregation Modelling,Package,NA,NA,knitr,NA,NA,NA,2024-10-02,NA,NA,NA,NA,NA,NA,10.32614/CRAN.package.disaggregation,TRUE,TRUE,FALSE,FALSE,1
dittoViz,1.0.3,NA,ggplot2,"cowplot, ggrepel, ggridges, stats",NA,"plotly, testthat (>= 3.0.0), ggplot.multistats,
palmerpenguins, ggrastr (>= 0.2.0)",NA,MIT + file LICENCE,NA,NA,NA,NA,749d700bebeecb4d159462ba4ccf57f6,no,NA,"Daniel Bunis [aut, cre] (<https://orcid.org/0000-0002-0010-1616>)","c(person(""Daniel"", ""Bunis"", email = ""daniel.bunis@ucsf.edu"",
    role=c(""aut"", ""cre""), comment = c(ORCID = ""0000-0002-0010-1616"")))",NA,https://github.com/dtm2451/dittoViz/issues,NA,NA,NA,NA,NA,NA,NA,NA,NA,NA,NA,NA,NA,NA,NA,NA,NA,2025-02-25 18:30:02 UTC,"A comprehensive visualization toolkit built with coders of all
    skill levels and color-vision impaired audiences in mind. It allows creation
    of finely-tuned, publication-quality figures from single function calls.
    Visualizations include scatter plots, compositional bar plots, violin, box,
    and ridge plots, and more. Customization ranges from size and title
    adjustments to discrete-group circling and labeling, hidden data overlay
    upon cursor hovering via ggplotly() conversion, and many more, all with
    simple, discrete inputs. Color blindness friendliness is powered by legend
    adjustments (enlarged keys), and by allowing the use of shapes or
    letter-overlay in addition to the carefully selected dittoColors().",UTF-8,NA,NA,NA,NA,NA,NA,Daniel Bunis <daniel.bunis@ucsf.edu>,NA,2025-02-25 18:18:52 UTC; dan,NA,NA,NA,NA,User Friendly Data Visualization,Package,https://github.com/dtm2451/dittoViz,NA,NA,NA,NA,NA,2025-02-25,NA,NA,NA,NA,NA,NA,10.32614/CRAN.package.dittoViz,TRUE,FALSE,TRUE,FALSE,1
diveR,0.1.2,NA,R (>= 3.4),"cli (>= 1.1.0), crayon (>= 1.3.4), rstudioapi (>= 0.10), loon
(>= 1.2.2), loon.data, ggmulti, loon.ggplot, zenplots,
loon.shiny, loon.tourr, stats",NA,NA,NA,GPL-2,NA,NA,NA,NA,0ff7f1044a1496737c004511e022c42d,no,NA,"R. Wayne Oldford [aut, cre]","c(person(given = ""R. Wayne"", family = ""Oldford"",
                    email = ""rwoldford@uwaterloo.ca"", 
                    role = c(""aut"", ""cre""))
                    )",NA,https://github.com/great-northern-diver/diver/issues,NA,NA,NA,NA,NA,NA,NA,NA,NA,NA,NA,NA,NA,NA,NA,NA,NA,2021-09-28 19:40:02 UTC,"A suite of 'loon' related packages providing data analytic tools for 
    Direct Interactive Visual Exploration in R ('diveR').
    These tools work with and complement those of the 'tidyverse' suite, 
    extending the grammar of 'ggplot2' to become a grammar of interactive
    graphics.
    The suite provides many visual tools designed for moderately (100s of variables)
    high dimensional data analysis, through 'zenplots' and novel tools in 'loon', and
    extends the 'ggplot2' grammar to provide parallel coordinates, Andrews plots, and arbitrary 
    glyphs through 'ggmulti'.
    The  'diveR' package gathers together and installs all these related packages
    in a single step. ",UTF-8,NA,NA,NA,NA,NA,NA,R. Wayne Oldford <rwoldford@uwaterloo.ca>,NA,2021-09-28 19:20:03 UTC; rwoldford,NA,NA,NA,NA,Easily Install and Load Interactive Data Visualization Tools,Package,https://github.com/great-northern-diver/diver/,NA,NA,NA,NA,NA,2021-09-28,NA,NA,NA,NA,NA,NA,10.32614/CRAN.package.diveR,TRUE,FALSE,TRUE,FALSE,1
donutsk,0.1.1,NA,"ggplot2 (>= 3.5.0), R (>= 4.2.0)","dplyr (>= 1.1.2), glue (>= 1.6.2), rlang (>= 1.1.1)",NA,"knitr, rmarkdown, scales (>= 1.3.0), stringr (>= 1.5.0),
testthat (>= 3.0.0), tidyr (>= 1.3.0)",NA,MIT + file LICENSE,NA,NA,NA,NA,c231f62743f2467105c1ce226adfc71e,no,NA,"Dmitry Kibalnikov [aut, cre, cph]","
    person(""Dmitry"", ""Kibalnikov"", , ""d.kibalnikov@gmail.com"", role = c(""aut"", ""cre"", ""cph""))",NA,https://github.com/dkibalnikov/donutsk/issues,NA,NA,NA,NA,NA,NA,NA,NA,NA,NA,NA,NA,NA,NA,NA,NA,NA,2024-04-22 18:50:06 UTC,"Build donut/pie charts with 'ggplot2' layer by layer, exploiting the advantages of polar symmetry. Leverage layouts to distribute labels effectively. Connect labels to donut segments using pins. Streamline annotation and highlighting.",UTF-8,NA,NA,true,NA,NA,NA,Dmitry Kibalnikov <d.kibalnikov@gmail.com>,NA,2024-04-21 10:42:22 UTC; Dmitrii_Kibalnikov,NA,NA,NA,NA,Construct Advanced Donut Charts,NA,"https://github.com/dkibalnikov/donutsk,
https://dkibalnikov.github.io/donutsk/",NA,knitr,NA,NA,NA,2024-04-22,NA,NA,NA,NA,NA,NA,10.32614/CRAN.package.donutsk,TRUE,FALSE,TRUE,FALSE,1
dotwhisker,0.8.3,NA,"R (>= 3.2.0), ggplot2 (>= 2.2.1),","grid, gtable, gridExtra, stats, parameters, performance,
patchwork, dplyr, stringr, ggstance, rlang, purrr",NA,"ordinal, tibble, knitr, rmarkdown, broom",NA,MIT + file LICENSE,NA,NA,NA,NA,f369f3adced0350de32e3455869ae2af,no,NA,"Frederick Solt [aut],
  Yue Hu [aut, cre],
  Ben Bolker [ctb],
  Os Keyes [ctb],
  Stefan Müller [ctb],
  Thomas Leeper [ctb],
  Chris Wallace [ctb],
  Christopher Warshaw [ctb]","
   c(person(""Frederick"", ""Solt"", role = c(""aut""), email = ""frederick-solt@uiowa.edu""),
    person(""Yue"", ""Hu"", role = c(""aut"", ""cre""), email = ""yuehu@tsinghua.edu.cn""),
    person(""Ben"", ""Bolker"", role = ""ctb"", email = ""bolker@mcmaster.ca""),
    person(""Os"", ""Keyes"", role = ""ctb"", email = ""ironholds@gmail.com""),
    person(""Stefan"", ""Müller"", role = ""ctb"", email = ""stefan.mueller@ucd.ie""),
    person(""Thomas"", ""Leeper"", role = ""ctb"", email = ""thosjleeper@gmail.com""),
    person(""Chris"", ""Wallace"", role = ""ctb"", email = ""cew54@cam.ac.uk""),
    person(""Christopher"", ""Warshaw"", role = ""ctb"", email = ""warshaw@email.gwu.edu""))",NA,https://github.com/fsolt/dotwhisker/issues,NA,NA,NA,NA,NA,NA,NA,NA,NA,NA,NA,NA,NA,NA,NA,NA,NA,2024-09-27 06:40:05 UTC,Create quick and easy dot-and-whisker plots of regression results. It takes as input either (1) a coefficient table in standard form or (2) one (or a list of) fitted model objects (of any type that has methods implemented in the 'parameters' package). It returns 'ggplot' objects that can be further customized using tools from the 'ggplot2' package. The package also includes helper functions for tasks such as rescaling coefficients or relabeling predictor variables. See more methodological discussion of the visualization and data management methods used in this package in Kastellec and Leoni (2007) <doi:10.1017/S1537592707072209> and Gelman (2008) <doi:10.1002/sim.3107>.,UTF-8,NA,NA,NA,NA,NA,NA,Yue Hu <yuehu@tsinghua.edu.cn>,NA,2024-09-27 00:21:51 UTC; HU Yue,NA,NA,NA,NA,Dot-and-Whisker Plots of Regression Results,Package,https://fsolt.org/dotwhisker/,NA,knitr,NA,NA,NA,2024-09-27,NA,NA,NA,"broom.mixed, glmmTMB",NA,NA,10.32614/CRAN.package.dotwhisker,TRUE,FALSE,TRUE,FALSE,1
DOYPAColors,0.0.2,NA,R (>= 3.5.0),"ggplot2, grDevices, gridExtra",NA,"knitr, rmarkdown, terra, testthat (>= 3.0.0), tidyterra",NA,MIT + file LICENSE,NA,NA,NA,NA,4914e2336a8dfd927d115dd86430f9b4,no,NA,"Jorge Mestre [aut, cre] (<https://orcid.org/0000-0002-8983-3417>)","
    person(""Jorge"", ""Mestre"", , ""jorge.mestre.tomas@csic.es"", role = c(""aut"", ""cre""),
           comment = c(ORCID = ""0000-0002-8983-3417""))",NA,https://github.com/jmestret/DOYPAColors/issues,NA,NA,NA,NA,NA,NA,NA,NA,NA,NA,NA,NA,NA,NA,NA,NA,NA,2024-09-03 10:30:19 UTC,"Access diverse 'ggplot2'-compatible color palettes for
    simplified data visualization.",UTF-8,NA,en-US,NA,NA,NA,NA,Jorge Mestre <jorge.mestre.tomas@csic.es>,NA,2024-09-02 20:28:12 UTC; jorge,NA,NA,NA,NA,Don't Overthink Your Palette of Colors,Package,"https://github.com/jmestret/DOYPAColors,
https://jmestret.github.io/DOYPAColors/",NA,knitr,NA,NA,NA,2024-09-03,NA,NA,NA,NA,NA,NA,10.32614/CRAN.package.DOYPAColors,TRUE,FALSE,TRUE,FALSE,1
easyalluvial,0.3.2,NA,R(>= 3.5),"purrr , tidyr (>= 1.0.0) , dplyr , forcats , ggalluvial (>=
0.9.1) , ggplot2 (>= 3.2.0) , ggridges , RColorBrewer , recipes
(>= 0.1.5) , rlang , stringr , magrittr , tibble , gridExtra ,
randomForest , progressr , progress",NA,"testthat, covr, ISLR, nycflights13, vdiffr (>= 0.3.1),
pkgdown, mlbench, earth, workflows, future, furrr, e1071,
caret, parsnip, vip, rpart, glmnet, xgboost",NA,CC0,NA,NA,NA,NA,dab556831dcc1cb6b04aae9fbaadde57,no,NA,"Bjoern Koneswarakantha [aut, cre]
    (<https://orcid.org/0000-0003-4585-7799>)","person( ""Bjoern"", ""Koneswarakantha"", role = c(""aut"",""cre""), email = ""datistics@gmail.com"", comment = c(ORCID = ""0000-0003-4585-7799"") )",NA,NA,NA,NA,NA,NA,NA,NA,NA,NA,NA,NA,NA,NA,NA,NA,NA,NA,NA,2023-12-07 13:40:06 UTC,"Alluvial plots are similar to sankey diagrams and visualise categorical data 
    over multiple dimensions as flows. (Rosvall M, Bergstrom CT (2010) Mapping Change in 
    Large Networks. PLoS ONE 5(1): e8694. <doi:10.1371/journal.pone.0008694> 
    Their graphical grammar however is a bit more complex then that of a regular x/y 
    plots. The 'ggalluvial' package made a great job of translating that grammar into 
    'ggplot2' syntax and gives you many options to tweak the appearance of an alluvial 
    plot, however there still remains a multi-layered complexity that makes it difficult
    to use 'ggalluvial' for explorative data analysis. 'easyalluvial' provides a simple 
    interface to this package that allows you to produce a decent alluvial plot from any 
    dataframe in either long or wide format from a single line of code while also handling 
    continuous data. It is meant to allow a quick visualisation of entire dataframes 
    with a focus on different colouring options that can make alluvial plots a great 
    tool for data exploration. ",UTF-8,NA,en-US,true,NA,NA,NA,Bjoern Koneswarakantha <datistics@gmail.com>,NA,2023-12-07 12:44:05 UTC; koneswab,NA,NA,NA,NA,Generate Alluvial Plots with a Single Line of Code,NA,https://github.com/erblast/easyalluvial/,NA,NA,NA,NA,NA,2023-12-07,NA,parcats,NA,NA,NA,NA,10.32614/CRAN.package.easyalluvial,TRUE,FALSE,TRUE,FALSE,1
effectplots,0.2.2,NA,R (>= 4.1.0),"collapse, ggplot2, grDevices, labeling, patchwork, plotly,
Rcpp, scales, stats",Rcpp,testthat (>= 3.0.0),h2o,GPL (>= 3),NA,NA,NA,NA,fbc75070bd2bfb8088c7aa555c28a199,yes,NA,"Michael Mayer [aut, cre]","
    person(""Michael"", ""Mayer"", , ""mayermichael79@gmail.com"", role = c(""aut"", ""cre""))",NA,https://github.com/mayer79/effectplots/issues,NA,NA,NA,NA,NA,NA,NA,NA,NA,NA,NA,NA,NA,NA,NA,NA,NA,2025-03-09 09:40:01 UTC,"High-performance implementation of various effect plots
    useful for regression and probabilistic classification tasks.  The
    package includes partial dependence plots (Friedman, 2021,
    <doi:10.1214/aos/1013203451>), accumulated local effect plots and
    M-plots (both from Apley and Zhu, 2016, <doi:10.1111/rssb.12377>), as
    well as plots that describe the statistical associations between model
    response and features.  It supports visualizations with either
    'ggplot2' or 'plotly', and is compatible with most models, including
    'Tidymodels', models wrapped in 'DALEX' explainers, or models with
    case weights.",UTF-8,NA,NA,NA,NA,NA,NA,Michael Mayer <mayermichael79@gmail.com>,NA,2025-03-09 09:27:54 UTC; mayer,NA,NA,NA,NA,Effect Plots,NA,https://github.com/mayer79/effectplots,NA,NA,NA,NA,NA,2025-03-09,NA,NA,NA,NA,NA,NA,10.32614/CRAN.package.effectplots,TRUE,FALSE,TRUE,FALSE,1
egg,0.4.5,NA,"gridExtra (>= 2.3), ggplot2","gtable, grid, grDevices, utils",NA,"knitr, png",NA,GPL-3,NA,NA,NA,NA,5092b6f00723cee6c47d923780cc781b,no,NA,"Baptiste Auguie [aut, cre]","c(person(""Baptiste"", ""Auguie"",
    email = ""baptiste.auguie@gmail.com"",
    role = c(""aut"", ""cre"")))",NA,NA,NA,NA,NA,NA,NA,NA,NA,NA,NA,NA,NA,NA,NA,NA,NA,NA,NA,2019-07-13 06:00:27 UTC,"Miscellaneous functions to help customise 'ggplot2' objects. High-level functions are provided to post-process 'ggplot2' layouts and allow alignment between plot panels, as well as setting panel sizes to fixed values. Other functions include a custom 'geom', and helper functions to enforce symmetric scales or add tags to facetted plots.",NA,NA,NA,NA,NA,NA,NA,Baptiste Auguie <baptiste.auguie@gmail.com>,NA,2019-07-13 05:29:16 UTC; baptiste,NA,NA,NA,NA,"Extensions for 'ggplot2': Custom Geom, Custom Themes, Plot
Alignment, Labelled Panels, Symmetric Scales, and Fixed Panel
Size",Package,NA,NA,knitr,NA,NA,NA,2019-07-13,NA,"AgroReg, baycn, CellBarcode, Certara.Xpose.NLME, coveffectsplot, EWSmethods, explainer, GABB, ggcleveland, ggrisk, heatmaply, IDMIR, mobr, plotGrouper, rifi, rifiComparative, RTNsurvival, ShapleyOutlier, tidyvpc, topr",NA,"frailtyEM, gridExtra, simRestore, Unico, visualpred",NA,NA,10.32614/CRAN.package.egg,TRUE,TRUE,TRUE,FALSE,2
emojifont,0.5.5,NA,R (>= 3.4.0),"ggplot2, proto, showtext, sysfonts, utils",NA,"colorspace, knitr, rmarkdown, prettydoc",NA,Artistic-2.0,NA,NA,NA,NA,4161fd0eb2249b450b7ec43d7a12801c,no,NA,"Guangchuang Yu [aut, cre] (<https://orcid.org/0000-0002-6485-8781>),
  Claus Thorn Ekstrøm [ctb]","c(
    person(given = ""Guangchuang"", family = ""Yu"",      email = ""guangchuangyu@gmail.com"", role  = c(""aut"", ""cre""), comment = c(ORCID = ""0000-0002-6485-8781"")),
    person(given = ""Claus Thorn"", family = ""Ekstrøm"", email = ""ekstrom@sund.ku.dk"",      role  = c(""ctb""))
    )",NA,https://github.com/GuangchuangYu/emojifont/issues,NA,NA,NA,NA,NA,NA,NA,NA,NA,NA,NA,NA,NA,NA,NA,NA,NA,2021-04-20 10:00:12 UTC,"An implementation of using emoji and fontawesome for using in both
    base and 'ggplot2' graphics.",UTF-8,NA,NA,NA,NA,NA,NA,Guangchuang Yu <guangchuangyu@gmail.com>,NA,2021-04-20 02:58:00 UTC; ygc,NA,NA,NA,NA,Emoji and Font Awesome in Graphics,Package,https://github.com/GuangchuangYu/emojifont,NA,knitr,NA,NA,NA,2021-04-20,NA,"abstractr, carbonr, normfluodbf",NA,"ggtree, mazing, seqcombo, superb",NA,NA,10.32614/CRAN.package.emojifont,TRUE,FALSE,TRUE,FALSE,1
emstreeR,3.1.2,NA,R (>= 3.5.0),"mlpack, scatterplot3d, ggplot2, graphics, stats, sf",NA,NA,NA,BSD_3_clause + file LICENSE,NA,NA,NA,NA,8a7f2c09223c6d2f7577540f27065f32,no,NA,"Allan Quadros [aut, cre],
  Duncan Garmonsway [ctb]","c(
    person(given=""Allan"", family=""Quadros"", email = ""allanvcq@gmail.com"",
    role = c(""aut"", ""cre"")),
    person(given=""Duncan"", family=""Garmonsway"", email = ""nacnudus@gmail.com"",
    role = c(""ctb""))
    )",NA,https://github.com/allanvc/emstreeR/issues/,NA,NA,NA,NA,NA,NA,NA,NA,NA,NA,NA,NA,NA,NA,NA,NA,2023-11-13,2023-11-14 13:13:19 UTC,"Fast and easily computes an Euclidean Minimum Spanning Tree (EMST) from data,
    relying on the R API for 'mlpack' - the C++ Machine Learning Library (Curtin et. al., 2013).
    'emstreeR' uses the Dual-Tree Boruvka (March, Ram, Gray, 2010, <doi:10.1145/1835804.1835882>), 
    which is theoretically and empirically the fastest algorithm for computing an EMST. This package also provides 
    functions and an S3 method for readily visualizing Minimum Spanning Trees (MST) using either the 
    style of the 'base', 'scatterplot3d', or 'ggplot2' libraries; and functions to export the MST output to shapefiles.",UTF-8,NA,NA,NA,NA,NA,NA,Allan Quadros <allanvcq@gmail.com>,NA,2023-11-13 15:55:09 UTC; allan,NA,NA,NA,NA,"Tools for Fast Computing and Visualizing Euclidean Minimum
Spanning Trees",Package,NA,NA,NA,NA,NA,NA,2023-11-14,NA,wflo,NA,NA,NA,NA,10.32614/CRAN.package.emstreeR,TRUE,FALSE,TRUE,FALSE,1
esquisse,2.1.0,NA,NA,"bslib, datamods (>= 1.5.1), downlit, ggplot2 (>= 3.0.0),
grDevices, htmltools (>= 0.5.0), jsonlite, phosphoricons (>=
0.2.1), rlang (>= 0.3.1), rstudioapi, scales, shiny (>= 1.1.0),
shinybusy, shinyWidgets (>= 0.6.0), zip",NA,"officer, rvg, rio, testthat (>= 2.1.0), knitr, rmarkdown,
ggthemes, hrbrthemes, plotly",NA,GPL-3 | file LICENSE,NA,NA,NA,NA,b3b23a7986a4064f05df52b669994cae,no,NA,"Fanny Meyer [aut],
  Victor Perrier [aut, cre],
  Ian Carroll [ctb] (Faceting support),
  Xiangnan Dang [ctb] (Facets rows and cols, X/Y limits),
  Nicolas Bevacqua [cph] (author of dragula JavaScript library),
  Daybrush (Younkue Choi) [cph] (author of moveable JavaScript library),
  Zeno Rocha [cph] (author of clipboard JavaScript library)","c(person(""Fanny"", ""Meyer"", role = c(""aut"")),
  person(""Victor"", ""Perrier"", email = ""victor.perrier@dreamrs.fr"", role = c(""aut"", ""cre"")),
  person(""Ian"", ""Carroll"", comment = ""Faceting support"", role = ""ctb""),
  person(""Xiangnan"", ""Dang"", comment = ""Facets rows and cols, X/Y limits"", role = ""ctb""),
  person(""Nicolas"", ""Bevacqua"", role = ""cph"", comment = ""author of dragula JavaScript library""),
  person(""Daybrush (Younkue Choi)"", role = ""cph"", comment = ""author of moveable JavaScript library""),
  person(""Zeno"", ""Rocha"", role = ""cph"", comment = ""author of clipboard JavaScript library""))",NA,https://github.com/dreamRs/esquisse/issues,NA,NA,NA,NA,NA,NA,NA,NA,NA,NA,NA,NA,NA,NA,NA,NA,NA,2025-02-21 12:30:14 UTC,"A 'shiny' gadget to create 'ggplot2' figures interactively with drag-and-drop to map your variables to different aesthetics.
    You can quickly visualize your data accordingly to their type, export in various formats,
    and retrieve the code to reproduce the plot.",UTF-8,NA,NA,NA,NA,NA,NA,Victor Perrier <victor.perrier@dreamrs.fr>,NA,2025-02-21 09:33:17 UTC; perri,NA,NA,NA,NA,Explore and Visualize Your Data Interactively,Package,"https://dreamrs.github.io/esquisse/,
https://github.com/dreamRs/esquisse",NA,knitr,NA,NA,NA,2025-02-21,NA,shinyrecipes,NA,"flow, GDAtools, systemPipeShiny",NA,NA,10.32614/CRAN.package.esquisse,TRUE,FALSE,TRUE,FALSE,1
exploratory,0.3.31,NA,NA,"data.table, DT, ggplot2, ggridges, lemon, lm.beta, mediation,
remotes, shiny, shinydashboard, weights",NA,moments,NA,GPL-3,NA,NA,NA,NA,42116a23c817a208c71171c6a177666f,no,NA,"Jin Kim [aut, cre] (<https://orcid.org/0000-0002-5013-3958>)","
    person(given = ""Jin"",
           family = ""Kim"",
           role = c(""aut"", ""cre""),
           email = ""jin.m.kim@yale.edu"",
           comment = c(ORCID = ""https://orcid.org/0000-0002-5013-3958""))",NA,https://github.com/jinkim3/exploratory/issues,NA,NA,NA,NA,NA,NA,NA,NA,NA,NA,NA,NA,NA,NA,NA,NA,NA,2023-10-10 10:30:05 UTC,"Conduct numerous exploratory analyses in an instant with a 
    point-and-click interface. With one simple command, this tool 
    launches a Shiny App on the local machine. Drag and drop variables 
    in a data set to categorize them as possible independent, 
    dependent, moderating, or mediating variables. Then run dozens 
    (or hundreds) of analyses instantly to uncover any statistically 
    significant relationships among variables. Any relationship 
    thus uncovered should be tested in follow-up studies. 
    This tool is designed only to facilitate exploratory 
    analyses and should NEVER be used for p-hacking. Many of 
    the functions used in this package are previous versions of functions
    in the R Packages 'kim' and 'ezr'.
    Selected References:
    Chang et al. (2021) <https://CRAN.R-project.org/package=shiny>.
    Dowle et al. (2021) <https://CRAN.R-project.org/package=data.table>.
    Kim (2023) <https://jinkim.science/docs/kim.pdf>.
    Kim (2021) <doi:10.5281/zenodo.4619237>.
    Kim (2020) <https://CRAN.R-project.org/package=ezr>.
    Simmons et al. (2011) <doi:10.1177/0956797611417632>
    Tingley et al. (2019) <https://CRAN.R-project.org/package=mediation>.
    Wickham et al. (2020) <https://CRAN.R-project.org/package=ggplot2>.",UTF-8,NA,NA,NA,NA,NA,NA,Jin Kim <jin.m.kim@yale.edu>,NA,2023-10-10 09:58:58 UTC; b,NA,NA,NA,NA,A Tool for Large-Scale Exploratory Analyses,NA,https://exploratoryonly.com,NA,NA,NA,NA,NA,2023-10-10,NA,NA,NA,NA,NA,NA,10.32614/CRAN.package.exploratory,TRUE,FALSE,TRUE,FALSE,1
export,0.3.0,NA,R (>= 3.0),"stats, utils, datasets, grDevices, officer (>= 0.2.2), rvg (>=
0.1.8), xtable (>= 1.8-2), flextable (>= 0.4.3), rgl (>=
0.99.16), xml2 (>= 1.2.0), stargazer (>= 5.2.1), openxlsx (>=
4.0.17), broom (>= 0.4.4), devEMF (>= 3.8)",NA,ggplot2 (>= 1.0),NA,GPL-2,NA,NA,NA,NA,fe64d329db686477857af38ff1706d28,no,NA,"Tom Wenseleers [aut, cre],
  Christophe Vanderaa [aut]","c(person(""Tom"", ""Wenseleers"", role = c(""aut"", ""cre""),
    	     email = ""tom.wenseleers@kuleuven.be""),
  	       person(""Christophe"", ""Vanderaa"", role = c(""aut""),
  	       email = ""christophe.vanderaa@kuleuven.be""))",NA,https://github.com/tomwenseleers/export/issues,NA,NA,NA,NA,NA,NA,NA,NA,NA,NA,NA,NA,NA,NA,NA,NA,2022-12-05,2022-12-07 15:40:02 UTC,"Easily export 'R' graphs and statistical output to 'Microsoft
    Office' / 'LibreOffice', 'Latex' and 'HTML' Documents, using sensible defaults
    that result in publication-quality output with simple, straightforward commands.
    Output to 'Microsoft Office' is in editable 'DrawingML' vector format for
    graphs, and can use corporate template documents for styling. This enables
    the production of standardized reports and also allows for manual tidy-up
    of the layout of 'R' graphs in 'Powerpoint' before final publication. Export
    of graphs is flexible, and functions enable the currently showing R graph
    or the currently showing 'R' stats object to be exported, but also allow the
    graphical or tabular output to be passed as objects. The package relies on package
    'officer' for export to 'Office' documents,and output files are also fully compatible
    with 'LibreOffice'. Base 'R', 'ggplot2' and 'lattice' plots are supported, as
    well as a wide variety of 'R' stats objects, via wrappers to xtable(), broom::tidy() 
    and stargazer(), including aov(), lm(), glm(), lme(), glmnet() and coxph() as
    well as matrices and data frames and many more...",UTF-8,NA,NA,NA,NA,NA,NA,Tom Wenseleers <tom.wenseleers@kuleuven.be>,NA,2022-12-07 14:19:18 UTC; Ento,NA,NA,NA,NA,Streamlined Export of Graphs and Data Tables,Package,NA,NA,NA,NA,NA,NA,2022-12-07,NA,NA,NA,NA,NA,NA,10.32614/CRAN.package.export,TRUE,FALSE,TRUE,FALSE,1
ezEDA,0.1.1,NA,R (>= 3.1),"ggplot2 (>= 3.1.0), dplyr (>= 0.8.0.1), rlang (>= 0.2.1),
tidyr (>= 0.8.3), GGally (>= 1.4.0), scales (>= 1.0.0),
magrittr (>= 1.5), purrr (>= 0.3.3)",NA,"testthat, knitr, rmarkdown",NA,MIT + file LICENSE,NA,NA,NA,NA,88e893b83b23968833676a96240bcb51,no,NA,"Viswa Viswanathan [aut, cre] (<https://orcid.org/0000-0003-4395-5061>)","person(""Viswa"", ""Viswanathan"", email = ""kv.viswana@gmail.com"", role = c(""aut"", ""cre""), comment = c(ORCID = ""0000-0003-4395-5061""))",NA,https://github.com/kviswana/ezEDA/issues,NA,NA,NA,NA,NA,NA,NA,NA,NA,NA,NA,NA,NA,NA,NA,NA,NA,2021-06-29 04:40:10 UTC,"Enables users to create visualizations using functions 
    based on the data analysis task rather than on plotting mechanics. It hides
    the details of the individual 'ggplot2' function calls and 
    allows the user to focus on the end goal. Useful for quick preliminary explorations. 
    Provides functions for common exploration patterns. Some of the ideas in this
    package are motivated by Fox (2015, ISBN:1938377052).",UTF-8,NA,NA,NA,NA,NA,NA,Viswa Viswanathan <kv.viswana@gmail.com>,NA,2021-06-28 22:36:58 UTC; kv,NA,NA,NA,NA,Task Oriented Interface for Exploratory Data Analysis,Package,https://github.com/kviswana/ezEDA,NA,knitr,NA,NA,NA,2021-06-29,NA,NA,NA,NA,NA,NA,10.32614/CRAN.package.ezEDA,TRUE,FALSE,TRUE,FALSE,1
ezplot,0.7.13,NA,R (>= 3.3),"dplyr, forcats, ggplot2, lubridate, rlang",NA,"covr, DT, e1071, ggrepel, knitr, methods, miniUI, rmarkdown,
ROCR, shiny, stats, testthat, tibble, tidyr, tsibble,
tsibbledata",NA,MIT + file LICENSE,NA,NA,NA,NA,2338896d4fdabe1897b277e6b15f3c9d,no,NA,Wojtek Kostelecki,NA,NA,NA,NA,NA,NA,NA,NA,NA,NA,NA,NA,NA,NA,NA,NA,NA,NA,NA,NA,2024-01-28 11:30:05 UTC,"Wrapper for the 'ggplot2' package that creates a variety of common
  charts (e.g. bar, line, area, ROC, waterfall, pie) while aiming to reduce
  typing. ",UTF-8,NA,NA,NA,NA,NA,NA,Wojtek Kostelecki <wojtek.kostelecki@gmail.com>,NA,2024-01-28 10:45:40 UTC; wkost,NA,NA,NA,NA,Functions for Common Chart Types,Package,NA,NA,knitr,NA,NA,NA,2024-01-28,NA,NA,NA,NA,NA,NA,10.32614/CRAN.package.ezplot,TRUE,FALSE,TRUE,FALSE,1
FactoClass,1.2.9,NA,"R (>= 2.10), ade4,ggplot2,ggrepel,xtable,scatterplot3d",KernSmooth,NA,NA,NA,GPL (>= 2),NA,NA,NA,NA,8a7ecf5480035f1bc99271f48aec0c99,yes,NA,"Campo Elias Pardo <cepardot@unal.edu.co>, 
        Pedro Cesar del Campo <pcdelcampon@unal.edu.co> and 
        Camilo Jose Torres <cjtorresj@unal.edu.co>, 
        with the contributions from. 
        Ivan Diaz <ildiazm@unal.edu.co>, 
        Mauricio Sadinle <msadinleg@unal.edu.co>,
        Jhonathan Medina <jmedinau@unal.edu.co>.",NA,NA,NA,NA,NA,NA,NA,NA,NA,NA,NA,NA,NA,NA,NA,NA,NA,NA,NA,2024-01-24,2024-01-31 14:40:12 UTC,"Some functions of 'ade4' and 'stats' are combined in order to obtain 
             a partition of the rows of a data table, with columns representing 
             variables of scales: quantitative, qualitative or frequency. 
             First, a principal axes method is performed and then, a combination 
             of Ward agglomerative hierarchical classification and K-means is 
             performed, using some of the first coordinates obtained from the 
             previous principal axes method. 
             In order to permit different weights of the elements to be clustered, 
             the function 'kmeansW', programmed in C++, is included. 
             It is a modification of 'kmeans'. Some graphical functions include 
             the option: 'gg=FALSE'.  When 'gg=TRUE', they  use the 'ggplot2' 
             and 'ggrepel' packages to avoid  the super-position of the labels.   ",UTF-8,NA,NA,NA,NA,NA,NA,Campo Elias Pardo <cepardot@unal.edu.co>,NA,2024-01-24 17:32:52 UTC; cepardot,NA,NA,NA,NA,Combination of Factorial Methods and Cluster Analysis,NA,NA,NA,NA,NA,NA,NA,2024-01-31,NA,NA,NA,kselection,NA,NA,10.32614/CRAN.package.FactoClass,TRUE,FALSE,TRUE,FALSE,1
factoextra,1.0.7,NA,"R (>= 3.1.2), ggplot2 (>= 2.2.0)","abind, cluster, dendextend, FactoMineR, ggpubr(>= 0.1.5),
grid, stats, reshape2, ggrepel, tidyr",NA,"ade4, ca, igraph, MASS, knitr, mclust",NA,GPL-2,NA,NA,NA,NA,eb077fa358a4b7a279d88ff041fa6e60,no,NA,"Alboukadel Kassambara [aut, cre],
  Fabian Mundt [aut]","c(
    person(""Alboukadel"", ""Kassambara"", role = c(""aut"", ""cre""), email = ""alboukadel.kassambara@gmail.com""),
    person(""Fabian"", ""Mundt"", role = c(""aut""), email = ""f.mundt@inventionate.de"")
    )",NA,https://github.com/kassambara/factoextra/issues,NA,NA,NA,NA,NA,NA,NA,NA,NA,NA,NA,"'cluster_utilities.R' 'decathlon2.R' 'print.factoextra.R'
'get_hmfa.R' 'fviz_hmfa.R' 'get_mfa.R' 'fviz_mfa.R'
'deprecated.R' 'fviz_add.R' 'eigenvalue.R' 'utilities.R'
'dist.R' 'fviz_dend.R' 'hcut.R' 'get_pca.R' 'fviz_cluster.R'
'eclust.R' 'facto_summarize.R' 'fviz.R' 'fviz_ca.R'
'fviz_contrib.R' 'fviz_cos2.R' 'fviz_ellipses.R' 'fviz_famd.R'
'get_mca.R' 'fviz_mca.R' 'fviz_mclust.R' 'fviz_nbclust.R'
'fviz_pca.R' 'fviz_silhouette.R' 'get_ca.R'
'get_clust_tendency.R' 'get_famd.R' 'hkmeans.R' 'housetasks.R'
'multishapes.R' 'poison.R' 'zzz.R'",NA,NA,NA,NA,2020-04-01,2020-04-01 21:20:02 UTC,"Provides some easy-to-use functions to extract and visualize the
    output of multivariate data analyses, including 'PCA' (Principal Component
    Analysis), 'CA' (Correspondence Analysis), 'MCA' (Multiple Correspondence
    Analysis), 'FAMD' (Factor Analysis of Mixed Data), 'MFA' (Multiple Factor Analysis) and 'HMFA' (Hierarchical Multiple
    Factor Analysis) functions from different R packages. It contains also functions
    for simplifying some clustering analysis steps and provides 'ggplot2' - based
    elegant data visualization.",UTF-8,NA,NA,true,NA,NA,NA,Alboukadel Kassambara <alboukadel.kassambara@gmail.com>,NA,2020-04-01 20:17:41 UTC; kassambara,NA,NA,NA,NA,Extract and Visualize the Results of Multivariate Data Analyses,Package,http://www.sthda.com/english/rpkgs/factoextra,NA,NA,NA,NA,NA,2020-04-01,NA,"ASRgenomics, chooseGCM, CINNA, ClusterGVis, compindPCA, CytoGLMM, didec, disto, drclust, fmf, GEOexplorer, ggheatmap, hclusteasy, ihclust, immcp, immunarch, interca, InterCellar, jrSiCKLSNMF, kissDE, KMEANS.KNN, LDABiplots, metaCluster, MissCP, MSmix, MSstatsLiP, MultiRNAflow, MultivariateAnalysis, musicatk, OMICsPCA, omXplore, PhageCocktail, phoenics, powdR, protGear, qvirus, RclusTool, rKOMICS, rYWAASB, sejmRP, SensMap, seqArchRplus, SlideCNA, statgenHTP, statVisual, SurvHiDim, tRigon, UEI, wilson, WormTensor",NA,"artMS, DAPAR, eclust, FACT, FuzzyDBScan, GDAtools, longmixr, MARVEL, parameters, PLNmodels, ppclust, PSMatch, ReporterScore, rpcss, see, SSLR, tinyarray, wrGraph",NA,NA,10.32614/CRAN.package.factoextra,TRUE,FALSE,TRUE,FALSE,1
fillpattern,1.0.2,NA,R (>= 4.1.0),"ggplot2 (>= 3.5), grDevices, grid (>= 4.1), methods, utils",NA,"ragg, testthat (>= 3.0.0)",NA,MIT + file LICENSE,NA,NA,NA,NA,b52ba67e478a8d7d37c22f708fb6af31,no,NA,"Daniel P. Smith [aut, cre] (<https://orcid.org/0000-0002-2479-2044>),
  Alkek Center for Metagenomics and Microbiome Research [cph, fnd]","c(
    person(""Daniel P."", ""Smith"", , ""dansmith01@gmail.com"", role  = c(""aut"", ""cre""),
           comment = c(ORCID = ""0000-0002-2479-2044"")),
    person(""Alkek Center for Metagenomics and Microbiome Research"", role = c(""cph"", ""fnd""))
  )",NA,https://github.com/cmmr/fillpattern/issues,NA,NA,NA,NA,NA,NA,NA,NA,NA,NA,NA,NA,NA,NA,NA,NA,2024-06-24,2024-06-24 22:10:02 UTC,"Adds distinctive yet unobtrusive geometric patterns where solid 
    color fills are normally used. Patterned figures look just as 
    professional when viewed by colorblind readers or when printed in black 
    and white. The dozen included patterns can be customized in terms of scale,
    rotation, color, fill, line type, and line width. Compatible with the 
    'ggplot2' package as well as 'grid' graphics.",UTF-8,NA,NA,NA,NA,NA,NA,Daniel P. Smith <dansmith01@gmail.com>,NA,2024-06-24 21:54:32 UTC; Daniel,NA,NA,NA,NA,Patterned Fills for 'ggplot2' and 'grid' Graphics,Package,"https://cmmr.github.io/fillpattern/,
https://github.com/cmmr/fillpattern",NA,NA,NA,NA,NA,2024-06-24,NA,rbiom,NA,NA,NA,NA,10.32614/CRAN.package.fillpattern,TRUE,FALSE,TRUE,FALSE,1
fitbitViz,1.0.6,NA,R(>= 3.5),"glue, httr, jsonlite, ggplot2, lubridate, patchwork,
data.table, stats, viridis, scales, ggthemes, varian,
paletteer, XML, hms, leaflet, sf, rstudioapi, grDevices,
leafgl, raster (>= 3.6-3), terra, magrittr, rayshader, utils,
base64enc, lifecycle, reshape2",NA,"CopernicusDEM, testthat (>= 3.0.0), knitr, rmarkdown, DT,
rgl, magick",NA,GPL-3,NA,NA,NA,NA,14edeedca1084137dc3ffd72a169632d,no,NA,"Lampros Mouselimis [aut, cre] (<https://orcid.org/0000-0002-8024-1546>)","c( person(given = ""Lampros"", family = ""Mouselimis"", email = ""mouselimislampros@gmail.com"", role = c(""aut"", ""cre""), comment = c(ORCID = ""https://orcid.org/0000-0002-8024-1546"")) )",NA,NA,NA,NA,NA,NA,NA,NA,NA,NA,NA,NA,NA,NA,NA,NA,NA,NA,2024-02-08,2024-02-08 09:30:02 UTC,"Connection to the 'Fitbit' Web API <https://dev.fitbit.com/build/reference/web-api/> by including 'ggplot2' Visualizations, 'Leaflet' and 3-dimensional 'Rayshader' Maps. The 3-dimensional 'Rayshader' Map requires the installation of the 'CopernicusDEM' R package which includes the 30- and 90-meter elevation data.",UTF-8,NA,NA,NA,NA,NA,NA,Lampros Mouselimis <mouselimislampros@gmail.com>,NA,2024-02-08 07:40:05 UTC; lampros,NA,NA,NA,update: apt-get -y update (deb),'Fitbit' Visualizations,Package,https://github.com/mlampros/fitbitViz,NA,knitr,NA,NA,NA,2024-02-08,NA,NA,NA,CopernicusDEM,NA,NA,10.32614/CRAN.package.fitbitViz,TRUE,FALSE,TRUE,FALSE,1
flowmapper,0.1.3,NA,R (>= 2.10),"dplyr, ggplot2, tidyr, forcats, scales, purrr",NA,NA,NA,MIT + file LICENSE,NA,NA,NA,NA,8e5f7f19ee4e5a3cf38501e3a6e06522,no,NA,"Johannes Mast [aut, cre] (<https://orcid.org/0000-0001-6595-5834>)","
    person(""Johannes"", ""Mast"", ,""johannes.mast@dlr.de"", role = c(""aut"", ""cre""),
           comment = c(ORCID = ""0000-0001-6595-5834""))",NA,https://github.com/JohMast/flowmapper/issues,NA,NA,NA,NA,NA,NA,NA,NA,NA,NA,NA,NA,NA,NA,NA,NA,NA,2024-11-15 12:00:04 UTC,Adds flow maps to 'ggplot2' plots. The flow maps consist of 'ggplot2' layers which visualize the nodes as circles and the bilateral flows between the nodes as bidirectional half-arrows.,UTF-8,NA,NA,true,NA,NA,NA,Johannes Mast <johannes.mast@dlr.de>,NA,2024-11-15 09:33:45 UTC; johan,NA,NA,NA,NA,"Draw Flows (Migration, Goods, Money, Information) on 'ggplot2'
Plots",NA,https://github.com/JohMast/flowmapper,NA,NA,NA,NA,NA,2024-11-15,NA,NA,NA,spanishoddata,NA,NA,10.32614/CRAN.package.flowmapper,TRUE,FALSE,TRUE,FALSE,1
forestmodel,0.6.2,NA,"R (>= 3.3.0), ggplot2 (>= 3.1.0)","dplyr (>= 0.8.0), broom (>= 0.5.0), rlang (>= 0.3.0), tibble
(>= 1.4.2)",NA,"survival, metafor, labelled",NA,GPL-2,NA,NA,NA,NA,30ba10e33f53eebd9590b053e93a19eb,no,NA,Nick Kennedy <r@nick-kennedy.com>,NA,NA,NA,NA,NA,NA,NA,NA,NA,NA,NA,NA,NA,NA,NA,NA,NA,NA,NA,2020-07-19,2020-07-19 11:50:03 UTC,"Produces forest plots using 'ggplot2' from models produced by functions
    such as stats::lm(), stats::glm() and survival::coxph().",UTF-8,NA,NA,TRUE,NA,NA,NA,Nick Kennedy <r@nick-kennedy.com>,NA,2020-07-19 11:27:25 UTC; nickl,NA,NA,NA,NA,Forest Plots from Regression Models,Package,NA,NA,NA,NA,NA,NA,2020-07-19,NA,"csmpv, ezcox, live, metawho",NA,ricu,NA,NA,10.32614/CRAN.package.forestmodel,TRUE,FALSE,TRUE,FALSE,1
funnelR,0.1.0,NA,NA,"stats, ggplot2 (>= 2.2.1)",NA,"knitr, rmarkdown",NA,GPL-3,NA,NA,NA,NA,95f31e52db0e7337a55fc88796b96105,no,NA,Matthew Kumar <mattkumar@gmail.com>,NA,NA,NA,NA,NA,NA,NA,NA,NA,NA,NA,NA,NA,NA,NA,NA,NA,NA,NA,NA,2018-03-14 10:18:33 UTC,"A set of simplified functions for creating funnel plots for proportion data. This package supports user defined benchmarks, confidence limits and estimation methods (i.e. exact or approximate) based on Spiegelhalter (2005) <doi:10.1002/sim.1970>. Additional routines for returning scored unit level data according to a set of specifications is also implemented for convenience. Specifically, both a categorical and a continuous score variable is returned to the sample data frame, which identifies which observations are deemed extreme or in control. Typically, such variables are useful as stratifications or covariates in further exploratory analyses. Lastly, the plotting routine returns a base funnel plot ('ggplot2'), which can also be tailored.",UTF-8,NA,NA,true,NA,NA,NA,Matthew Kumar <mattkumar@gmail.com>,NA,2018-03-13 20:33:50 UTC; Madette and Matt,NA,NA,NA,NA,Funnel Plots for Proportion Data,NA,https://matt-kumar.shinyapps.io/funnel/,NA,knitr,NA,NA,NA,2018-03-14,NA,NA,NA,NA,NA,NA,10.32614/CRAN.package.funnelR,TRUE,FALSE,TRUE,FALSE,1
gamlss.ggplots,2.1-12,NA,"R (>= 3.5.0), gamlss.dist, gamlss (>= 4.3.3), gamlss.foreach","methods, ggridges, ellipse, gamlss.inf, foreach, mgcv,
ggplot2, yaImpute",NA,"glmnet, reshape2, igraph, networkD3, grid, gridExtra",NA,GPL-2 | GPL-3,NA,NA,NA,NA,21350912055a7ef2524a23811aafa887,no,NA,"Mikis Stasinopoulos [aut, cre, cph]
    (<https://orcid.org/0000-0003-2407-5704>),
  Robert Rigby [aut] (<https://orcid.org/0000-0003-3853-1707>),
  Fernanda De Bastiani [aut] (<https://orcid.org/0000-0001-8532-639X>),
  Julian Merder [ctb]","c(person(""Mikis"", ""Stasinopoulos"", role = c(""aut"", ""cre"", ""cph""), 
             email = ""d.stasinopoulos@gre.ac.uk"", comment = c(ORCID = ""0000-0003-2407-5704"")),
           person(""Robert"", ""Rigby"", role = ""aut"", email = ""r.rigby@gre.ac.uk"", comment = c(ORCID = ""0000-0003-3853-1707"")),
           person(""Fernanda"", ""De Bastiani"", role = ""aut"", email = ""fernandadebastiani@gmail.com"", comment = c(ORCID = ""0000-0001-8532-639X"")),
           person(""Julian"", ""Merder"", role = ""ctb"")
           )",NA,https://github.com/gamlss-dev/gamlss.ggplots/issues,NA,NA,NA,NA,NA,NA,NA,NA,NA,NA,NA,NA,NA,NA,NA,NA,2024-04-21,2024-03-25 20:40:02 UTC,"Functions for plotting Generalized Additive Models for Location Scale and Shape from the 'gamlss' package, Stasinopoulos and Rigby (2007) <doi:10.18637/jss.v023.i07>, using the graphical methods from 'ggplot2'.",NA,NA,NA,NA,NA,yes,NA,Mikis Stasinopoulos <d.stasinopoulos@gre.ac.uk>,NA,2024-03-21 20:35:39 UTC; dimitriosstasinopoulos,NA,NA,NA,NA,"Plotting Functions for Generalized Additive Model for Location
Scale and Shape",NA,https://www.gamlss.com/,NA,NA,NA,NA,NA,2024-03-25,NA,NA,NA,NA,NA,NA,10.32614/CRAN.package.gamlss.ggplots,TRUE,TRUE,TRUE,FALSE,2
gaussplotR,0.2.5,NA,R (>= 3.3.0),"ggplot2 (>= 3.3.0), metR (>= 0.7.0), rgl, viridisLite",NA,"lattice, knitr, rmarkdown, testthat",NA,GPL-3,NA,NA,NA,NA,6bdbfc3b29aa9394b186248ae0a08d5c,no,NA,"Vikram B. Baliga [aut, cre, cph]
    (<https://orcid.org/0000-0002-9367-8974>)","
    person(given = ""Vikram B."",
                 family = ""Baliga"", 
                 role = c(""aut"", ""cre"", ""cph""),
                 email = ""vbaliga87@gmail.com"",
                 comment = c(ORCID = ""0000-0002-9367-8974"")
                 )",NA,https://github.com/vbaliga/gaussplotR/issues,NA,NA,NA,NA,NA,NA,NA,NA,NA,NA,NA,NA,NA,NA,NA,NA,NA,2021-05-02 20:10:02 UTC,"
    Functions to fit two-dimensional Gaussian functions, predict values from
    fits, and produce plots of predicted data via either 'ggplot2' or base R 
    plotting.",UTF-8,NA,NA,true,NA,NA,NA,Vikram B. Baliga <vbaliga87@gmail.com>,NA,2021-05-02 19:55:48 UTC; vbali,NA,NA,NA,NA,"Fit, Predict and Plot 2D Gaussians",Package,https://github.com/vbaliga/gaussplotR,NA,knitr,NA,NA,NA,2021-05-02,NA,NA,NA,NA,NA,NA,10.32614/CRAN.package.gaussplotR,TRUE,FALSE,TRUE,FALSE,1
geofacet,0.2.1,NA,R (>= 3.2),"ggplot2 (>= 3.2.1), gtable, graphics, rnaturalearth, sp,
ggrepel, imguR, gridExtra, geogrid, methods, rlang",NA,"sf, testthat, covr, lintr, knitr, rmarkdown",NA,MIT + file LICENSE,NA,NA,NA,NA,65ec3a39794898b76e51ed38c914b0c2,no,NA,"Ryan Hafen [aut, cre],
  Barret Schloerke [ctb]","c(
    person(""Ryan"", ""Hafen"", email = ""rhafen@gmail.com"", role = c(""aut"", ""cre"")),
    person(""Barret"", ""Schloerke"", email = ""schloerke@gmail.com"", role = ""ctb""))",NA,https://github.com/hafen/geofacet/issues,NA,NA,NA,NA,NA,NA,NA,NA,NA,NA,NA,NA,NA,NA,NA,NA,NA,2023-11-30 08:00:11 UTC,"Provides geographical faceting functionality for 'ggplot2'.
    Geographical faceting arranges a sequence of plots of data for different
    geographical entities into a grid that preserves some of the geographical
    orientation.",UTF-8,NA,NA,true,NA,NA,NA,Ryan Hafen <rhafen@gmail.com>,NA,2023-11-29 19:10:50 UTC; rhafen,NA,NA,NA,NA,'ggplot2' Faceting Utilities for Geographical Data,NA,https://github.com/hafen/geofacet,NA,knitr,NA,NA,NA,2023-11-30,NA,geoheatmap,NA,"geoAr, geofi",NA,NA,10.32614/CRAN.package.geofacet,TRUE,FALSE,TRUE,FALSE,1
geomtextpath,0.1.5,NA,"ggplot2 (>= 3.5.0), R (>= 3.6.0)","grid, scales, systemfonts, rlang, textshaping (>= 0.4.0)",NA,"testthat (>= 3.0.0), covr, knitr, rmarkdown, ragg, roxygen2,
sf, xml2, markdown (>= 1.3)",NA,MIT + file LICENSE,NA,NA,NA,NA,67501e3e9fcba9cc1a68ef17a3b7fde3,no,NA,"Allan Cameron [aut, cre],
  Teun van den Brand [aut] (<https://orcid.org/0000-0002-9335-7468>)","c(
    person(given = ""Allan"",
           family = ""Cameron"",
           role = c(""aut"", ""cre""),
           email = ""Allan.Cameron@nhs.scot""),
    person(given = ""Teun"",
           family = ""van den Brand"",
           role = c(""aut""),
           email = ""tahvdbrand@gmail.com"",
           comment = c(ORCID = ""0000-0002-9335-7468"")))",NA,https://github.com/AllanCameron/geomtextpath/issues,NA,NA,NA,NA,NA,NA,NA,NA,NA,NA,NA,"'borrowed_gridtext.R' 'coord_curvedpolar.R' 'data.R'
'text_params.R' 'geom_textpath.R' 'geom_labelpath.R'
'geom_textsegment.R' 'geom_textabline.R' 'geom_textcontour.R'
'geom_textcurve.R' 'geom_textdensity.R' 'utils.R'
'geom_textdensity2d.R' 'geom_texthline.R' 'geom_textsf.R'
'geom_textsmooth.R' 'geom_textvline.R' 'geomtextpath-package.R'
'grob_labelpath.R' 'grob_textpath.R' 'guide_axis_textpath.R'
'onload.R' 'path_handling.R' 'scales.R' 'sf_helpers.R'
'smoothing.R' 'text_helpers.R' 'text_placement.R'
'trig_helpers.R'",NA,NA,NA,NA,NA,2025-01-14 17:40:02 UTC,"A 'ggplot2' extension that allows text to follow curved paths.
    Curved text makes it easier to directly label paths or neatly annotate in 
    polar co-ordinates.",UTF-8,NA,NA,true,NA,NA,NA,Allan Cameron <Allan.Cameron@nhs.scot>,NA,2025-01-14 15:47:57 UTC; Administrator,NA,NA,NA,NA,Curved Text in 'ggplot2',Package,https://allancameron.github.io/geomtextpath/,NA,knitr,NA,NA,NA,2025-01-14,VisualizeSimon2Stage,"transPlotR, TransProR, triptych",NA,"centerline, deeptime, ggDoE, gghighlight, hmsidwR, nestedLogit, plot4fun",NA,NA,10.32614/CRAN.package.geomtextpath,TRUE,FALSE,TRUE,TRUE,2
gg.gap,1.3,NA,NA,"ggplot2, cowplot, grid",NA,NA,NA,GPL-3,NA,NA,NA,NA,a22be06d599f5942d6c58663976a3f0c,no,NA,"Jiacheng Lou [aut, cre],
  Jing Zhang [aut],
  Yizhu Lvy [aut],
  Zhi Jin [aut]","c(
    person(""Jiacheng"", ""Lou"", email = ""loujiacheng1986@foxmail.com"", role = c(""aut"", ""cre"")),
    person(""Jing"", ""Zhang"", role = ""aut""),
    person(""Yizhu"", ""Lvy"", role = ""aut""),
    person(""Zhi"", ""Jin"", role = ""aut"")
    )",NA,https://github.com/ChrisLou-bioinfo/gg.gap/issues,NA,NA,NA,NA,NA,NA,NA,NA,NA,NA,NA,NA,NA,NA,NA,NA,NA,2019-09-30 16:10:02 UTC,It is not very easy to define segments for y-axis in a 'ggplot2' plot. gg.gap() function in this package can carry it out.,UTF-8,NA,NA,true,NA,NA,NA,Jiacheng Lou <loujiacheng1986@foxmail.com>,NA,2019-09-23 15:12:20 UTC; asus,NA,NA,NA,NA,Define Segments in y-Axis for 'ggplot2',Package,https://github.com/ChrisLou-bioinfo/gg.gap,NA,NA,NA,NA,NA,2019-09-30,NA,NA,NA,NA,NA,NA,10.32614/CRAN.package.gg.gap,TRUE,TRUE,TRUE,FALSE,2
gg1d,0.1.0,NA,R (>= 2.10),"assertions (>= 0.2.0), cli, ggiraph, ggplot2, ggtext,
patchwork (>= 1.3.0), rank (>= 0.1.1), rlang",NA,"covr, knitr, rmarkdown, testthat (>= 3.0.0)",NA,MIT + file LICENSE,NA,NA,NA,NA,1c87fca973194930b692eba8ca8ec5f8,no,NA,"Sam El-Kamand [aut, cre] (<https://orcid.org/0000-0003-2270-8088>),
  Children's Cancer Institute Australia [cph]","
    c(
      person(""Sam"", ""El-Kamand"", , ""sam.elkamand@gmail.com"", role = c(""aut"", ""cre""),
           comment = c(ORCID = ""0000-0003-2270-8088"")),
      person(""Children's Cancer Institute Australia"", role = c(""cph""))
     )",NA,https://github.com/selkamand/gg1d/issues,NA,NA,NA,NA,NA,NA,NA,NA,NA,NA,NA,NA,NA,NA,NA,NA,NA,2024-12-09 19:40:02 UTC,"Streamlines exploratory data analysis by providing a turnkey approach 
  to visualising n-dimensional data which graphically reveals correlative or associative relationships 
  between 2 or more features. Represents all dataset features as distinct, vertically 
  aligned bar or tile plots, with plot types auto-selected based on whether variables are categorical or numeric.",UTF-8,NA,NA,true,NA,NA,NA,Sam El-Kamand <sam.elkamand@gmail.com>,NA,2024-12-07 01:39:11 UTC; selkamand,NA,NA,NA,NA,Exploratory Data Analysis using Tiled One-Dimensional Graphics,NA,"https://github.com/selkamand/gg1d,
https://selkamand.github.io/gg1d/",NA,NA,NA,NA,NA,2024-12-09,NA,NA,NA,NA,NA,NA,10.32614/CRAN.package.gg1d,TRUE,TRUE,FALSE,FALSE,1
ggalign,0.1.0,NA,ggplot2 (>= 3.3.0),"cli, grDevices, grid, gtable, lifecycle, methods, rlang (>=
1.1.0), stats, utils, vctrs (>= 0.5.0)",NA,"ggrastr, gridGraphics, magick, patchwork, ragg, knitr,
rmarkdown, scales, testthat (>= 3.0.0), vdiffr",NA,MIT + file LICENSE,NA,NA,NA,NA,b0a49f25cd84c79cf40daee59a86b341,no,NA,"Yun Peng [aut, cre] (<https://orcid.org/0000-0003-2801-3332>),
  Shixiang Wang [aut] (<https://orcid.org/0000-0001-9855-7357>),
  Guangchuang Yu [aut] (<https://orcid.org/0000-0002-6485-8781>)","c(
        person(""Yun"", ""Peng"", , ""yunyunp96@163.com"", role = c(""aut"", ""cre""), comment = c(ORCID = ""0000-0003-2801-3332"")),
        person(""Shixiang"", ""Wang"", , ""w_shixiang@163.com"", role = ""aut"", comment = c(ORCID = ""0000-0001-9855-7357"")),
        person(""Guangchuang"", ""Yu"", email = ""guangchuangyu@gmail.com"", role = ""aut"", comment = c(ORCID = ""0000-0002-6485-8781""))
    )",NA,https://github.com/Yunuuuu/ggalign/issues,NA,NA,NA,NA,NA,true,NA,NA,NA,NA,NA,"'active.R' 'plot-.R' 'align-.R' 'align-hclust.R'
'align-dendrogram.R' 'align-group.R' 'align-kmeans.R'
'align-order.R' 'align-phylo.R' 'align-reorder.R'
'alignpatch-.R' 'alignpatch-align_plots.R'
'alignpatch-alignpatches.R' 'alignpatch-area.R'
'alignpatch-build.R' 'alignpatch-free-align.R'
'alignpatch-free-border.R' 'alignpatch-free-guide.R'
'alignpatch-free-lab.R' 'alignpatch-free-space.R'
'alignpatch-free-vp.R' 'alignpatch-ggplot2.R'
'alignpatch-guides.R' 'alignpatch-inset.R'
'alignpatch-patchwork.R' 'alignpatch-title.R'
'alignpatch-wrap.R' 'cross-.R' 'cross-link.R' 'cross-mark.R'
'cross-none.R' 'dendrogram.R' 'fortify-data-frame.R'
'fortify-matrix.R' 'geom-draw.R' 'geom-draw2.R' 'geom-pie.R'
'geom-subrect.R' 'geom-tile3d.R' 'ggalign-package.R'
'ggalign.R' 'ggcross.R' 'ggfree.R' 'ggmark.R' 'ggplot-helper.R'
'ggplot-theme.R' 'ggplot-utils.R' 'import-standalone-assert.R'
'import-standalone-obj-type.R' 'import-standalone-purrr.R'
'import-standalone-tibble.R' 'layer-order.R' 'layout-.R'
'layout-align.R' 'layout-chain-.R' 'layout-chain-operator.R'
'layout-circle-.R' 'layout-circle-build.R'
'layout-circle-switch.R' 'layout-quad-.R' 'layout-heatmap-.R'
'layout-heatmap-build.R' 'layout-heatmap-oncoplot.R'
'layout-quad-operator.R' 'layout-operator.R'
'layout-quad-add.R' 'layout-quad-build.R'
'layout-quad-switch.R' 'layout-quad-upset.R' 'layout-stack-.R'
'layout-stack-build.R' 'layout-stack-composer.R'
'layout-stack-cross.R' 'layout-stack-switch.R' 'link.R'
'maftools.R' 'mark.R' 'object-name.R' 'pair-links.R'
'raster-magick.R' 'rasterise.R' 'scheme-.R' 'scheme-align.R'
'scheme-data.R' 'scheme-theme.R' 'tune.R' 'utils-assert.R'
'utils-grid.R' 'utils-rd.R' 'utils.R' 'with_quad.R' 'zzz.R'",NA,NA,NA,NA,NA,2025-02-06 12:10:03 UTC,"A 'ggplot2' extension offers various tools for organizing and arranging plots. 
    It is designed to consistently align a specific axis across multiple 'ggplot' objects, 
    making it especially useful for plots requiring data order manipulation. A typical use 
    case includes organizing combinations like a dendrogram and a heatmap.",UTF-8,NA,en-GB,NA,NA,NA,NA,Yun Peng <yunyunp96@163.com>,NA,2025-02-06 11:48:15 UTC; yun,NA,NA,NA,NA,A 'ggplot2' Extension for Consistent Axis Alignment,NA,"https://github.com/Yunuuuu/ggalign,
https://yunuuuu.github.io/ggalign/",NA,NA,NA,NA,NA,2025-02-06,NA,NA,NA,NA,NA,NA,10.32614/CRAN.package.ggalign,TRUE,TRUE,TRUE,TRUE,3
ggaligner,0.1,NA,NA,"ggplot2, ggmsa, reshape2",NA,NA,NA,GPL-3,NA,NA,NA,NA,01779716f428a8de6ef0408ac9370779,no,NA,"Mohamed Soudy [aut, cre]",NA,NA,NA,NA,NA,NA,NA,NA,NA,NA,NA,NA,NA,NA,NA,NA,NA,NA,NA,NA,2023-06-14 16:22:05 UTC,"Providing publication-ready graphs for Multiple sequence alignment. Moreover, it provides a unique solution for visualizing the multiple sequence alignment without the need to do the alignment in each run which is a big limitation in other available packages.",UTF-8,NA,NA,NA,NA,NA,NA,Mohamed Soudy <MohmedSoudy2009@gmail.com>,NA,2023-06-13 18:43:32 UTC; Soudy,NA,NA,NA,NA,"Visualizing Sequence Alignment by Generating Publication-Ready
Plots",NA,NA,NA,NA,NA,NA,NA,2023-06-14,NA,NA,NA,NA,NA,NA,10.32614/CRAN.package.ggaligner,TRUE,TRUE,FALSE,FALSE,1
ggalignment,1.0.2,NA,R (>= 3.4),"dplyr (>= 1.0.0), ggimage (>= 0.2.0), ggplot2 (>= 3.3.0),
magrittr (>= 1.0.0), rlang (>= 0.1.2)",NA,"rmarkdown (>= 2.0.0), knitr (>= 1.0), testthat (>= 3.0.0),
vdiffr (>= 1.0.0), roxygen2",NA,MIT + file LICENSE,NA,NA,NA,NA,6291febcb69d65d9531680f0fbbcbd92,no,NA,"Afton Coombs [aut, cre, cph],
  Tan Ho [ctb] (<https://orcid.org/0000-0001-8388-5155>)","
    c(person(given = ""Afton"",
            family = ""Coombs"",
            role = c(""aut"", ""cre"", ""cph""),
            email = ""aftoncoombs@gmail.com""),
      person(given = ""Tan"", 
            family = ""Ho"", 
            role = c(""ctb""), 
            email = ""tan@tanho.ca"", 
            comment = c(ORCID = ""0000-0001-8388-5155"")))",NA,https://github.com/aftonsteps/ggalignment/issues,NA,NA,NA,NA,NA,NA,NA,NA,NA,NA,NA,NA,NA,NA,NA,NA,NA,2025-02-24 05:50:02 UTC,"'D&D' alignment charts show 9 boxes with values for good
    through evil and values for chaotic through lawful. This package
    easily creates these alignment charts from user-provided image paths
    and alignment values.",UTF-8,NA,NA,true,NA,NA,NA,Afton Coombs <aftoncoombs@gmail.com>,NA,2025-02-24 01:23:05 UTC; aftoncoombs,NA,NA,NA,NA,Plots 'D&D'-Style Alignment Charts,Package,https://github.com/aftonsteps/ggalignment,NA,knitr,NA,NA,NA,2025-02-24,NA,NA,NA,NA,NA,NA,10.32614/CRAN.package.ggalignment,TRUE,TRUE,FALSE,FALSE,1
ggallin,0.1.1,NA,ggplot2 (>= 2.2.1),"scales, grid",NA,"knitr, testthat",NA,LGPL-3,NA,NA,NA,NA,451a2787b14cde14c19b96acdab48e10,no,NA,"Steven E. Pav [aut, cre]","c(person(c(""Steven"", ""E.""), ""Pav"", role=c(""aut"",""cre""), 
    email=""shabbychef@gmail.com""))",NA,https://github.com/shabbychef/ggallin/issues,NA,NA,NA,NA,NA,NA,NA,NA,NA,NA,NA,'geom_cloud.R' 'ggallin.R' 'transforms.R',NA,NA,NA,NA,2017-10-01,2017-10-02 23:24:58 UTC,"Extra geoms and scales for 'ggplot2', including geom_cloud(),
  a Normal density cloud replacement for errorbars;
  transforms ssqrt_trans and pseudolog10_trans, which are loglike but 
  appropriate for negative data; interp_trans() and warp_trans() which
  provide scale transforms based on interpolation;
  and an infix compose operator for scale transforms.",NA,NA,NA,NA,NA,NA,NA,Steven E. Pav <shabbychef@gmail.com>,NA,2017-10-02 03:25:49 UTC; spav,NA,NA,NA,NA,Grab Bag of 'ggplot2' Functions,Package,https://github.com/shabbychef/ggallin,NA,NA,NA,NA,NA,2017-10-02,NA,NA,NA,NA,NA,NA,10.32614/CRAN.package.ggallin,TRUE,TRUE,TRUE,FALSE,2
ggalluvial,0.12.5,NA,"R (>= 3.6), ggplot2 (>= 2.2)","stats, dplyr (>= 0.7), tidyr (>= 0.7), lazyeval, rlang,
tidyselect",NA,"grid, alluvial, testthat, knitr, rmarkdown, babynames,
sessioninfo, ggrepel, shiny (>= 1.4.0.2), htmltools, sp (>=
1.4-0), ggfittext (>= 0.6), vdiffr (>= 0.2)",NA,GPL-3,NA,NA,NA,NA,fa28d48c3a3b6f8c8a61ee6436204e27,no,NA,"Jason Cory Brunson [aut, cre],
  Quentin D. Read [aut]","c(
    person(given = ""Jason Cory"",
           family = ""Brunson"",
           role = c(""aut"", ""cre""),
           email = ""cornelioid@gmail.com""),
    person(given = ""Quentin D."",
           family = ""Read"",
           role = 'aut'))",NA,https://github.com/corybrunson/ggalluvial/issues,NA,NA,NA,NA,NA,NA,NA,NA,NA,NA,NA,NA,NA,NA,NA,NA,NA,2023-02-22 09:50:02 UTC,"Alluvial plots use variable-width ribbons and stacked bar plots to
    represent multi-dimensional or repeated-measures data with categorical or
    ordinal variables; see Riehmann, Hanfler, and Froehlich (2005)
    <doi:10.1109/INFVIS.2005.1532152> and Rosvall and Bergstrom (2010)
    <doi:10.1371/journal.pone.0008694>.
    Alluvial plots are statistical graphics in the sense of Wilkinson (2006)
    <doi:10.1007/0-387-28695-0>; they share elements with Sankey diagrams and
    parallel sets plots but are uniquely determined from the data and a small
    set of parameters. This package extends Wickham's (2010)
    <doi:10.1198/jcgs.2009.07098> layered grammar of graphics to generate
    alluvial plots from tidy data.",UTF-8,NA,NA,true,NA,NA,NA,Jason Cory Brunson <cornelioid@gmail.com>,NA,2023-02-13 15:44:19 UTC; jason.brunson,NA,NA,NA,NA,Alluvial Plots in 'ggplot2',Package,http://corybrunson.github.io/ggalluvial/,NA,knitr,NA,NA,NA,2023-02-22,multiWGCNA,"bandle, easyalluvial, ethnobotanyR, ggtaxplot, immunarch, iotarelr, LorMe, MultiRNAflow, MutationalPatterns, pacta.multi.loanbook, Platypus, projectR, scRepertoire, standR, vvshiny",NA,"ISAnalytics, LegATo, longmixr, metasnf, MicrobiotaProcess, nuts, pcutils, plotly, plotthis, profiplots, SCpubr, sigminer",NA,NA,10.32614/CRAN.package.ggalluvial,TRUE,TRUE,FALSE,FALSE,1
GGally,2.2.1,NA,"R (>= 3.1), ggplot2 (>= 3.4.4)","dplyr (>= 1.0.0), tidyr (>= 1.3.0), grDevices, grid, ggstats,
gtable (>= 0.2.0), lifecycle, plyr (>= 1.8.3), progress,
RColorBrewer, rlang, scales (>= 1.1.0), utils, magrittr",NA,"broom (>= 0.7.0), broom.helpers (>= 1.3.0), chemometrics,
geosphere (>= 1.5-1), ggforce, Hmisc, igraph (>= 1.0.1),
intergraph (>= 2.0-2), labelled, maps (>= 3.1.0), mapproj,
nnet, network (>= 1.17.1), scagnostics, sna (>= 2.3-2),
survival, rmarkdown, roxygen2, testthat, crosstalk, knitr,
spelling, emmeans, vdiffr",NA,GPL (>= 2.0),NA,NA,NA,NA,9acff4b4e2fd3197ac98fada1266434a,no,NA,"Barret Schloerke [aut, cre],
  Di Cook [aut, ths],
  Joseph Larmarange [aut],
  Francois Briatte [aut],
  Moritz Marbach [aut],
  Edwin Thoen [aut],
  Amos Elberg [aut],
  Ott Toomet [ctb],
  Jason Crowley [aut],
  Heike Hofmann [ths],
  Hadley Wickham [ths]","c(
    person(""Barret"", ""Schloerke"", role = c(""aut"", ""cre""), email = ""schloerke@gmail.com""),
    person(""Di"", ""Cook"", role = c(""aut"", ""ths""), email = ""dicook@monash.edu""),
    person(""Joseph"", ""Larmarange"", role = ""aut"", email = ""joseph@larmarange.net""),
    person(""Francois"", ""Briatte"", role = ""aut"", email = ""f.briatte@gmail.com""),
    person(""Moritz"", ""Marbach"", role = ""aut"", email = ""mmarbach@mail.uni-mannheim.de""),
    person(""Edwin"", ""Thoen"", role = ""aut"", email = ""edwinthoen@gmail.com""),
    person(""Amos"", ""Elberg"", role = ""aut"", email = ""amos.elberg@gmail.com""),
    person(""Ott"", ""Toomet"", role = ""ctb"", email = ""otoomet@gmail.com""),
    person(""Jason"", ""Crowley"", role = ""aut"", email = ""crowley.jason.s@gmail.com""),
    person(""Heike"", ""Hofmann"", role = ""ths"", email = ""hofmann@iastate.edu""),
    person(""Hadley"", ""Wickham"", role = ""ths"", email = ""h.wickham@gmail.com"")
    )",NA,https://github.com/ggobi/ggally/issues,NA,NA,NA,NA,NA,NA,NA,NA,NA,NA,NA,NA,NA,NA,NA,NA,NA,2024-02-14 00:53:32 UTC,"
    The R package 'ggplot2' is a plotting system based on the grammar of graphics.
    'GGally' extends 'ggplot2' by adding several functions
    to reduce the complexity of combining geometric objects with transformed data.
    Some of these functions include a pairwise plot matrix, a two group pairwise plot
    matrix, a parallel coordinates plot, a survival plot, and several functions to
    plot networks.",UTF-8,NA,en-US,true,NA,yes,NA,Barret Schloerke <schloerke@gmail.com>,NA,2024-02-13 19:02:36 UTC; barret,lifecycle,NA,NA,openssl,Extension to 'ggplot2',Package,"https://ggobi.github.io/ggally/, https://github.com/ggobi/ggally",NA,NA,NA,NA,NA,2024-02-14,"freqparcoord, GGPA, RHMS","adventr, alevinQC, AntMAN, BasketballAnalyzeR, BayesSurvive, BGGM, bootcluster, brinton, CARBayes, CARBayesST, Certara.Xpose.NLME, CeTF, CINNA, citrus, CluMSID, clustrd, communication, conserveR, corrViz, cvasi, cyanoFilter, demodelr, DescribeDisplay, discourseGT, EGAnet, ezEDA, fastml, fect, finalfit, fingerPro, FPDclustering, gatom, GeomxTools, ggbio, ggmcmc, GGMncv, GGMnonreg, ggPMX, ggquickeda, ggtreeSpace, growthPheno, gsynth, GUEST, hmer, ICSClust, ICtest, imageData, InflectSSP, iNZightRegression, isomiRs, ITNr, jarbes, jmv, jsmodule, klovan, MAINT.Data, MCbiclust, metan, metanetwork, mgcViz, mitch, MixLFA, mlergm, mlr3shiny, MRPC, MSclust, multilandr, NetworkChange, NPflow, OutliersO3, PAsso, PhosR, PopGenReport, protGear, psbcSpeedUp, psyntur, randomForestExplainer, rassta, rbioacc, robCompositions, RQdeltaCT, rrr, rwty, scPipe, SeqSQC, simmr, SmartEDA, SpectralClMixed, staRdom, statVisual, systemPipeTools, tidyCDISC, tidycomm, tip, TOAST, TVTB, UNCOVER, vidger, vivid, webSDM, WOTPLY, WRSS, xpose.xtras",NA,"airGR, AlleleShift, AlpsNMR, BAS, BindingSiteFinder, bruceR, cassowaryr, clustTMB, codebook, comparer, counterfactuals, coveffectsplot, covsim, cubble, dataquieR, descriptio, DEXiR, ecostats, EMMIXmfa, fic, fpp2, GENESIS, ggpcp, ibawds, innsight, ipsRdbs, loon.ggplot, MAST, miaSim, microeco, miWQS, mlr3viz, mlrMBO, MOFA2, mvMAPIT, nzelect, ParamHelpers, plotly, PPforest, qualvar, QuantNorm, ridgetorus, robustbase, rosetta, rsurv, sageR, seer, shapr, SHELF, SightabilityModel, SimBIID, simdata, spinifex, spup, survstan, tidybulk, tidyseurat, tidySingleCellExperiment, tsfeatures, ubiquity, ufs, ushr, velociraptor, vsp, WRS2",NA,NA,10.32614/CRAN.package.GGally,TRUE,TRUE,TRUE,FALSE,2
ggalt,0.4.0,NA,"R (>= 3.2.0), ggplot2 (>= 2.2.1)","utils, graphics, grDevices, dplyr, RColorBrewer, KernSmooth,
proj4, scales, grid, gtable, ash, maps, MASS, extrafont,
tibble, plotly (>= 3.4.1)",NA,"testthat, gridExtra, knitr, rmarkdown, ggthemes, reshape2",NA,AGPL + file LICENSE,NA,NA,NA,NA,577a558a4d4edfb47160b64f6a3a951c,no,NA,"Bob Rudis [aut, cre],
  Ben Bolker [aut, ctb] (Encircling & additional splines),
  Ben Marwick [ctb] (General codebase cleanup),
  Jan Schulz [aut, ctb] (Annotations),
  Rosen Matev [ctb] (Original annotate_textp implementation on
    stackoverflow),
  ProPublica [dtc] (StateFace font)","c(
      person(""Bob"", ""Rudis"", email = ""bob@rud.is"", role = c(""aut"", ""cre"")),
      person(""Ben"", ""Bolker"", comment=""Encircling & additional splines"", role = c(""aut"", ""ctb"")),
      person(""Ben"", ""Marwick"", comment=""General codebase cleanup"", role = c(""ctb"")),
      person(""Jan"", ""Schulz"", comment=""Annotations"", role = c(""aut"", ""ctb"")),
      person(""Rosen"", ""Matev"", role=""ctb"", comment=""Original annotate_textp implementation on stackoverflow""),
      person(""ProPublica"", role=""dtc"", comment=""StateFace font"")
    )",NA,https://github.com/hrbrmstr/ggalt/issues,NA,NA,NA,NA,NA,NA,NA,NA,NA,NA,NA,"'annotate_textp.r' 'coord_proj.r' 'formatters.r' 'fortify.r'
'geom2plotly.r' 'geom_ash.r' 'geom_bkde.r' 'geom_bkde2d.r'
'geom_dumbbell.R' 'geom_cartogram.r' 'geom_encircle.r'
'geom_lollipop.r' 'geom_table.r' 'geom_twoway_bar.r'
'geom_xspline.r' 'geom_xspline2.r' 'stat-stepribbon.r'
'ggalt-package.r' 'grob_absolute.r' 'guide_axis.r'
'stateface.r' 'utils.r' 'zzz.r'",NA,NA,NA,NA,NA,2017-02-15 18:16:00,"A compendium of new geometries, coordinate systems, statistical 
    transformations, scales and fonts for 'ggplot2', including splines, 1d and 2d densities, 
    univariate average shifted histograms, a new map coordinate system based on the 
    'PROJ.4'-library along with geom_cartogram() that mimics the original functionality of 
    geom_map(), formatters for ""bytes"", a stat_stepribbon() function, increased 'plotly'
    compatibility and the 'StateFace' open source font 'ProPublica'. Further new 
    functionality includes lollipop charts, dumbbell charts, the ability to encircle
    points and coordinate-system-based text annotations.",UTF-8,NA,NA,true,NA,NA,NA,Bob Rudis <bob@rud.is>,NA,2017-02-14 18:43:58 UTC; bob,NA,NA,NA,NA,"Extra Coordinate Systems, 'Geoms', Statistical Transformations,
Scales and Fonts for 'ggplot2'",NA,https://github.com/hrbrmstr/ggalt,NA,knitr,NA,NA,NA,2017-02-15,NA,"colorrepel, DDPNA, ggmsa, TransProR, vivid",NA,"causalCmprsk, EnhancedVolcano, PCAtools, tbrf, textplot, tntpr, topicmodels.etm",NA,NA,10.32614/CRAN.package.ggalt,TRUE,TRUE,TRUE,FALSE,2
gganimate,1.0.9,NA,ggplot2 (>= 3.5.0),"cli, glue, grDevices, grid, lifecycle, progress, rlang,
scales, stringi, transformr (>= 0.1.5), tweenr (>= 2.0.3),
utils, vctrs",NA,"av, base64enc, covr, gifski (>= 1.4.3), htmltools, knitr,
magick, ragg, rmarkdown, sf, svglite, testthat",NA,MIT + file LICENSE,NA,NA,NA,NA,9be9453ae809aa81f1722f2215681edb,no,NA,"Thomas Lin Pedersen [aut, cre]
    (<https://orcid.org/0000-0002-5147-4711>),
  David Robinson [aut],
  Posit, PBC [cph, fnd]","c(
    person(""Thomas Lin"", ""Pedersen"", , ""thomasp85@gmail.com"", role = c(""aut"", ""cre""),
           comment = c(ORCID = ""0000-0002-5147-4711"")),
    person(""David"", ""Robinson"", , ""admiral.david@gmail.com"", role = ""aut""),
    person(""Posit, PBC"", role = c(""cph"", ""fnd""))
  )",NA,https://github.com/thomasp85/gganimate/issues,NA,NA,NA,NA,NA,NA,NA,NA,NA,NA,NA,"'aaa.R' 'anim_save.R' 'animate.R' 'animation_store.R'
'ease-aes.R' 'gganim.R' 'gganimate-ggproto.R'
'gganimate-package.r' 'ggplot2_reimpl.R' 'group_column.R'
'import-standalone-obj-type.R'
'import-standalone-types-check.R' 'layer_type.R'
'match_shapes.R' 'plot-build.R' 'post_process.R' 'renderers.R'
'scene.R' 'shadow-.R' 'shadow-mark.R' 'shadow-null.R'
'shadow-trail.R' 'shadow-wake.R' 'transformr.R' 'transition-.R'
'transition-components.R' 'transition-events.R'
'transition-filter.R' 'transition-manual.R'
'transition-layers.R' 'transition-null.R' 'transition-states.R'
'transition-time.R' 'transition_reveal.R' 'transmute-.R'
'transmute-enter.R' 'transmute-exit.R' 'transmuters.R'
'tween_before_stat.R' 'view-.R' 'view-follow.R' 'view-static.R'
'view-step.R' 'view-step-manual.R' 'view-zoom.R'
'view-zoom-manual.R' 'zzz.R'",NA,NA,NA,NA,NA,2024-02-27 14:00:03 UTC,"The grammar of graphics as implemented in the 'ggplot2'
    package has been successful in providing a powerful API for creating
    static visualisation. In order to extend the API for animated graphics
    this package provides a completely new set of grammar, fully
    compatible with 'ggplot2' for specifying transitions and animations in
    a flexible and extensible way.",UTF-8,NA,NA,NA,NA,NA,NA,Thomas Lin Pedersen <thomasp85@gmail.com>,NA,2024-02-27 12:19:51 UTC; thomas,NA,NA,NA,NA,A Grammar of Animated Graphics,Package,"https://gganimate.com, https://github.com/thomasp85/gganimate",NA,knitr,NA,NA,NA,2024-02-27,gamblers.ruin.gameplay,"animbook, cellularautomata, cleanTS, corona, corrViz, drhutools, Dune, dynaSpec, EmiR, ferrn, ggsmc, HVT, Isinglandr, karel, plotdap, rcontroll, simlandr, spinifex",NA,"AlleleShift, anscombiser, cheem, climaemet, contsurvplot, dartR.base, ggpattern, ggraph, IBMPopSim, inferCSN, MagmaClustR, manynet, modelbased, move2, multiverse, musicXML, nosoi, ordbetareg, pdxTrees, rerddapXtracto, rFIA, rfm, sequenceR, slendr, sportyR, spreadr, SSOSVM, thematic, tidybayes",NA,NA,10.32614/CRAN.package.gganimate,TRUE,TRUE,TRUE,FALSE,2
ggarchery,0.4.3,NA,R (>= 4.0.0),"ggplot2, purrr, magrittr, tidyr, dplyr, glue, rlang, grid",NA,NA,NA,GPL-3,NA,NA,NA,NA,e4af27f2342401acbf73f463662681c8,no,NA,"Matthew Hall [aut, cre]","person(""Matthew"", ""Hall"", , ""matthew.hall@bdi.ox.ac.uk"", role = c(""aut"", ""cre""))",NA,NA,NA,NA,NA,NA,NA,NA,NA,NA,NA,NA,NA,"'legend-draw-ggarchery.R' 'geom-arrowsegment.R' 'ggproto.R'
'position-attractsegment.R'",NA,NA,NA,NA,NA,2024-03-28 09:20:03 UTC,"Geoms for placing arrowheads at multiple points along a segment, not just at the end; position function to shift starts and ends of arrows to avoid exactly intersecting points.",UTF-8,NA,NA,NA,NA,NA,NA,Matthew Hall <matthew.hall@bdi.ox.ac.uk>,NA,2024-03-27 16:25:27 UTC; mhall,NA,NA,NA,NA,Flexible Segment Geoms with Arrows for 'ggplot2',Package,https://github.com/mdhall272/ggarchery,NA,NA,NA,NA,NA,2024-03-28,NA,transPlotR,NA,enrichplot,NA,NA,10.32614/CRAN.package.ggarchery,TRUE,TRUE,FALSE,FALSE,1
ggarrow,0.1.0,NA,ggplot2 (>= 3.5.0),"cli, grid, polyclip, rlang (>= 1.1.0), scales, utils, vctrs",NA,"covr, knitr, rmarkdown, testthat (>= 3.0.0), vdiffr",NA,MIT + file LICENSE,NA,NA,NA,NA,ac15c4143e6b159b8913352f49598eb0,no,NA,"Teun van den Brand [aut, cre] (<https://orcid.org/0000-0002-9335-7468>)","
    person(given = ""Teun"",
           family = ""van den Brand"",
           role = c(""aut"", ""cre""),
           email = ""tahvdbrand@gmail.com"",
           comment = c(ORCID = ""0000-0002-9335-7468""))",NA,https://github.com/teunbrand/ggarrow/issues,NA,NA,NA,NA,NA,NA,NA,NA,NA,NA,NA,NA,NA,NA,NA,NA,NA,2024-06-05 19:30:11 UTC,"A 'ggplot2' extension that adds specialised arrow geometry layers. 
    It offers more arrow options than the standard 'grid' arrows that 
    are built-in many line-based geom layers.",UTF-8,NA,NA,NA,NA,NA,NA,Teun van den Brand <tahvdbrand@gmail.com>,NA,2024-06-04 19:20:57 UTC; Teun,NA,NA,NA,NA,Arrows for 'ggplot2',NA,"https://teunbrand.github.io/ggarrow/,
https://github.com/teunbrand/ggarrow",NA,knitr,NA,NA,NA,2024-06-05,NA,NA,NA,arrowheadr,NA,NA,10.32614/CRAN.package.ggarrow,TRUE,TRUE,TRUE,TRUE,3
ggautomap,0.3.2,NA,"R (>= 4.1),","cartographer (>= 0.2), cli (>= 3.4.0), dplyr (>= 1.0.0),
ggmapinset (>= 0.3), ggplot2 (>= 3.4.2), packcircles (>=
0.3.4), rlang (>= 1.0.0), sf (>= 1.0), tidyr (>= 1.2.0), vctrs
(>= 0.4.0)",NA,"ggrepel, knitr, nswgeo, rmarkdown",NA,MIT + file LICENSE,NA,NA,NA,NA,3ad77f04fe30d81ad4f34100c4c967e1,no,NA,"Carl Suster [aut, cre] (<https://orcid.org/0000-0001-7021-9380>),
  Western Sydney Local Health District, NSW Health [cph]","
    c(person(given = ""Carl"",
             family = ""Suster"",
             email = ""Carl.Suster@health.nsw.gov.au"",
             role = c(""aut"", ""cre""),
             comment = c(ORCID = ""0000-0001-7021-9380"")),
      person(""Western Sydney Local Health District, NSW Health"",
             role = ""cph""))",NA,https://github.com/cidm-ph/ggautomap/issues,NA,NA,NA,NA,NA,NA,NA,NA,NA,NA,NA,"'aaa.R' 'stat_automap.R' 'stat_automap_coords.R'
'choropleth.R' 'configure_inset.R' 'coord_automap.R' 'crs.R'
'geom_boundaries.R' 'geom_centroids.R' 'geoscatter.R'
'ggautomap-package.R' 'position_circle_repel.R'",NA,NA,NA,NA,NA,2023-05-24 09:00:02 UTC,"Mapping tools that convert place names to coordinates on the fly.
    These 'ggplot2' extensions make maps from a data frame where one of the
    columns contains place names, without having to directly work with the
    underlying geospatial data and tools. The corresponding map data must be
    registered with 'cartographer' either by the user or by another package.",UTF-8,NA,NA,NA,NA,NA,NA,Carl Suster <Carl.Suster@health.nsw.gov.au>,NA,2023-05-23 23:15:45 UTC; csuster,NA,NA,NA,NA,Create Maps from a Column of Place Names,Package,"https://github.com/cidm-ph/ggautomap,
https://cidm-ph.github.io/ggautomap/",NA,knitr,NA,NA,NA,2023-05-24,NA,NA,NA,NA,NA,NA,10.32614/CRAN.package.ggautomap,TRUE,TRUE,TRUE,TRUE,3
ggbeeswarm,0.7.2,NA,"R (>= 3.5.0), ggplot2 (>= 3.3.0)","beeswarm, lifecycle, vipor, cli",NA,gridExtra,NA,GPL (>= 3),NA,NA,NA,NA,b062f40a143df3d06b1865e89544438c,no,NA,"Erik Clarke [aut, cre],
  Scott Sherrill-Mix [aut],
  Charlotte Dawson [aut]","c(
    person(given=""Erik"", family=""Clarke"", role=c(""aut"", ""cre""), email=""erikclarke@gmail.com""),
    person(given=""Scott"", family=""Sherrill-Mix"", role=c(""aut""), email=""sherrillmix@gmail.com""),
    person(given=""Charlotte"", family=""Dawson"", role=c(""aut""), email=""csdaw@outlook.com""))",NA,https://github.com/eclarke/ggbeeswarm/issues,NA,NA,NA,NA,NA,NA,NA,NA,NA,NA,NA,NA,NA,NA,NA,NA,2023-04-28,2023-04-29 21:40:02 UTC,"Provides two methods of plotting categorical scatter plots such
    that the arrangement of points within a category reflects the density of
    data at that region, and avoids over-plotting.",UTF-8,NA,NA,NA,NA,NA,NA,Erik Clarke <erikclarke@gmail.com>,NA,2023-04-29 20:56:12 UTC; erik,NA,NA,NA,NA,Categorical Scatter (Violin Point) Plots,Package,https://github.com/eclarke/ggbeeswarm,NA,NA,NA,NA,NA,2023-04-29,NA,"cogeqc, CRMetrics, cytomapper, dabestr, dreamlet, esci, ggquickeda, ggrastr, hmer, InteractionPoweR, interpretCI, miloR, mshap, NanoStringNCTools, rbiom, samesies, scater, scCustomize, sistmr, spotoroo, tidyplots, YAPSA",NA,"afex, audiometry, bench, BloodCancerMultiOmics2017, celltrackR, cvequality, DepInfeR, ggprism, ggrepel, iNZightPlots, lay, model4you, nestedcv, pcutils, pixarfilms, SCpubr, serocalculator, shapr, TOP, vipor",NA,NA,10.32614/CRAN.package.ggbeeswarm,TRUE,TRUE,FALSE,FALSE,1
ggbiplot,0.6.2,NA,"R (>= 3.5.0), ggplot2",scales,NA,"corrplot, dplyr, MASS, broom, tidyr",NA,GPL-2,NA,NA,NA,NA,ad05e753b93a1c517462240db51731d4,no,NA,"Vincent Q. Vu [aut] (<https://orcid.org/0000-0002-4689-0497>),
  Michael Friendly [aut, cre] (<https://orcid.org/0000-0002-3237-0941>),
  Aghasi Tavadyan [ctb]","c(
    person(c(""Vincent"", ""Q.""), ""Vu"", , ""vqv@stat.osu.edu"", role = c(""aut""),
            comment = c(ORCID = ""0000-0002-4689-0497"")),
    person(""Michael"", ""Friendly"", , ""friendly@yorku.ca"", role = c(""aut"", ""cre""),
           comment = c(ORCID = ""0000-0002-3237-0941"")),
    person(""Aghasi"", ""Tavadyan"", ,  ""a.tavadyan@gmail.com"", role = ""ctb"")
           )",NA,https://github.com/friendly/ggbiplot/issues,NA,NA,NA,NA,NA,NA,NA,NA,NA,NA,NA,NA,NA,NA,NA,NA,2024-01-06,2024-01-08 23:10:11 UTC,"A 'ggplot2' based implementation of biplots, giving a representation of a dataset in
    a two dimensional space accounting for the greatest variance, together with variable vectors
    showing how the data variables relate to this space. It provides a 
    replacement for stats::biplot(), but with many enhancements to control the analysis and
    graphical display. It implements 
    biplot and scree plot methods which can be used with the results of prcomp(), princomp(),
    FactoMineR::PCA(), ade4::dudi.pca() or MASS::lda() and can be customized using 'ggplot2' techniques.",UTF-8,NA,en-US,true,NA,NA,NA,Michael Friendly <friendly@yorku.ca>,NA,2024-01-08 15:42:14 UTC; friendly,NA,NA,NA,NA,A Grammar of Graphics Implementation of Biplots,Package,"https://github.com/friendly/ggbiplot,
https://friendly.github.io/ggbiplot/",NA,NA,NA,NA,NA,2024-01-08,NA,CoDaLoMic,NA,pPCA,NA,NA,10.32614/CRAN.package.ggbiplot,TRUE,TRUE,TRUE,FALSE,2
ggblanket,12.2.0,NA,R (>= 4.2.0),"colorspace, dplyr (>= 1.0.4), farver, forcats, ggblend,
ggplot2 (>= 3.5.1), grid, hms (>= 0.5.0), labelled, lubridate
(>= 1.7.8), purrr, rlang (>= 1.1.0), scales (>= 1.3.0),
snakecase, stringr (>= 1.3.0), tidyr (>= 1.0.0), tidyselect (>=
1.2.0), viridisLite",NA,"spelling, hexbin, isoband, knitr, palmerpenguins, patchwork,
quantreg, rmarkdown, sf, testthat (>= 3.0.0), tibble, vdiffr,
viridis",NA,MIT + file LICENSE,NA,NA,NA,NA,4f27baaede239744e6481f96062c12c9,no,NA,"David Hodge [aut, cre, cph] (<https://orcid.org/0000-0002-3868-7501>)","
    person(""David"", ""Hodge"", , ""davidhodge931@gmail.com"", role = c(""aut"", ""cre"", ""cph""),
           comment = c(ORCID = ""0000-0002-3868-7501""))",NA,https://github.com/davidhodge931/ggblanket/issues,NA,NA,NA,NA,NA,NA,NA,NA,NA,NA,NA,NA,NA,NA,NA,NA,NA,2025-03-10 23:40:02 UTC,"Simplify 'ggplot2' visualisation with 'ggblanket' wrapper
    functions.",UTF-8,NA,en-GB,NA,NA,NA,NA,David Hodge <davidhodge931@gmail.com>,NA,2025-03-10 23:24:59 UTC; david,NA,NA,NA,NA,Simplify 'ggplot2' Visualisation,NA,"https://davidhodge931.github.io/ggblanket/,
https://github.com/davidhodge931/ggblanket",NA,knitr,NA,NA,NA,2025-03-10,NA,NA,NA,NA,NA,NA,10.32614/CRAN.package.ggblanket,TRUE,TRUE,TRUE,FALSE,2
ggblend,0.1.0,NA,R (>= 4.2),"methods, grid, ggplot2 (>= 3.4.0), rlang",NA,"covr, testthat (>= 3.0.0), fontquiver, showtext, sysfonts,
ggnewscale",NA,MIT + file LICENSE,NA,NA,NA,NA,bef691b931d22a3fad215d4eacd3dd38,no,NA,"Matthew Kay [aut, cre, cph] (<https://orcid.org/0000-0001-9446-0419>)","
    person(""Matthew"", ""Kay"", , ""mjskay@northwestern.edu"", role = c(""aut"", ""cre"", ""cph""),
           comment = c(ORCID = ""0000-0001-9446-0419""))",NA,https://github.com/mjskay/ggblend/issues/new,NA,NA,NA,NA,NA,NA,NA,NA,NA,NA,NA,NA,NA,NA,NA,NA,NA,2023-05-22 08:30:05 UTC,"Algebra of operations for blending, copying, adjusting, and 
    compositing layers in 'ggplot2'. Supports copying and adjusting the 
    aesthetics or parameters of an existing layer, partitioning a layer 
    into multiple pieces for re-composition, applying affine transformations
    to layers, and combining layers (or partitions of layers) using blend modes
    (including commutative blend modes, like multiply and darken). Blend 
    mode support is particularly useful for creating plots with overlapping 
    groups where the layer drawing order does not change the output; 
    see Kindlmann and Scheidegger (2014) <doi:10.1109/TVCG.2014.2346325>.",UTF-8,NA,en-US,NA,NA,NA,NA,Matthew Kay <mjskay@northwestern.edu>,NA,2023-05-21 04:21:44 UTC; matth,NA,NA,NA,NA,Blending and Compositing Algebra for 'ggplot2',NA,"https://mjskay.github.io/ggblend/,
https://github.com/mjskay/ggblend/",NA,NA,NA,NA,NA,2023-05-22,NA,ggblanket,NA,NA,NA,NA,10.32614/CRAN.package.ggblend,TRUE,TRUE,TRUE,FALSE,2
ggborderline,0.2.0,NA,NA,"cli, ggplot2, rlang, utils, vctrs",NA,testthat (>= 3.0.0),NA,MIT + file LICENSE,NA,NA,NA,NA,060048f76a16f505825851bb22b64f59,no,NA,Jacob Scott,NA,NA,NA,NA,NA,NA,NA,NA,NA,NA,NA,NA,NA,NA,NA,NA,NA,NA,NA,NA,2022-10-25 13:45:14 UTC,"A set of geometries to make line plots a little bit nicer. Use 
    along with 'ggplot2' to:
    - Improve the clarity of line plots with many overlapping lines
    - Draw more realistic worms.",UTF-8,NA,NA,NA,NA,NA,NA,Jacob Scott <jscott2718@gmail.com>,NA,2022-10-25 12:43:14 UTC; JSCOTT4,NA,NA,NA,NA,Line Plots that Pop,Package,"https://github.com/wurli/ggborderline,
https://wurli.github.io/ggborderline/",NA,NA,NA,NA,NA,2022-10-25,NA,NA,NA,spiro,NA,NA,10.32614/CRAN.package.ggborderline,TRUE,TRUE,TRUE,FALSE,2
ggbrace,0.1.1,NA,R (>= 4.3),"ggplot2 (>= 3.4.2), stats (>= 4.3.1)",NA,"knitr, rmarkdown",NA,MIT + file LICENSE,NA,NA,NA,NA,2b3537c91c545bd92bb01483827c5aee,no,NA,"Nicolas Huber [aut, cre, cph]","
    person(""Nicolas"", ""Huber"", , ""info.huber@aol.de"", role = c(""aut"", ""cre"", ""cph""))",NA,NA,NA,NA,NA,NA,NA,NA,NA,NA,NA,NA,NA,NA,NA,NA,NA,NA,NA,2024-02-20 20:30:02 UTC,"Provides curly braces in 'ggplot2' plus matching text.
    stat_brace() plots braces partially in the confines of data so that the brace is set apart from it.
    stat_bracetext() plots corresponding text, fitting to the braces from stat_brace().",UTF-8,NA,NA,NA,NA,NA,NA,Nicolas Huber <info.huber@aol.de>,NA,2024-02-19 11:13:18 UTC; Bus Driver,NA,NA,NA,NA,Curly Braces for 'ggplot2',Package,NA,NA,NA,NA,NA,NA,2024-02-20,NA,NA,NA,NA,NA,NA,10.32614/CRAN.package.ggbrace,TRUE,TRUE,TRUE,FALSE,2
ggbrain,0.8.1,NA,R (>= 3.5.0),"Matrix, RNifti, checkmate, data.table, dplyr, ggplot2,
ggnewscale, ggrepel, glue, imager, patchwork, rlang, tibble,
tidyr, tidyselect, Rcpp","Rcpp, RcppArmadillo","knitr, rmarkdown",NA,GPL (>= 3),NA,NA,NA,NA,d9256f4438cd512ed66090f809148c10,yes,NA,"Michael Hallquist [aut, cre] (<https://orcid.org/0000-0001-5894-8038>)","
    person(""Michael"", ""Hallquist"", , ""michael.hallquist@gmail.com"", role = c(""aut"", ""cre""),
           comment = c(ORCID = ""0000-0001-5894-8038""))",NA,https://github.com/michaelhallquist/ggbrain/issues,NA,NA,NA,NA,NA,NA,NA,NA,NA,NA,NA,NA,NA,NA,NA,NA,2023-03-21,2023-03-21 18:00:05 UTC,"A 'ggplot2'-consistent approach to generating 2D displays of  volumetric brain imaging data.
  Display data from multiple NIfTI images using standard 'ggplot2' conventions such scales, limits, and
  themes to control the appearance of displays. The resulting plots are returned as 'patchwork' objects,
  inheriting from 'ggplot', allowing for any standard modifications of display aesthetics supported by 'ggplot2'.",UTF-8,NA,NA,NA,NA,NA,NA,Michael Hallquist <michael.hallquist@gmail.com>,NA,2023-03-21 17:36:10 UTC; hallquist,NA,NA,NA,NA,"Create Images of Volumetric Brain Data in NIfTI Format Using
'ggplot2' Syntax",Package,https://michaelhallquist.github.io/ggbrain/,NA,knitr,NA,NA,NA,2023-03-21,NA,NA,NA,NA,NA,NA,10.32614/CRAN.package.ggbrain,TRUE,TRUE,TRUE,FALSE,2
ggbreak,0.1.4,NA,NA,"ggfun (>= 0.1.1), grid, ggplot2, ggplotify (>= 0.0.7), aplot
(>= 0.1.5), rlang, stats, yulab.utils (>= 0.1.9)",NA,"cowplot, ggimage, knitr, patchwork, pillar, prettydoc,
rmarkdown",NA,Artistic-2.0,NA,NA,NA,NA,ccbe428b4b7de77344bf7b1375eeb9ae,no,NA,"Guangchuang Yu [aut, cre, cph]
    (<https://orcid.org/0000-0002-6485-8781>),
  Shuangbin Xu [aut] (<https://orcid.org/0000-0003-3513-5362>)","c(
       person(""Guangchuang"", ""Yu"",     email = ""guangchuangyu@gmail.com"", role = c(""aut"", ""cre"", ""cph""), comment = c(ORCID = ""0000-0002-6485-8781"")),
       person(""Shuangbin"", ""Xu"",       email = ""xshuangbin@163.com"",      role = ""aut"", comment = c(ORCID=""0000-0003-3513-5362""))
       )",NA,https://github.com/YuLab-SMU/ggbreak/issues,NA,NA,NA,NA,NA,NA,NA,NA,NA,NA,NA,NA,NA,NA,NA,NA,NA,2025-02-04 17:50:10 UTC,An implementation of scale functions for setting axis breaks of a 'gg' plot (S Xu (2021) <doi:10.3389/fgene.2021.774846>).,UTF-8,NA,NA,NA,NA,NA,NA,Guangchuang Yu <guangchuangyu@gmail.com>,NA,2025-02-04 17:24:02 UTC; HUAWEI,NA,NA,NA,NA,Set Axis Break for 'ggplot2',NA,https://github.com/YuLab-SMU/ggbreak,NA,knitr,NA,NA,NA,2025-02-04,NA,NeuralSens,NA,NA,NA,NA,10.32614/CRAN.package.ggbreak,TRUE,TRUE,FALSE,FALSE,1
ggbrick,0.3.0,NA,R (>= 3.5.0),"ggplot2, dplyr, purrr, glue",NA,NA,NA,MIT + file LICENSE,NA,NA,NA,NA,9da909aded1f43dac95ece86ae6bc56c,no,NA,"Daniel Oehm [aut, cre]","
  person(given = ""Daniel"",
         family = ""Oehm"",
         role = c(""aut"", ""cre""),
         email = ""danieloehm@gmail.com"")",NA,NA,NA,NA,NA,NA,NA,NA,NA,NA,NA,NA,NA,NA,NA,NA,NA,NA,NA,2024-03-14 20:20:02 UTC,"A new take on the bar chart. Similar to a waffle style chart but
  instead of squares the layout resembles a brick wall.",UTF-8,NA,NA,NA,NA,NA,NA,Daniel Oehm <danieloehm@gmail.com>,NA,2024-03-14 05:41:08 UTC; danie,NA,NA,NA,NA,Waffle Style Chart with a Brick Layout in 'ggplot2',Package,NA,NA,NA,NA,NA,NA,2024-03-14,NA,NA,NA,NA,NA,NA,10.32614/CRAN.package.ggbrick,TRUE,TRUE,FALSE,FALSE,1
ggBubbles,0.1.4,NA,R (>= 3.5.0),"dplyr, ggplot2",NA,"BiocStyle, knitr, rmarkdown, tibble",NA,LGPL (>= 3),NA,NA,NA,NA,02a8a19f678c217b10f333521fabb50c,no,NA,"Thomas Schwarzl [aut, cre] (<https://orcid.org/0000-0001-7697-7000>)","person(""Thomas"",
                  ""Schwarzl"",
                  email = ""schwarzl@embl.de"",
                  role = c(""aut"", ""cre""),
                  comment = c(ORCID = ""0000-0001-7697-7000""))",NA,NA,NA,NA,NA,NA,NA,NA,NA,NA,NA,NA,NA,NA,NA,NA,NA,NA,NA,2019-09-04 08:20:06 UTC,"When comparing discrete data mini bubble plots allow displaying 
   more information than traditional bubble plots via colour, shape or labels. 
   Exact overlapping coordinates will be transformed so they surround the
   original point circularly without overlapping. This is implemented as a 
   position_surround() function for 'ggplot2'.",UTF-8,NA,NA,true,NA,NA,NA,Thomas Schwarzl <schwarzl@embl.de>,NA,2019-09-03 08:10:56 UTC; Tom,NA,NA,NA,NA,Mini Bubble Plots for Comparison of Discrete Data with 'ggplot2',Package,NA,NA,knitr,NA,NA,NA,2019-09-04,NA,NA,NA,NA,NA,NA,10.32614/CRAN.package.ggBubbles,TRUE,TRUE,TRUE,FALSE,2
ggbuildr,0.1.0,NA,ggplot2,"purrr, readr, tools",NA,testthat,NA,GPL-3 | file LICENSE,NA,NA,NA,NA,f717f9ee96b1017a9fde6f612d0334de,no,NA,Jongbin Jung,NA,NA,NA,NA,NA,NA,NA,NA,NA,NA,NA,NA,NA,NA,NA,NA,NA,NA,NA,NA,2018-02-05 18:45:42 UTC,"Saves a 'ggplot' object into multiple files, each with a layer 
    added incrementally. Generally to be used in presentation slides.
    Flexible enough to allow different file types for the final complete plot,
    and intermediate builds.",UTF-8,NA,NA,true,NA,NA,NA,Jongbin Jung <me@jongbin.com>,NA,2018-02-05 18:09:51 UTC; jongbin,NA,NA,NA,NA,Save Incremental Builds of Plots,Package,NA,NA,NA,NA,NA,NA,2018-02-05,NA,NA,NA,NA,NA,NA,10.32614/CRAN.package.ggbuildr,TRUE,TRUE,TRUE,FALSE,2
ggbump,0.1.0,NA,NA,"ggplot2, dplyr, purrr, tidyr",NA,testthat (>= 2.1.0),NA,MIT + file LICENSE,NA,NA,NA,NA,1ec6860e19e80a6b489d12fcdb1b55c1,no,NA,David Sjoberg,NA,NA,NA,NA,NA,NA,NA,NA,NA,NA,NA,NA,NA,NA,NA,NA,NA,NA,NA,NA,2020-04-24 16:00:02 UTC,A geom for ggplot to create bump plots. Can be good to use for showing rank over time.,UTF-8,NA,NA,true,NA,NA,NA,David Sjoberg <dav.sjob@gmail.com>,NA,2020-04-16 17:43:15 UTC; charlicito,NA,NA,NA,NA,Bump Chart and Sigmoid Curves,Package,NA,NA,NA,NA,NA,NA,2020-04-24,NA,"CCPlotR, MSmix",NA,NA,NA,NA,10.32614/CRAN.package.ggbump,TRUE,TRUE,TRUE,FALSE,2
ggchangepoint,0.1.0,NA,NA,"changepoint, changepoint.np, dplyr, ecp, ggplot2, Rdpack,
tibble, utils",NA,"rmarkdown, knitr, gstat, datasets",NA,GPL (>= 3),NA,NA,NA,NA,455a253992a74a574d96023c55e78772,no,NA,"Youzhi Yu [aut, cre]","
    c(person(given = ""Youzhi"",
             family = ""Yu"",
             role = c(""aut"", ""cre""),
             email = ""yuyouzhi666@icloud.com""))",NA,NA,NA,NA,NA,NA,NA,NA,NA,NA,NA,NA,NA,NA,NA,NA,NA,NA,NA,2022-02-24 08:20:04 UTC,"R provides fantastic tools for changepoint
    analysis, but plots generated by the tools do 
    not have the 'ggplot2' style. This tool, however, 
    combines 'changepoint', 'changepoint.np' and 'ecp'
    together, and uses 'ggplot2' to visualize changepoints.",UTF-8,NA,NA,NA,NA,NA,NA,Youzhi Yu <yuyouzhi666@icloud.com>,NA,2022-02-22 21:37:38 UTC; yuy,Rdpack,NA,NA,NA,Combines Changepoint Analysis with 'ggplot2',Package,NA,NA,knitr,NA,NA,NA,2022-02-24,NA,NA,NA,NA,NA,NA,10.32614/CRAN.package.ggchangepoint,TRUE,TRUE,TRUE,FALSE,2
ggcharts,0.2.1,NA,"R (>= 3.5.0), ggplot2 (>= 3.0.0)","colorspace, dplyr, lifecycle, magrittr, patchwork, rlang",NA,"gapminder, knitr, lintr, rmarkdown, scales, spelling, tibble,
tidyr, testthat (>= 2.1.0), vdiffr",NA,MIT + file LICENSE,NA,NA,NA,NA,8f0e39ad10ab0d121ef62dc1060ab453,no,NA,"Thomas Neitmann [aut, cre],
  Julia Silge [ctb, cph],
  David Robinson [ctb, cph]","c(
    person(""Thomas"", ""Neitmann"", , ""th.neitmann@gmail.com"", c(""aut"", ""cre"")),
    person(""Julia"", ""Silge"", role = c(""ctb"", ""cph"")),
    person(""David"", ""Robinson"", role = c(""ctb"", ""cph""))
    )",NA,https://github.com/thomas-neitmann/ggcharts/issues,NA,NA,NA,NA,NA,NA,NA,NA,NA,NA,NA,NA,NA,NA,NA,NA,NA,2020-05-20 00:40:02 UTC,"Streamline the creation of common charts by taking care of a lot of
    data preprocessing and plot customization for the user. Provides a
    high-level interface to create plots using 'ggplot2'.",UTF-8,NA,NA,true,NA,NA,NA,Thomas Neitmann <th.neitmann@gmail.com>,NA,2020-05-19 20:11:18 UTC; neitmant,NA,NA,NA,NA,Shorten the Distance from Data Visualization Idea to Actual Plot,Package,https://github.com/thomas-neitmann/ggcharts,NA,knitr,NA,NA,NA,2020-05-20,NA,bartcs,NA,NA,NA,NA,10.32614/CRAN.package.ggcharts,TRUE,TRUE,TRUE,FALSE,2
ggChernoff,0.3.0,NA,R (>= 3.2.5),"ggplot2 (>= 2.2.0), grid, scales",NA,NA,NA,MIT + file LICENSE,NA,NA,NA,NA,13955a368867b27354cee7a42dad3fb5,no,NA,"David Selby [aut, cre]","person(""David"", ""Selby"", email = ""selby@cs.uni-kl.de"", role = c(""aut"", ""cre""))",NA,https://github.com/Selbosh/ggChernoff/issues,NA,NA,NA,NA,NA,NA,NA,NA,NA,NA,NA,NA,NA,NA,NA,NA,NA,2022-11-17 13:10:01 UTC,"Provides a Chernoff face geom for 'ggplot2'. Maps multivariate data
    to human-like faces. Inspired by Chernoff (1973) <doi:10.1080/01621459.1973.10482434>.",UTF-8,NA,NA,NA,NA,NA,NA,David Selby <selby@cs.uni-kl.de>,NA,2022-11-16 15:27:22 UTC; david,NA,NA,NA,NA,Chernoff Faces for 'ggplot2',NA,https://github.com/Selbosh/ggChernoff,NA,NA,NA,NA,NA,2022-11-17,NA,NA,NA,NA,NA,NA,10.32614/CRAN.package.ggChernoff,TRUE,TRUE,TRUE,FALSE,2
ggcleveland,0.1.0,NA,R (>= 3.6.0),"dplyr, tidyr, ggplot2, rlang, magrittr, graphics, readr, egg,
vctrs, lattice, tibble, stringr",NA,"testthat, knitr, rmarkdown",NA,GPL-2,NA,NA,NA,NA,47e264a78467b5d8872edaa253b52f02,no,NA,"Marcos Prunello [aut, cre] (<https://orcid.org/0000-0002-9611-527X>),
  Gonzalo Mari [aut]","c(
  person(given = ""Marcos"",
         family = ""Prunello"",
         role = c(""aut"", ""cre""),
         email = ""marcosprunello@gmail.com"",
         comment = c(ORCID = ""0000-0002-9611-527X"")
         ),
  person(given = ""Gonzalo"",
         family = ""Mari"",
         role = c(""aut"")
         )
  )",NA,https://github.com/mpru/ggcleveland/issues,NA,NA,NA,NA,NA,NA,NA,NA,NA,NA,NA,NA,NA,NA,NA,NA,NA,2021-08-16 07:00:09 UTC,"William S. Cleveland's book 'Visualizing Data' is a classic piece 
	of literature on Exploratory Data Analysis. Although it was written 
	several decades ago, its content is still relevant as it proposes several 
	tools which are useful to discover patterns and relationships among the data 
	under study, and also to assess the goodness of fit o a model.  This package 
	provides functions to produce the 'ggplot2' versions of the visualization tools 
	described in this book and is thought to be used in the context of courses on 
	Exploratory Data Analysis.",UTF-8,NA,NA,true,NA,NA,NA,Marcos Prunello <marcosprunello@gmail.com>,NA,2021-08-12 14:09:22 UTC; marcos,NA,NA,NA,NA,Implementation of Plots from Cleveland's Visualizing Data Book,NA,https://github.com/mpru/ggcleveland,NA,knitr,NA,NA,NA,2021-08-16,NA,NA,NA,NA,NA,NA,10.32614/CRAN.package.ggcleveland,TRUE,TRUE,TRUE,FALSE,2
ggcompare,0.0.3,NA,R (>= 4.1),ggplot2,NA,NA,NA,Artistic-2.0,NA,NA,NA,NA,97964a92f40ee4b5686d7c2d71a2399b,no,NA,"Hao Wang [aut, cre] (<https://orcid.org/0009-0000-9477-9585>)","
    person(""Hao"", ""Wang"", email = ""wanghao8772@gmail.com"", role = c(""aut"", ""cre""), comment = c(ORCID = ""0009-0000-9477-9585""))",NA,https://github.com/HMU-WH/ggcompare/issues/,NA,NA,NA,NA,NA,NA,NA,NA,NA,NA,NA,NA,NA,NA,NA,NA,NA,2024-12-09 06:00:01 UTC,"Add mean comparison annotations to a 'ggplot'. 
             This package provides an easy way to indicate if two or more groups are significantly different in a 'ggplot'. 
             Usually you do not need to specify the test method, you only need to tell stat_compare() whether you want to perform a parametric test or a nonparametric test, and stat_compare() will automatically choose the appropriate test method based on your data. 
             For comparisons between two groups, the p-value is calculated by t-test (parametric) or Wilcoxon rank sum test (nonparametric). For comparisons among more than two groups, the p-value is calculated by One-way ANOVA (parametric) or Kruskal-Wallis test (nonparametric).",UTF-8,NA,NA,NA,NA,NA,NA,Hao Wang <wanghao8772@gmail.com>,NA,2024-12-09 05:45:56 UTC; 22835,NA,NA,NA,NA,Mean Comparison in 'ggplot2',NA,"https://hmu-wh.github.io/ggcompare/,
https://github.com/HMU-WH/ggcompare/",NA,NA,NA,NA,NA,2024-12-09,NA,NA,NA,NA,NA,NA,10.32614/CRAN.package.ggcompare,TRUE,TRUE,TRUE,FALSE,2
ggcorrplot,0.1.4.1,NA,"R (>= 3.3), ggplot2 (>= 3.3.6)","reshape2, stats",NA,"testthat (>= 3.0.0), knitr, spelling, vdiffr (>= 1.0.0)",NA,GPL-2,NA,NA,NA,NA,62fab7931481cecd3eee71db7dda9cd8,no,NA,"Alboukadel Kassambara [aut, cre],
  Indrajeet Patil [ctb] (<https://orcid.org/0000-0003-1995-6531>,
    @patilindrajeets)","
    c(person(given = ""Alboukadel"",
             family = ""Kassambara"",
             role = c(""aut"", ""cre""),
             email = ""alboukadel.kassambara@gmail.com""),
      person(given = ""Indrajeet"",
             family = ""Patil"",
             role = ""ctb"",
             email = ""patilindrajeet.science@gmail.com"",
             comment = c(ORCID = ""0000-0003-1995-6531"", Twitter = ""@patilindrajeets"")))",NA,https://github.com/kassambara/ggcorrplot/issues,NA,NA,NA,NA,NA,NA,NA,NA,NA,NA,NA,NA,NA,NA,NA,NA,NA,2023-09-05 15:50:48 UTC,"The 'ggcorrplot' package can be used to visualize easily a
    correlation matrix using 'ggplot2'. It provides a solution for
    reordering the correlation matrix and displays the significance level
    on the plot. It also includes a function for computing a matrix of
    correlation p-values.",UTF-8,NA,en-US,NA,NA,NA,NA,Alboukadel Kassambara <alboukadel.kassambara@gmail.com>,NA,2023-09-05 15:45:33 UTC; hornik,NA,NA,NA,NA,Visualization of a Correlation Matrix using 'ggplot2',Package,http://www.sthda.com/english/wiki/ggcorrplot-visualization-of-a-correlation-matrix-using-ggplot2,NA,NA,NA,NA,NA,2023-09-05,NA,"abseqR, ammistability, chooseGCM, CIMICE, corx, cspp, EQUALSTATS, EvaluateCore, ggstatsplot, itraxR, MantaID, modgo, POMA, qacBase, SqueakR, StepReg, tidyCDISC, tRigon, visvaR",NA,"epca, FAfA, partition, sigminer, simdata, SPOTlight",NA,NA,10.32614/CRAN.package.ggcorrplot,TRUE,TRUE,TRUE,FALSE,2
ggcorset,0.5.0,NA,R (>= 3.5.0),"ggplot2, gghalves",NA,"rmarkdown, knitr, viridis, MetBrewer",NA,MIT + file LICENSE,NA,NA,NA,NA,c822c8cb84ed2018afdce2613116994b,no,NA,Kyla Belisario,NA,NA,https://github.com/kbelisar/ggcorset/issues,NA,NA,NA,NA,NA,NA,NA,NA,NA,NA,NA,NA,NA,NA,NA,NA,NA,2024-04-07 13:33:01 UTC,"Corset plots are a visualization technique used strictly to visualize repeat measures 
  at 2 time points (such as pre- and post- data). The distribution of measurements are visualized at 
  each time point, whilst the trajectories of individual change are visualized by connecting the pre- 
  and post- values linearly. These lines can be coloured to represent the magnitude of change, or 
  other user-defined value. This method of visualization is ideal for showing the heterogeneity of 
  data, including differences by sub-groups. The package relies on 'ggplot2' allowing for easy 
  integration so that users can customize their visualizations as required. Users can create corset 
  plots using data in either wide or long format using the functions gg_corset() or gg_corset_elongated(), respectively.",UTF-8,NA,NA,true,NA,NA,NA,Kyla Belisario <kyla_belisario@protonmail.com>,NA,2024-04-07 12:39:39 UTC; kyla,NA,NA,NA,NA,The Corset Plot,Package,"https://cran.r-project.org/package=ggcorset,
https://github.com/kbelisar/ggcorset",NA,knitr,NA,NA,NA,2024-04-07,NA,NA,NA,NA,NA,NA,10.32614/CRAN.package.ggcorset,TRUE,TRUE,TRUE,FALSE,2
ggdag,0.2.13,NA,R (>= 3.4.0),"dagitty, dplyr, forcats, ggplot2 (>= 3.0.0), ggraph (>=
2.0.0), ggrepel, igraph, magrittr, pillar, purrr, rlang,
stringr, tibble, tidygraph",NA,"covr, knitr, rmarkdown, spelling, testthat (>= 3.0.0), vdiffr
(>= 1.0.2), withr",NA,MIT + file LICENSE,NA,NA,NA,NA,2b1544e2b6543f3b1dbd10551b5a1f0c,no,NA,"Malcolm Barrett [aut, cre] (<https://orcid.org/0000-0003-0299-5825>)","
    person(""Malcolm"", ""Barrett"", , ""malcolmbarrett@gmail.com"", role = c(""aut"", ""cre""),
           comment = c(ORCID = ""0000-0003-0299-5825""))",NA,https://github.com/r-causal/ggdag/issues,NA,NA,NA,NA,NA,NA,NA,NA,NA,NA,NA,NA,NA,NA,NA,NA,NA,2024-07-22 09:50:10 UTC,"Tidy, analyze, and plot directed acyclic graphs (DAGs).
    'ggdag' is built on top of 'dagitty', an R package that uses the
    'DAGitty' web tool (<https://dagitty.net/>) for creating and analyzing
    DAGs. 'ggdag' makes it easy to tidy and plot 'dagitty' objects using
    'ggplot2' and 'ggraph', as well as common analytic and graphical
    functions, such as determining adjustment sets and node relationships.",UTF-8,NA,en-US,NA,NA,NA,NA,Malcolm Barrett <malcolmbarrett@gmail.com>,NA,2024-07-21 19:22:20 UTC; malcolmbarrett,NA,NA,NA,NA,Analyze and Create Elegant Directed Acyclic Graphs,NA,"https://github.com/r-causal/ggdag,
https://r-causal.github.io/ggdag/",NA,knitr,NA,NA,NA,2024-07-22,NA,"causalPAF, episensr",NA,"dagwood, epicmodel, mvGPS, performance, see",NA,NA,10.32614/CRAN.package.ggdag,TRUE,TRUE,TRUE,FALSE,2
ggdark,0.2.1,NA,R (>= 3.1),ggplot2 (>= 3.0),NA,testthat,NA,MIT + file LICENSE,NA,NA,NA,NA,d4cf6955ad830b4bf3b33f5f1f0b89ee,no,NA,Neal Grantham,NA,NA,NA,NA,NA,NA,NA,NA,NA,NA,NA,NA,NA,NA,NA,NA,NA,NA,NA,NA,2019-01-11 17:30:06 UTC,"Activate dark mode on your favorite 'ggplot2' theme 
             with dark_mode() or use the dark versions of 
             'ggplot2' themes, including dark_theme_gray(),
             dark_theme_minimal(), and others. When a dark theme 
             is applied, all geom color and geom fill defaults 
             are changed to make them visible against a dark 
             background. To restore the defaults to their original 
             values, use invert_geom_defaults().",UTF-8,NA,NA,true,NA,NA,NA,Neal Grantham <neal@nsgrantham.com>,NA,2019-01-09 08:17:48 UTC; neal,NA,NA,NA,NA,Dark Mode for 'ggplot2' Themes,Package,NA,NA,NA,NA,NA,NA,2019-01-11,NA,NA,NA,NA,NA,NA,10.32614/CRAN.package.ggdark,TRUE,TRUE,TRUE,FALSE,2
ggdaynight,0.1.3,NA,R (>= 2.10),"ggplot2, grid",NA,"testthat (>= 3.0.0), vdiffr",NA,MIT + file LICENSE,NA,NA,NA,NA,53211fd0b4653cf6f5151bab95601ad5,no,NA,"Gabriel S. Pires [aut, cre, cph]
    (<https://orcid.org/0000-0002-5354-1957>)","
    person(c(""Gabriel"", ""S.""), ""Pires"", , ""gabriel.slpires@gmail.com"", role = c(""aut"", ""cre"", ""cph""),
           comment = c(ORCID = ""0000-0002-5354-1957""))",NA,https://github.com/GabrielSlPires/ggdaynight/issues,NA,NA,NA,NA,NA,NA,NA,NA,NA,NA,NA,NA,NA,NA,NA,NA,NA,2024-05-23 07:10:09 UTC,"It provides a custom 'ggplot2' geom to add day/night patterns to plots.
    It visually distinguishes daytime and nighttime periods. It is useful for 
    visualizing data that spans multiple days and for highlighting diurnal patterns.",UTF-8,NA,NA,true,NA,NA,NA,Gabriel S. Pires <gabriel.slpires@gmail.com>,NA,2024-05-22 17:48:25 UTC; gabriel,NA,NA,NA,NA,Add Day/Night Patterns to 'ggplot2' Plots,Package,https://github.com/GabrielSlPires/ggdaynight,NA,NA,NA,NA,NA,2024-05-23,NA,NA,NA,NA,NA,NA,10.32614/CRAN.package.ggdaynight,TRUE,TRUE,TRUE,FALSE,2
ggdemetra,0.2.8,NA,"R (>= 3.1.2), ggplot2 (>= 2.0.0), RJDemetra (>= 0.1.2),","ggrepel, gridExtra",NA,"knitr, rmarkdown",NA,EUPL,NA,NA,NA,NA,690572c87a86ba6d4fa1e4f372abecd2,no,NA,"Alain Quartier-la-Tente [aut, cre]
    (<https://orcid.org/0000-0001-7890-3857>)","c(person(""Alain"", ""Quartier-la-Tente"", role = c(""aut"", ""cre""),
                 email = ""alain.quartier@yahoo.fr"",
                 comment = c(ORCID = ""0000-0001-7890-3857"")))",NA,https://github.com/AQLT/ggdemetra/issues,NA,NA,NA,NA,NA,NA,NA,NA,NA,NA,NA,NA,NA,NA,NA,NA,NA,2024-02-04 14:50:02 UTC,"Provides 'ggplot2' functions to return the results of seasonal and trading day adjustment 
    made by 'RJDemetra'. 'RJDemetra' is an 'R' interface around 'JDemetra+' (<https://github.com/jdemetra/jdemetra-app>),
    the seasonal adjustment software officially recommended to the members of the European Statistical System and
    the European System of Central Banks.",UTF-8,NA,NA,true,NA,NA,NA,Alain Quartier-la-Tente <alain.quartier@yahoo.fr>,NA,2024-02-04 14:21:34 UTC; alainquartierlatente,NA,NA,NA,Java (>= 8),"'ggplot2' Extension for Seasonal and Trading Day Adjustment with
'RJDemetra'",Package,"https://aqlt.github.io/ggdemetra/,
https://github.com/AQLT/ggdemetra",NA,knitr,NA,NA,NA,2024-02-04,NA,rjdqa,NA,rjdmarkdown,NA,NA,10.32614/CRAN.package.ggdemetra,TRUE,TRUE,TRUE,FALSE,2
ggdendro,0.2.0,NA,R(>= 3.5),"MASS, ggplot2(>= 0.9.2)",NA,"rpart (>= 4.0-0), tree, testthat, knitr, cluster, scales,
spelling, rmarkdown, covr",NA,GPL-2 | GPL-3,NA,NA,NA,NA,9df2367d1c26c8b1f1adc376fb1ac3c4,no,NA,"Andrie de Vries [aut, cre],
  Brian D. Ripley [aut] (author of package tree)","c(person(""Andrie"", ""de Vries"", role=c(""aut"", ""cre""),
    email=""apdevries@gmail.com""), person(c(""Brian"", ""D.""), ""Ripley"", role =
    c(""aut""), comment = ""author of package tree""))",NA,https://github.com/andrie/ggdendro/issues,NA,NA,NA,NA,NA,true,NA,NA,NA,NA,NA,NA,NA,NA,NA,NA,NA,2024-02-23 12:40:02 UTC,"This is a set of tools for dendrograms and
    tree plots using 'ggplot2'.  The 'ggplot2' philosophy is to
    clearly separate data from the presentation.
    Unfortunately the plot method for dendrograms plots
    directly to a plot device without exposing the data.
    The 'ggdendro' package resolves this by making available
    functions that extract the dendrogram plot data. The package
    provides implementations for 'tree', 'rpart', as well as diana and agnes
    (from 'cluster') diagrams.",UTF-8,NA,en-US,NA,NA,true,NA,Andrie de Vries <apdevries@gmail.com>,NA,2024-02-18 21:50:45 UTC; apdev,NA,NA,NA,NA,Create Dendrograms and Tree Diagrams Using 'ggplot2',NA,https://andrie.github.io/ggdendro/,NA,knitr,NA,NA,NA,2024-02-23,"EnsCat, GOplot, sangeranalyseR","abseqR, AneuFinder, artMS, barcodetrackR, BatchQC, benchdamic, BioNERO, BloodCancerMultiOmics2017, celda, CEMiTool, chemodiv, ClusterFoldSimilarity, dartR.popgen, DEGreport, discoveR, evaluomeR, forestmangr, GeDi, hierarchicalSets, iCellR, iheatmapr, Linnorm, missCompare, MultivariateAnalysis, MutationalPatterns, netZooR, ngsReports, PhosR, Plasmidprofiler, plotBart, PTXQC, qPLEXanalyzer, rwty, scRepertoire, scRNAseqApp, SensMap, SPARTAAS, statVisual, superheat, triplot, visvow, Xplortext",NA,"AntMAN, ClustMC, disclapmix, ecan, EWCE, fairmodels, ggh4x, ggside, manynet, microeco, mlr3viz, mosaic, motifTestR, mulgar, rattle, ROKET, ShinyItemAnalysis, SomaticSignatures, spatialHeatmap, stabm, structToolbox",dendextend,NA,10.32614/CRAN.package.ggdendro,TRUE,TRUE,TRUE,FALSE,2
ggdensity,1.0.0,NA,ggplot2,"isoband, vctrs, tibble, MASS, stats, scales",NA,"vdiffr, testthat (>= 3.0.0), knitr, rmarkdown",NA,MIT + file LICENSE,NA,NA,NA,NA,4ed086a32848a5125b3dd981689d4492,no,NA,"James Otto [aut, cre] (<https://orcid.org/0000-0002-0665-2515>),
  David Kahle [aut] (<https://orcid.org/0000-0002-9999-1558>)","
    c(person(given = ""James"",
           family = ""Otto"",
           role = c(""aut"", ""cre""),
           email = ""jamesotto852@gmail.com"",
           comment = c(ORCID = ""0000-0002-0665-2515"")),
      person(given = ""David"",
           family = ""Kahle"",
           role = c(""aut""),
           email = ""david@kahle.io"",
           comment = c(ORCID = ""0000-0002-9999-1558"")))",NA,https://github.com/jamesotto852/ggdensity/issues/,NA,NA,NA,NA,NA,NA,NA,NA,NA,NA,NA,NA,NA,NA,NA,NA,NA,2023-02-09 23:10:02 UTC,"The 'ggplot2' package provides simple functions for visualizing contours
  of 2-d kernel density estimates. 'ggdensity' implements several additional density estimators 
  as well as more interpretable visualizations based on highest density regions instead of
  the traditional height of the estimated density surface. ",UTF-8,NA,NA,NA,NA,NA,NA,James Otto <jamesotto852@gmail.com>,NA,2023-02-09 22:57:26 UTC; ubuntu,NA,NA,NA,NA,Interpretable Bivariate Density Visualization with 'ggplot2',NA,"https://jamesotto852.github.io/ggdensity/,
https://github.com/jamesotto852/ggdensity/",NA,knitr,NA,NA,NA,2023-02-09,NA,"densityarea, TransProR",NA,rbiom,NA,NA,10.32614/CRAN.package.ggdensity,TRUE,TRUE,TRUE,FALSE,2
ggdist,3.3.2,NA,R (>= 3.6.0),"ggplot2 (>= 3.5.0), rlang (>= 0.3.0), cli, scales, grid,
tibble, vctrs, withr, distributional (>= 0.3.2), numDeriv,
glue, quadprog, gtable, Rcpp",Rcpp,"tidyselect, dplyr (>= 1.0.0), fda, posterior, beeswarm (>=
0.4.0), rmarkdown, knitr, testthat (>= 3.0.0), vdiffr (>=
1.0.0), svglite (>= 2.1.0), fontquiver, sysfonts, showtext,
mvtnorm, covr, broom (>= 0.5.6), patchwork, tidyr (>= 1.0.0),
ragg, pkgdown",NA,GPL (>= 3),NA,NA,NA,NA,4272ed3112d6770ed3bea3697eea180e,yes,NA,"Matthew Kay [aut, cre],
  Brenton M. Wiernik [ctb]","c(
        person(""Matthew"", ""Kay"", role = c(""aut"", ""cre""), email = ""mjskay@northwestern.edu""),
        person(""Brenton M."", ""Wiernik"", role = ""ctb"", email = ""brenton@wiernik.org"")
    )",NA,https://github.com/mjskay/ggdist/issues/new,NA,NA,NA,NA,NA,NA,NA,NA,NA,NA,NA,"""ggdist-package.R"" ""util.R"" ""compat.R"" ""rd.R"" ""RcppExports.R""
""abstract_geom.R"" ""abstract_stat.R""
""abstract_stat_slabinterval.R"" ""auto_partial.R""
""binning_methods.R"" ""bounder.R"" ""curve_interval.R""
""cut_cdf_qi.R"" ""data.R"" ""density.R"" ""distributions.R""
""draw_key_slabinterval.R"" ""geom.R"" ""geom_slabinterval.R""
""geom_dotsinterval.R"" ""geom_blur_dots.R"" ""geom_interval.R""
""geom_lineribbon.R"" ""geom_pointinterval.R"" ""geom_slab.R""
""geom_spike.R"" ""geom_swarm.R"" ""guide_rampbar.R""
""lkjcorr_marginal.R"" ""parse_dist.R"" ""partial_colour_ramp.R""
""point_interval.R"" ""position_dodgejust.R"" ""pr.R""
""rd_dotsinterval.R"" ""rd_slabinterval.R"" ""rd_spike.R""
""rd_lineribbon.R"" ""scale_colour_ramp.R"" ""scale_thickness.R""
""scale_side_mirrored.R"" ""scale_.R"" ""smooth.R"" ""stat.R""
""stat_slabinterval.R"" ""stat_dotsinterval.R"" ""stat_mcse_dots.R""
""stat_pointinterval.R"" ""stat_interval.R"" ""stat_lineribbon.R""
""stat_spike.R"" ""student_t.R"" ""subguide.R"" ""testthat.R""
""theme_ggdist.R"" ""tidy_format_translators.R"" ""weighted_ecdf.R""
""weighted_hist.R"" ""weighted_quantile.R"" ""deprecated.R""",NA,NA,NA,NA,2024-03-03,2024-03-05 05:30:23 UTC,"Provides primitives for visualizing distributions using 'ggplot2' that are particularly tuned for
    visualizing uncertainty in either a frequentist or Bayesian mode. Both analytical distributions (such as 
    frequentist confidence distributions or Bayesian priors) and distributions represented as samples (such as 
    bootstrap distributions or Bayesian posterior samples) are easily visualized. Visualization primitives include
    but are not limited to: points with multiple uncertainty intervals, 
    eye plots (Spiegelhalter D., 1999) <https://ideas.repec.org/a/bla/jorssa/v162y1999i1p45-58.html>,
    density plots, gradient plots, dot plots (Wilkinson L., 1999) <doi:10.1080/00031305.1999.10474474>,
    quantile dot plots (Kay M., Kola T., Hullman J., Munson S., 2016) <doi:10.1145/2858036.2858558>,
    complementary cumulative distribution function 
    barplots (Fernandes M., Walls L., Munson S., Hullman J., Kay M., 2018) <doi:10.1145/3173574.3173718>,
    and fit curves with multiple uncertainty ribbons.",UTF-8,NA,en-US,true,NA,NA,NA,Matthew Kay <mjskay@northwestern.edu>,NA,2024-03-04 17:12:50 UTC; matth,NA,NA,NA,NA,Visualizations of Distributions and Uncertainty,NA,"https://mjskay.github.io/ggdist/,
https://github.com/mjskay/ggdist/",NA,knitr,NA,NA,NA,2024-03-05,NA,"beastt, BindingSiteFinder, CBNplot, crosshap, escape, esci, evalITR, EvidenceSynthesis, fabletools, ffp, lmeresampler, MBNMAtime, multinma, multitool, pmxTools, priorsense, ProteinGymR, surveil, tidybayes, TOSTER, tsnet",NA,"AlphaMissenseR, bayestestR, coveffectsplot, distributional, epiCleanr, gratia, isotracer, marginaleffects, MBNMAdose, modelsummary, multimedia, nichetools, posterior, rvec, scoringutils, SCpubr, see, Xcertainty",NA,NA,10.32614/CRAN.package.ggdist,TRUE,TRUE,TRUE,FALSE,2
ggdmc,0.2.6.0,NA,R (>= 3.3.0),"Rcpp (>= 0.12.10), coda, stats, utils, ggplot2, matrixStats,
data.table (>= 1.10.4)","Rcpp (>= 0.12.10), RcppArmadillo (>= 0.7.100.3.0)",testthat,NA,GPL-2,NA,NA,NA,NA,ce91a8fad5c02013756125cf771ce358,yes,NA,"Yi-Shin Lin [aut, cre], Andrew Heathcote [aut]",NA,NA,https://github.com/yxlin/ggdmc/issues,NA,NA,NA,NA,NA,NA,NA,NA,NA,NA,NA,NA,NA,NA,NA,NA,2019-04-29,2019-04-29 05:10:03 UTC,"Hierarchical Bayesian models. The package provides tools to fit two response time models, using the population-based Markov Chain Monte Carlo. ",UTF-8,NA,NA,TRUE,NA,NA,NA,Yi-Shin Lin <yishinlin001@gmail.com>,NA,2019-04-28 22:51:49 UTC; yslin,NA,NA,NA,NA,Cognitive Models,Package,https://github.com/yxlin/ggdmc,NA,NA,NA,NA,NA,2019-04-29,NA,NA,NA,NA,NA,NA,10.32614/CRAN.package.ggdmc,TRUE,TRUE,FALSE,FALSE,1
ggDoE,0.8,NA,R (>= 3.7.0),"ggplot2 (>= 3.4.0), insight (>= 0.19.5)",NA,"roxygen2, tibble, MASS, viridisLite, ggrepel, patchwork,
unrepx, geomtextpath, rsm, lhs, DoE.base",NA,MIT + file LICENSE,NA,NA,NA,NA,0c75e49d9f259c7f43495bc7d98163ee,no,NA,"Jose Toledo Luna [aut, cre] (<https://orcid.org/0000-0001-8559-0027>)","c(person(given = ""Jose"",family = ""Toledo Luna"",
             role = c(""aut"", ""cre""),
             email = ""toledo60@protonmail.com"",
             comment = c(ORCID = ""0000-0001-8559-0027"")))",NA,https://github.com/toledo60/ggDoE/issues,NA,NA,NA,NA,NA,NA,NA,NA,NA,NA,NA,NA,NA,NA,NA,NA,NA,2024-02-10 04:50:02 UTC,"Generate commonly used plots in the field of design of experiments using 'ggplot2'.
  'ggDoE' currently supports the following plots: alias matrix, box cox transformation, boxplots, lambda plot,
  regression diagnostic plots, half normal plots, main and interaction effect plots for factorial designs,
  contour plots for response surface methodology, Pareto plot, and two dimensional projections of a latin hypercube design.",UTF-8,NA,en-US,true,NA,NA,NA,Jose Toledo Luna <toledo60@protonmail.com>,NA,2024-02-10 01:28:29 UTC; jtoledo,NA,NA,NA,NA,Modern Graphs for Design of Experiments with 'ggplot2',Package,https://ggdoe.netlify.app,NA,NA,NA,NA,NA,2024-02-10,NA,NA,NA,NA,NA,NA,10.32614/CRAN.package.ggDoE,TRUE,TRUE,TRUE,FALSE,2
ggDoubleHeat,0.1.2,NA,R (>= 3.5.0),"rlang, grid, ggplot2 (>= 3.0.0), ggnewscale (>= 0.4.5)",NA,"rmarkdown, knitr, dplyr, scales, tidyr",NA,GPL (>= 3),NA,NA,NA,NA,62dfa5552b89535048a07d0d2f2480eb,no,NA,"Youzhi Yu [aut, cre],
  Trent Buskirk [aut, ths]","
    c(person(given = ""Youzhi"",
             family = ""Yu"",
             role = c(""aut"", ""cre""),
             email = ""yuyouzhi666@icloud.com""),
      person(given = ""Trent"",
             family = ""Buskirk"",
             role = c(""aut"", ""ths"")))",NA,https://github.com/PursuitOfDataScience/ggDoubleHeat/issues,NA,NA,NA,NA,NA,NA,NA,NA,NA,NA,NA,NA,NA,NA,NA,NA,NA,2023-08-24 21:00:04 UTC,"A data visualization design that provides comparison between 
    two (Double) data sources (usually on a par with each other) on one 
    reformed heatmap, while inheriting 'ggplot2' features.  ",UTF-8,NA,NA,true,NA,NA,NA,Youzhi Yu <yuyouzhi666@icloud.com>,NA,2023-08-24 20:46:08 UTC; youzhi,NA,NA,NA,NA,A Heatmap-Like Visualization Tool,Package,https://pursuitofdatascience.github.io/ggDoubleHeat/,NA,NA,NA,NA,NA,2023-08-24,NA,NA,NA,NA,NA,NA,10.32614/CRAN.package.ggDoubleHeat,TRUE,TRUE,TRUE,FALSE,2
ggeasy,0.1.5,NA,R (>= 3.5.0),"ggplot2, rlang",NA,"knitr, rmarkdown, testthat (>= 2.1.0), clipr, labelled,
patchwork, vdiffr, covr",NA,GPL (>= 2),NA,NA,NA,NA,2c5e910e64e3e662a8d5eba34354c9b7,no,NA,"Jonathan Carroll [aut, cre] (<https://orcid.org/0000-0002-1404-5264>),
  Alicia Schep [aut] (<https://orcid.org/0000-0002-3915-0618>),
  Jonathan Sidi [aut] (<https://orcid.org/0000-0002-4222-1819>),
  Bob Rudis [ctb] (<https://orcid.org/0000-0001-5670-2640>),
  Mohamed El Fodil Ihaddaden [ctb],
  Thomas Neitmann [ctb]","c(
 person(""Jonathan"", ""Carroll"", email = ""rpkg@jcarroll.com.au"", role = c(""aut"", ""cre""), comment = c(ORCID = ""0000-0002-1404-5264"")),
 person(""Alicia"", ""Schep"", email = ""aschep@gmail.com"", role = c(""aut""), comment = c(ORCID = ""0000-0002-3915-0618"")),
 person(""Jonathan"", ""Sidi"", email = ""yonicd@gmail.com"", role = c(""aut""),comment = c(ORCID = ""0000-0002-4222-1819"")),
 person(""Bob"", ""Rudis"", email = ""bob@rud.is"", role = c(""ctb""), comment = c(ORCID = ""0000-0001-5670-2640"")), 
 person(""Mohamed El Fodil"", ""Ihaddaden"", email = ""ihaddaden.fodeil@gmail.com"", role = c(""ctb"")),
 person(""Thomas"", ""Neitmann"", email = ""th.neitmann@gmail.com"", role = c(""ctb""))
 )",NA,https://github.com/jonocarroll/ggeasy/issues,NA,NA,NA,NA,NA,NA,NA,NA,NA,NA,NA,NA,NA,NA,NA,NA,NA,2024-11-03 05:50:02 UTC,"Provides a series of aliases to commonly used but difficult 
    to remember 'ggplot2' sequences.",UTF-8,NA,NA,NA,NA,NA,NA,Jonathan Carroll <rpkg@jcarroll.com.au>,NA,2024-11-03 05:16:02 UTC; jono,NA,NA,NA,NA,Easy Access to 'ggplot2' Commands,NA,"https://github.com/jonocarroll/ggeasy,
https://jonocarroll.github.io/ggeasy/",NA,knitr,NA,NA,NA,2024-11-03,NA,"autostats, FPDclustering, SqueakR",NA,NA,NA,NA,10.32614/CRAN.package.ggeasy,TRUE,TRUE,TRUE,FALSE,2
GGEBiplots,0.1.3,NA,R (>= 3.3.1),"ggplot2 (>= 2.2.0), ggforce (>= 0.1.1), scales (>= 0.4.1),
grDevices (>= 3.3.1), stats (>= 3.3.1), grid (>= 3.3.1)",NA,NA,NA,GPL-3,NA,NA,NA,NA,fa1e79e4481c3cbd61fa93c503463652,no,NA,"Sam Dumble [aut, cre],
  Elisa Frutos Bernal [ctb],
  Purificacion Galindo Villardon [ctb]","c(person(""Sam"", ""Dumble"", email = ""s.dumble@stats4sd.org"", role = c(""aut"", ""cre"")),person(""Elisa"", ""Frutos Bernal"", email = ""efb@usal.es"", role = c(""ctb"")),person(""Purificacion"", ""Galindo Villardon"", email = ""pgalindo@usal.es"", role = c(""ctb"")))",NA,NA,NA,NA,NA,NA,NA,NA,NA,NA,NA,NA,NA,NA,NA,NA,NA,NA,NA,2022-02-09 16:20:02 UTC,Genotype plus genotype-by-environment (GGE) biplots rendered using 'ggplot2'. Provides a command line interface to all of the functionality contained within the archived package 'GGEBiplotGUI'.,UTF-8,NA,NA,true,NA,NA,NA,Sam Dumble <s.dumble@stats4sd.org>,NA,2022-02-09 11:51:00 UTC; sdumb,NA,NA,NA,NA,GGE Biplots with 'ggplot2',NA,NA,NA,NA,NA,NA,NA,2022-02-09,NA,geneticae,NA,NA,NA,NA,10.32614/CRAN.package.GGEBiplots,TRUE,TRUE,TRUE,FALSE,2
ggedit,0.4.1,NA,"R (>= 4.3.0), ggplot2 (>= 3.5.0)","plyr, dplyr, tidyr, purrr, rlang, tibble, scales, rstudioapi,
shiny, miniUI, shinyBS, colourpicker, shinyAce, utils,
graphics, grid, tools, stats",NA,"testthat, covr",NA,MIT + file LICENSE,NA,NA,NA,NA,793819ddbcb705ab9e5792340085a213,no,NA,"Jonathan Sidi [aut, cre]",NA,NA,https://github.com/yonicd/ggedit/issues,NA,NA,NA,NA,NA,NA,NA,NA,NA,NA,NA,NA,NA,NA,NA,NA,2024-02-29,2024-03-04 14:40:02 UTC,Interactively edit 'ggplot2' layer and theme aesthetics definitions.,NA,NA,NA,true,NA,NA,NA,Jonathan Sidi <yonicd@gmail.com>,NA,2024-03-04 14:12:00 UTC; yonis,NA,NA,NA,NA,Interactive 'ggplot2' Layer and Theme Aesthetic Editor,Package,https://github.com/yonicd/ggedit,NA,NA,NA,NA,NA,2024-03-04,NA,"bridger, oceanmap, RchivalTag",NA,NA,NA,NA,10.32614/CRAN.package.ggedit,TRUE,TRUE,TRUE,FALSE,2
ggeffects,2.2.1,NA,R (>= 3.6),"graphics, insight (>= 1.0.1), datawizard (>= 1.0.0), stats,
utils",NA,"AER, afex, aod, bayestestR, betareg, brglm, brglm2, brms,
broom, car, carData, clubSandwich, dfidx, effects (>= 4.2-2),
effectsize (>= 1.0.0), emmeans (>= 1.8.9), fixest, gam, gamlss,
gamm4, gee, geepack, ggplot2, ggrepel, GLMMadaptive, glmmTMB
(>= 1.1.7), gridExtra, gt, haven, htmltools, httr2, jsonlite,
knitr, lme4 (>= 1.1-35), logistf, logitr, marginaleffects (>=
0.25.0), modelbased (>= 0.9.0), MASS, Matrix, mice, MCMCglmm,
MuMIn, mgcv, mclogit, mlogit, nestedLogit (>= 0.3.0), nlme,
nnet, ordinal, parameters, parsnip, patchwork, pscl, plm,
quantreg, rmarkdown, rms, robustbase, rstanarm, rstantools,
sandwich, sdmTMB (>= 0.4.0), see, sjlabelled (>= 1.1.2),
sjstats, speedglm, survey, survival, testthat, tibble,
tinytable (>= 0.1.0), vdiffr, withr, VGAM",NA,MIT + file LICENSE,NA,NA,NA,NA,2c96b4f0157ebff1b9c681ecee173362,no,NA,"Daniel Lüdecke [aut, cre] (<https://orcid.org/0000-0002-8895-3206>),
  Frederik Aust [ctb] (<https://orcid.org/0000-0003-4900-788X>),
  Sam Crawley [ctb] (<https://orcid.org/0000-0002-7847-0411>),
  Mattan S. Ben-Shachar [ctb] (<https://orcid.org/0000-0002-4287-4801>),
  Sean C. Anderson [ctb] (<https://orcid.org/0000-0001-9563-1937>)","c(
      person(""Daniel"", ""Lüdecke"", role = c(""aut"", ""cre""), email = ""d.luedecke@uke.de"", comment = c(ORCID = ""0000-0002-8895-3206"")),
      person(""Frederik"", ""Aust"", role = ""ctb"", comment = c(ORCID = ""0000-0003-4900-788X"")),
      person(""Sam"", ""Crawley"", role = ""ctb"", email = ""sam@crawley.nz"", comment = c(ORCID = ""0000-0002-7847-0411"")),
      person(c(""Mattan"", ""S.""), ""Ben-Shachar"", role = ""ctb"", email = ""matanshm@post.bgu.ac.il"", comment = c(ORCID = ""0000-0002-4287-4801"")),
      person(c(""Sean"", ""C.""), ""Anderson"", role = ""ctb"", email = ""sean@seananderson.ca"", comment = c(ORCID = ""0000-0001-9563-1937""))
    )",NA,https://github.com/strengejacke/ggeffects/issues/,NA,NA,NA,NA,NA,NA,NA,NA,NA,NA,NA,NA,NA,NA,NA,NA,NA,2025-03-11 22:30:01 UTC,"Compute marginal effects and adjusted predictions from statistical
    models and returns the result as tidy data frames. These data frames are
    ready to use with the 'ggplot2'-package. Effects and predictions can be
    calculated for many different models. Interaction terms, splines and
    polynomial terms are also supported. The main functions are ggpredict(),
    ggemmeans() and ggeffect(). There is a generic plot()-method to plot the
    results using 'ggplot2'.",UTF-8,NA,NA,true,NA,NA,NA,Daniel Lüdecke <d.luedecke@uke.de>,NA,2025-03-11 21:42:16 UTC; Daniel,NA,NA,NA,NA,"Create Tidy Data Frames of Marginal Effects for 'ggplot' from
Model Outputs",Package,https://strengejacke.github.io/ggeffects/,NA,knitr,NA,NA,NA,2025-03-11,NA,"eirm, INSPECTumours, MIGEE, pastaPlot, sjPlot",NA,"broom.helpers, insight, LegATo, nestedLogit, parameters, pubh, sdmTMB, SimplyAgree",NA,NA,10.32614/CRAN.package.ggeffects,TRUE,TRUE,TRUE,FALSE,2
ggenealogy,1.0.3,NA,R (>= 3.6.0),"ggplot2 (>= 2.2.0), igraph (>= 0.7.1), plyr (>= 1.8.1),
reshape2 (>= 1.4), plotly (>= 4.5.6)",NA,"stringr (>= 0.6.2), knitr (>= 1.13), roxygen2 (>= 3.0.0),
dplyr (>= 0.5.0)",NA,GPL,NA,NA,NA,NA,a2a4174d822e769f0b500b1dca53db79,no,NA,"Lindsay Rutter, Susan Vanderplas, Di Cook",NA,NA,NA,NA,NA,NA,NA,NA,NA,NA,NA,NA,NA,NA,NA,NA,NA,NA,NA,NA,2024-02-21 16:00:02 UTC,Methods for searching through genealogical data and displaying the results. Plotting algorithms assist with data exploration and publication-quality image generation. Includes interactive genealogy visualization tools. Provides parsing and calculation methods for variables in descendant branches of interest. Uses the Grammar of Graphics.,UTF-8,NA,NA,NA,NA,NA,NA,Lindsay Rutter <ggenealogypackage@gmail.com>,NA,2024-02-21 15:39:35 UTC; suzu,NA,NA,NA,NA,Visualization Tools for Genealogical Data,NA,NA,NA,knitr,NA,NA,NA,2024-02-21,NA,NA,NA,maths.genealogy,NA,NA,10.32614/CRAN.package.ggenealogy,TRUE,TRUE,FALSE,FALSE,1
ggESDA,0.2.0,NA,"ggplot2, R (>= 3.5.0), tidyverse, RSDA","rlang, R6, dplyr, tidyr, gridExtra, gtools, stringr, prodlim,
ggforce, ggpubr, ggthemes, tibble, magrittr, vctrs",NA,"testthat (>= 2.1.0), knitr, rmarkdown",NA,GPL (>= 2),NA,NA,NA,NA,9d3d9b6c2950e6b4b905e7bbfa73a751,no,NA,Bo-Syue Jiang,NA,NA,https://github.com/kiangkiangkiang/ggESDA/issues,NA,NA,NA,NA,NA,NA,NA,NA,NA,NA,NA,NA,NA,NA,NA,NA,2022-08-17,2022-08-19 08:40:10 UTC,Implements an extension of 'ggplot2' and visualizes the symbolic data with multiple plot which can be adjusted by more general and flexible input arguments. It also provides a function to transform the classical data to symbolic data by both clustering algorithm and customized method.,UTF-8,NA,NA,true,NA,NA,NA,Bo-Syue Jiang <lukajiang1998@gmail.com>,NA,2022-08-19 02:13:27 UTC; user,NA,NA,NA,NA,Exploratory Symbolic Data Analysis with 'ggplot2',Package,https://github.com/kiangkiangkiang/ggESDA,NA,knitr,NA,NA,NA,2022-08-19,NA,NA,NA,NA,NA,NA,10.32614/CRAN.package.ggESDA,TRUE,TRUE,TRUE,TRUE,3
ggetho,0.3.7,NA,"R (>= 3.00), ggplot2, behavr","data.table, stringr, scales, labeling, rlang, cli",NA,"testthat, covr, knitr, zeitgebr",NA,GPL-3,NA,NA,NA,NA,f5d7f2aea7c2307d72b206dab317cb12,no,NA,"Quentin Geissmann [aut, cre]","c(
    person(""Quentin"", ""Geissmann"", role = c(""aut"", ""cre""), email = ""qgeissmann@gmail.com"")
    )",NA,https://github.com/rethomics/ggetho/issues,NA,NA,NA,NA,NA,NA,NA,NA,NA,NA,NA,NA,NA,NA,NA,NA,2022-11-17,2022-11-24 09:40:08 UTC,"Extension of 'ggplot2' providing layers, scales and preprocessing functions
    useful to represent behavioural variables that are recorded over multiple animals and days.
    This package is part of the 'rethomics' framework <https://rethomics.github.io/>.",UTF-8,NA,NA,NA,NA,NA,NA,Quentin Geissmann <qgeissmann@gmail.com>,NA,2022-11-24 09:31:16 UTC; quentin,NA,NA,NA,NA,"Visualisation of High-Throughput Behavioural (i.e. Ethomics)
Data",NA,https://github.com/rethomics/ggetho,NA,NA,NA,NA,NA,2022-11-24,NA,NA,NA,"damr, scopr, zeitgebr",NA,NA,10.32614/CRAN.package.ggetho,TRUE,TRUE,TRUE,FALSE,2
ggExtra,0.10.1,NA,R (>= 3.1.0),"colourpicker (>= 1.0), ggplot2 (>= 2.2.0), grDevices, grid (>=
3.1.3), gtable (>= 0.2.0), miniUI (>= 0.1.1), scales (>=
0.2.0), shiny (>= 0.13.0), shinyjs (>= 0.5.2), utils, R6",NA,"knitr (>= 1.7), rmarkdown, rstudioapi (>= 0.5), testthat,
vdiffr, fontquiver, svglite, withr, devtools",NA,MIT + file LICENSE,NA,NA,NA,NA,831b5f3748fe1a3cce93491adfe844f9,no,NA,"Dean Attali [aut, cre],
  Christopher Baker [aut]","c(
    person(""Dean"", ""Attali"", , ""daattali@gmail.com"", role = c(""aut"", ""cre"")),
    person(""Christopher"", ""Baker"", , ""chriscrewbaker@gmail.com"", role = ""aut"")
    )",NA,https://github.com/daattali/ggExtra/issues,NA,NA,NA,NA,NA,NA,NA,NA,NA,NA,NA,NA,NA,NA,NA,NA,NA,2023-08-21 14:40:02 UTC,"Collection of functions and layers to enhance 'ggplot2'. The 
    flagship function is 'ggMarginal()', which can be used to add marginal
    histograms/boxplots/density plots to 'ggplot2' scatterplots.",NA,NA,NA,NA,NA,NA,NA,Dean Attali <daattali@gmail.com>,NA,2023-08-20 01:42:17 UTC; Dean-X1C,NA,NA,NA,pandoc with https support,"Add Marginal Histograms to 'ggplot2', and More 'ggplot2'
Enhancements",NA,"https://github.com/daattali/ggExtra,
https://daattali.com/shiny/ggExtra-ggMarginal-demo/",NA,knitr,NA,NA,NA,2023-08-21,NA,"bamdit, BASiCS, bayefdr, calibmsm, covalchemy, dextergui, DiscoRhythm, jarbes, MSstatsQC, MSstatsQCgui, ofpetrial, qacBase, qad, reliabilitydiag, ribosomeProfilingQC, SCVA, SHAPforxgboost, SHELF, spotoroo, teal.modules.general, viscomp",NA,"BlandAltmanLeh, ClustImpute, DataVisualizations, ddpcr, faux, heumilkr, inferCSN, relliptical, rmcorr, ScatterDensity, SCpubr, sensitivity, shidashi, simaerep, Sofi",NA,NA,10.32614/CRAN.package.ggExtra,TRUE,TRUE,TRUE,FALSE,2
ggfacto,0.3.2,NA,NA,"FactoMineR (>= 2.0.0), ggiraph (>= 0.8.2), ggplot2 (>= 3.0.0),
dplyr (>= 1.0.0), forcats (>= 0.5.0), purrr (>= 0.3.0), rlang
(>= 0.4.0), stringr (>= 1.4.0), tibble (>= 3.0.0), tidyr (>=
1.0.0), tidyselect (>= 1.1.0), vctrs (>= 0.3.0), ggrepel (>=
0.9.0), gridExtra (>= 2.0), tabxplor (>= 1.1.0), withr (>=
2.0.0), magrittr (>= 1.5.0), data.table (>= 1.12.0), ggforce
(>= 0.4.0)",NA,"widgetframe (>= 0.3.0), htmlwidgets (>= 1.4.0), finalfit (>=
1.0.0), kableExtra (>= 1.3.0), plotly (>= 4.1.0), stats (>=
4.0.0), grDevices (>= 4.0.0), stringi (>= 1.4.6), scales (>=
1.1.0)",NA,GPL (>= 3),NA,NA,NA,NA,4147fbd7444bcb1681c1466258fbed94,no,NA,"Brice Nocenti [aut, cre]","
    person(given = ""Brice"",
           family = ""Nocenti"",
           role = c(""aut"", ""cre""),
           email = ""brice.nocenti@gmail.com"")",NA,https://github.com/BriceNocenti/ggfacto/issues,NA,NA,NA,NA,NA,NA,NA,NA,NA,NA,NA,NA,NA,NA,NA,NA,NA,2024-10-02 18:30:16 UTC,"Readable, complete and pretty graphs for correspondence analysis made 
    with 'FactoMineR'. They can be rendered as interactive 'HTML' plots, showing useful
    informations at mouse hover. The interest is not mainly visual but statistical:
    it helps the reader to keep in mind the data contained in the cross-table or Burt
    table while reading the correspondence analysis, thus preventing over-interpretation.
    Most graphs are made with 'ggplot2', which means that you can use the + syntax to 
    manually add as many graphical pieces you want, or change theme elements. 3D 
    graphs are made with 'plotly'.",UTF-8,NA,NA,NA,NA,NA,NA,Brice Nocenti <brice.nocenti@gmail.com>,NA,2024-10-02 18:12:21 UTC; Brice,NA,NA,NA,NA,Graphs for Correspondence Analysis,NA,https://github.com/BriceNocenti/ggfacto,NA,NA,NA,NA,NA,2024-10-02,NA,NA,NA,NA,NA,NA,10.32614/CRAN.package.ggfacto,TRUE,TRUE,TRUE,FALSE,2
ggfields,0.0.6,NA,R (>= 4.1.0),"dplyr (>= 1.1.4), ggplot2 (>= 3.4.4), grid (>= 4.1.0), rlang
(>= 1.1.2), sf (>= 1.0-15), scales (>= 1.3.0)",NA,"CopernicusMarine, knitr, rmarkdown, stars (>= 0.6-4),
testthat (>= 3.0.0), vdiffr (>= 1.0.7), svglite (>= 2.1.3)",NA,GPL (>= 3),NA,NA,NA,NA,e95ca8e0dc60b1144f9d7c44da03801c,no,NA,"Pepijn de Vries [aut, cre] (<https://orcid.org/0000-0002-7961-6646>)","c(person(""Pepijn"", ""de Vries"", role = c(""aut"", ""cre""),
    email = ""pepijn.devries@outlook.com"",
    comment = c(ORCID = ""0000-0002-7961-6646"")))",NA,NA,NA,NA,NA,NA,NA,NA,NA,NA,NA,NA,NA,"'angle_correction.r' 'helpers.r' 'stat_fields.r'
'draw_key_fields.r' 'geom_fields.r' 'annotation_fields.r'
'data.r' 'ggfields-package.r' 'import.r' 'pythagoras.r'
'scale.r'",NA,NA,NA,NA,2024-02-26,2024-02-26 14:40:03 UTC,"Add vector field layers to ggplots. Ideal for visualising
    wind speeds, water currents, electric/magnetic fields, etc.
    Accepts data.frames, simple features (sf), and spatiotemporal arrays (stars)
    objects as input. Vector fields are depicted as arrows starting at specified
    locations, and with specified angles and radii.",UTF-8,NA,NA,true,NA,NA,NA,Pepijn de Vries <pepijn.devries@outlook.com>,NA,2024-02-26 08:46:06 UTC; vries171,NA,NA,NA,NA,Add Vector Field Layers to Ggplots,NA,"https://pepijn-devries.github.io/ggfields/,
https://github.com/pepijn-devries/ggfields/",NA,knitr,NA,NA,NA,2024-02-26,NA,NA,NA,NA,NA,NA,10.32614/CRAN.package.ggfields,TRUE,TRUE,TRUE,FALSE,2
ggfigdone,0.1.2,NA,R (>= 4.0.0),"ggplot2, httpuv, httr, readr, jsonlite, uuid, filelock,
data.table",NA,"testthat (>= 3.0.0), knitr",NA,GPL-3,NA,NA,NA,NA,afc8bd1be4cf0a04301df2173b4b1fa1,no,NA,"Wenjie SUN [aut, cre] (<https://orcid.org/0000-0002-3100-2346>)","
    person(""Wenjie"", ""SUN"", , ""sunwjie@gmail.com"", role = c(""aut"", ""cre""),
           comment = c(ORCID = ""0000-0002-3100-2346""))",NA,https://github.com/wenjie1991/ggfigdone/issues,NA,NA,NA,NA,NA,NA,NA,NA,NA,NA,NA,NA,NA,NA,NA,NA,NA,2024-09-10 10:00:10 UTC,"When you prepare a presentation or a report, you often need to manage a large number of 'ggplot' figures. You need to change the figure size, modify the title, label, themes, etc. It is inconvenient to go back to the original code to make these changes. This package provides a simple way to manage 'ggplot' figures. You can easily add the figure to the database and update them later using CLI (command line interface) or GUI (graphical user interface).",UTF-8,NA,NA,NA,NA,NA,NA,Wenjie SUN <sunwjie@gmail.com>,NA,2024-09-06 12:52:17 UTC; wsun,NA,NA,NA,NA,Manage & Modify 'ggplot' Figures using 'ggfigdone',NA,NA,NA,NA,NA,NA,NA,2024-09-10,NA,NA,NA,NA,NA,NA,10.32614/CRAN.package.ggfigdone,TRUE,TRUE,TRUE,FALSE,2
ggFishPlots,0.3.0,NA,"R (>= 3.5.0), ggplot2","dplyr, tibble, tidyr, ggridges, fishmethods, broom, rlang,
tidyselect, magrittr, ggrepel, scales, purrr",NA,"knitr, rmarkdown",NA,GPL-3,NA,NA,NA,NA,d5f97c78fe43e84f746f2dfd0a7ad64b,no,NA,"Mikko Vihtakari [aut, cre] (Institute of Marine Research,
    <https://orcid.org/0000-0003-0371-4319>)","c(person(""Mikko"", ""Vihtakari"", email = ""mikko.vihtakari@hi.no"",
                  role = c(""aut"", ""cre""), 
                  comment = c(affiliation = ""Institute of Marine Research"", 
                  ORCID = ""0000-0003-0371-4319""))
            )",NA,https://github.com/DeepWaterIMR/ggFishPlots/issues,NA,NA,NA,NA,NA,NA,NA,NA,NA,NA,NA,NA,NA,NA,NA,NA,2024-06-26,2024-06-26 10:20:02 UTC,"Contains functions to create life history parameter plots from raw data. 
	The plots are created using 'ggplot2', and calculations done using the 'tidyverse'
	collection of packages. The package contains references to FishBase 
	(Froese R., Pauly D., 2023) <https://www.fishbase.se/>.",UTF-8,NA,NA,NA,NA,NA,NA,Mikko Vihtakari <mikko.vihtakari@hi.no>,NA,2024-06-26 09:48:30 UTC; a22357,NA,NA,NA,NA,"Visualise and Calculate Life History Parameters for Fisheries
Science using 'ggplot2'",Package,https://deepwaterimr.github.io/ggFishPlots/,NA,NA,NA,NA,NA,2024-06-26,NA,NA,NA,NA,NA,NA,10.32614/CRAN.package.ggFishPlots,TRUE,TRUE,TRUE,FALSE,2
ggfittext,0.10.2,NA,R (>= 3.6),"grid (>= 3.1), stringi (>= 1.1.2), shades (>= 1.3.1), gridtext
(>= 0.1.4), ggplot2 (>= 2.2.1), cli (>= 3.6.1)",NA,"knitr, rmarkdown, testthat (>= 3.0.0), vdiffr, spelling",NA,GPL-2,NA,NA,NA,NA,1a004ab4a3be0fbd117491188fa467f2,no,NA,"David Wilkins [aut, cre],
  Brady Johnston [ctb]","c(person(""David"", ""Wilkins"", email = ""david@wilkox.org"",
                  role = c(""aut"", ""cre"")), 
             person(""Brady"", ""Johnston"", email = ""brady.johnston@me.com"", 
                  role = c(""ctb""))
             )",NA,https://github.com/wilkox/ggfittext/issues/,NA,NA,NA,NA,NA,NA,NA,NA,NA,NA,NA,NA,NA,NA,NA,NA,NA,2024-02-01 00:50:02 UTC,"A 'ggplot2' extension to fit text into a box by growing, shrinking or wrapping the text.",UTF-8,NA,en-GB,true,NA,NA,NA,David Wilkins <david@wilkox.org>,NA,2024-02-01 00:21:27 UTC; wilkox,NA,NA,NA,NA,Fit Text Inside a Box in 'ggplot2',NA,https://wilkox.org/ggfittext/,NA,knitr,NA,NA,NA,2024-02-01,NA,"breathtestcore, deeptime, gggenes, inspectdf, metabolic, metacoder, plothelper, pvLRT, ribosomeProfilingQC, rnmamod, shapviz, sportyR, STMr, time.slots, treemapify, worrrd",NA,"ggalluvial, nuts, sigminer",NA,NA,10.32614/CRAN.package.ggfittext,TRUE,TRUE,TRUE,TRUE,3
ggfixest,0.2.0,NA,"ggplot2 (>= 2.2.0), fixest (>= 0.11.2)","dreamerr, scales, marginaleffects (>= 0.10.0), stats, utils,
legendry (>= 0.2)",NA,"knitr, rmarkdown, tinytest (>= 1.4.1), tinysnapshot (>=
0.0.3), magick, rsvg, svglite, fontquiver, data.table",NA,GPL-3,NA,NA,NA,NA,c045c0ea20f10de60aed9847c8c194d5,no,NA,"Grant McDermott [aut, cre] (<https://orcid.org/0000-0001-7883-8573>),
  Laurent Berge [ctb],
  Teun van den Brand [ctb] (<https://orcid.org/0000-0002-9335-7468>)","c(
    person(
        given   = ""Grant"",
        family  = ""McDermott"",
        role    = c(""aut"", ""cre""),
        email   = ""gmcd@amazon.com"",
        comment = c(ORCID = ""0000-0001-7883-8573"")
    ),
    person(
        given   = ""Laurent"",
        family  = ""Berge"",
        role    = ""ctb"",
        email   = ""laurent.berge@u-bordeaux.fr""
    ),
    person(
        given   = ""Teun"",
        family  = ""van den Brand"",
        role    = ""ctb"",
        comment = c(ORCID = ""0000-0002-9335-7468"")
    )
	)",NA,https://github.com/grantmcdermott/ggfixest/issues,NA,NA,NA,NA,NA,NA,NA,NA,NA,NA,NA,NA,NA,NA,NA,NA,2025-01-21,2025-01-22 01:00:02 UTC,"Provides 'ggplot2' equivalents of fixest::coefplot() and fixest::iplot(),
    for producing nice coefficient plots and interaction plots. Enables some
    additional functionality and convenience features, including grouped
    multi-'fixest' object faceting and programmatic updates to existing plots
    (e.g., themes and aesthetics).",UTF-8,NA,NA,NA,NA,NA,NA,Grant McDermott <gmcd@amazon.com>,NA,2025-01-22 00:42:17 UTC; gmcd,NA,NA,NA,NA,Dedicated 'ggplot2' Methods for 'fixest' Objects,NA,https://grantmcdermott.com/ggfixest/,NA,knitr,NA,NA,NA,2025-01-22,NA,NA,NA,NA,NA,NA,10.32614/CRAN.package.ggfixest,TRUE,TRUE,TRUE,FALSE,2
ggflowchart,1.0.0,NA,R (>= 3.6),"dplyr, igraph, ggplot2, rlang, tibble, tidyr",NA,"knitr, rcartocolor, rmarkdown",NA,MIT + file LICENSE,NA,NA,NA,NA,d7581800de67946e2a3578f0da2e9271,no,NA,"Nicola Rennie [aut, cre, cph]","
    person(given = ""Nicola"",
           family = ""Rennie"",
           role = c(""aut"", ""cre"", ""cph""),
           email = ""nrennie35@gmail.com"")",NA,NA,NA,NA,NA,NA,NA,NA,NA,NA,NA,NA,NA,NA,NA,NA,NA,NA,NA,2023-05-11 10:10:05 UTC,"Flowcharts can be a useful way to visualise complex processes. This package 
    uses the layered grammar of graphics of 'ggplot2' to create simple flowcharts.",UTF-8,NA,NA,NA,NA,NA,NA,Nicola Rennie <nrennie35@gmail.com>,NA,2023-05-11 09:01:25 UTC; nrenn,NA,NA,NA,NA,Flowcharts with 'ggplot2',NA,https://nrennie.github.io/ggflowchart/,NA,knitr,NA,NA,NA,2023-05-11,NA,NA,NA,NA,NA,NA,10.32614/CRAN.package.ggflowchart,TRUE,TRUE,TRUE,FALSE,2
ggfocus,1.0.0,NA,ggplot2,"magrittr, dplyr, rlang, RColorBrewer",NA,"knitr, rmarkdown, maps, ggrepel",NA,GPL-3,NA,NA,NA,NA,82318000cf24087298351ddf45cda499,no,NA,"Victor Freguglia [aut, cre]","person(""Victor"", ""Freguglia"", email = ""victorfreguglia@gmail.com"",
                  role = c(""aut"", ""cre""))",NA,https://github.com/Freguglia/ggfocus/issues,NA,NA,NA,NA,NA,NA,NA,NA,NA,NA,NA,NA,NA,NA,NA,NA,NA,2020-01-23 13:20:02 UTC,"A 'ggplot2' extension that provides tools for automatically
    creating scales to focus on subgroups of the data plotted 
    without losing other information.",UTF-8,NA,NA,true,NA,NA,NA,Victor Freguglia <victorfreguglia@gmail.com>,NA,2020-01-22 19:00:47 UTC; victor,NA,NA,NA,NA,Scales that Focus Specific Levels in your ggplot(),Package,https://github.com/Freguglia/ggfocus,NA,knitr,NA,NA,NA,2020-01-23,NA,NA,NA,NA,NA,NA,10.32614/CRAN.package.ggfocus,TRUE,TRUE,TRUE,TRUE,3
ggfootball,0.2.0,NA,NA,"base64enc, dplyr (>= 1.0.0), gdtools, gfonts, ggiraph,
ggplot2, ggsoccer, glue, highcharter, utils, rvest, stringi,
stringr, qdapRegex, jsonlite, readr, tibble",NA,NA,NA,GPL (>= 3),NA,NA,NA,NA,fdb057a650a29dc447c2fa649752b73b,no,NA,"Aymen Nasri [aut, cre, cph]","
    person(""Aymen"", ""Nasri"", , ""aymennasrii@proton.me"", role = c(""aut"", ""cre"", ""cph""))",NA,https://github.com/aymennasri/ggfootball/issues,NA,NA,NA,NA,NA,NA,NA,NA,NA,NA,NA,NA,NA,NA,NA,NA,NA,2025-01-31 15:20:10 UTC,"Scrapes shots data from 'Understat' <https://understat.com/> and visualizes it using interactive plots:
    - A detailed shot map displaying the location, type, and xG value of shots taken by both teams.
    - An xG timeline chart showing the cumulative xG for each team over time, annotated with the details of scored goals.",UTF-8,NA,NA,NA,NA,NA,NA,Aymen Nasri <aymennasrii@proton.me>,NA,2025-01-31 12:40:31 UTC; aymen,NA,NA,NA,NA,Plotting Expected Goals (xG) Stats with 'Understat' Data,NA,http://aymennasri.me/ggfootball/,NA,NA,NA,NA,NA,2025-01-31,NA,NA,NA,NA,NA,NA,10.32614/CRAN.package.ggfootball,TRUE,TRUE,FALSE,FALSE,1
ggforce,0.4.2,NA,"ggplot2 (>= 3.3.6), R (>= 3.3.0)","Rcpp (>= 0.12.2), grid, scales, MASS, tweenr (>= 0.1.5),
gtable, rlang, polyclip, stats, grDevices, tidyselect, withr,
utils, lifecycle, cli, vctrs, systemfonts","Rcpp, RcppEigen","sessioninfo, concaveman, deldir, latex2exp, reshape2, units
(>= 0.4-6), covr",NA,MIT + file LICENSE,NA,NA,NA,NA,0ad559deefa799dd6c3f2688dc5a9484,yes,NA,"Thomas Lin Pedersen [cre, aut]
    (<https://orcid.org/0000-0002-5147-4711>),
  RStudio [cph]","
    c(person(given = ""Thomas Lin"",
             family = ""Pedersen"",
             role = c(""cre"", ""aut""),
             email = ""thomasp85@gmail.com"",
             comment = c(ORCID = ""0000-0002-5147-4711"")),
      person(""RStudio"",
             role = ""cph""))",NA,https://github.com/thomasp85/ggforce/issues,NA,NA,NA,NA,NA,NA,NA,NA,NA,NA,NA,"'RcppExports.R' 'aaa.R' 'shape.R' 'arc_bar.R' 'arc.R'
'autodensity.R' 'autohistogram.R' 'autopoint.R' 'bezier.R'
'bspline.R' 'bspline_closed.R' 'circle.R' 'diagonal.R'
'diagonal_wide.R' 'ellipse.R' 'errorbar.R'
'facet_grid_paginate.R' 'facet_matrix.R' 'facet_row.R'
'facet_stereo.R' 'facet_wrap_paginate.R' 'facet_zoom.R'
'ggforce-package.R' 'ggproto-classes.R' 'interpolate.R'
'labeller.R' 'link.R' 'mark_circle.R' 'mark_ellipse.R'
'mark_hull.R' 'mark_label.R' 'mark_rect.R' 'parallel_sets.R'
'position-jitternormal.R' 'position_auto.R'
'position_floatstack.R' 'regon.R' 'scale-depth.R'
'scale-unit.R' 'sina.R' 'spiro.R' 'themes.R' 'trans.R'
'trans_linear.R' 'utilities.R' 'voronoi.R' 'zzz.R'",NA,NA,NA,NA,NA,2024-02-19 11:00:02 UTC,"The aim of 'ggplot2' is to aid in visual data investigations. This
    focus has led to a lack of facilities for composing specialised plots.
    'ggforce' aims to be a collection of mainly new stats and geoms that fills
    this gap. All additional functionality is aimed to come through the official
    extension system so using 'ggforce' should be a stable experience.",UTF-8,NA,NA,NA,NA,NA,NA,Thomas Lin Pedersen <thomasp85@gmail.com>,NA,2024-02-19 08:06:23 UTC; thomas,NA,NA,NA,NA,Accelerating 'ggplot2',Package,"https://ggforce.data-imaginist.com,
https://github.com/thomasp85/ggforce",NA,NA,NA,NA,NA,2024-02-19,"CAvariants, lmap","akc, animalcules, APackOfTheClones, autonomics, BayesianReasoning, Bchron, BindingSiteFinder, BioM2, BOBaFIT, BTSPAS, bulkAnalyseR, CA3variants, CBNplot, Certara.RsNLME.ModelBuilder, circumplex, CKMRpop, crm12Comb, CytoMDS, deeptime, DESpace, dgpsi, dynamite, extraChIPs, eyetools, ferrn, flametree, FlowSOM, fluxible, formods, funkyheatmap, GABB, geneticae, GeneTonic, GGEBiplots, ggESDA, ggfacto, ggmsa, GGoutlieR, ggPMX, ggraph, GimmeMyPlot, GLMMcosinor, GNAR, helixvis, HotellingEllipse, hypeR, IPV, iraceplot, jtdm, klovan, kollaR, LipidomicsR, metan, metaprotr, monolix2rx, mosdef, myClim, NACHO, NeuralSens, nlmixr2rpt, nonmem2rx, NormalyzerDE, pathlinkR, PepMapViz, PieGlyph, PKbioanalysis, plinkQC, plot4fun, qcapower, rasterdiv, Relectoral, rusk, RVenn, scatterpie, schex, scHOT, scRNAseqApp, sgboost, SHAPforxgboost, siland, SpatialCPie, spicyR, sSNAPPY, statgenHTP, synergyfinder, tabularmaps, UComp, vissE, walkboutr, webr, Xplortext, xpose",NA,"AlleleShift, bartMan, BayesERtools, bayesmove, complexlm, Coxmos, cubble, enrichplot, ensr, epicmodel, fddm, GGally, ggiraphExtra, ggsc, IgGeneUsage, industRial, manynet, meteospain, MLVSBM, morepls, papaja, pctax, plotthis, pointblank, protti, rinat, sdmTMB, Signac, simDAG, snahelper, SpaNorm, sspm, stars, tectonicr, textplot, tidycat, tsgc, whippr",NA,NA,10.32614/CRAN.package.ggforce,TRUE,TRUE,TRUE,TRUE,3
ggformula,0.12.0,NA,"R (>= 4.1), ggplot2 (>= 3.3), scales, ggridges","mosaicCore (>= 0.7.0), rlang, tibble, stringr, grid, labelled",NA,"tidyr, mosaicData, dplyr, lattice, mosaic, palmerpenguins,
testthat, vdiffr, knitr, rmarkdown, lubridate, survival, broom,
maps, sf, purrr, ggthemes, covr, ggplot2movies, interp,
quantreg",NA,MIT + file LICENSE,NA,NA,NA,NA,8eee6fba1dc5081b680ecd4ae73c42b4,no,NA,"Daniel Kaplan [aut],
  Randall Pruim [aut, cre]","c(
    person(""Daniel"", ""Kaplan"", email = ""kaplan@macalester.edu"", role = c(""aut"")),
    person(""Randall"", ""Pruim"", email = ""rpruim@calvin.edu"", role = c(""aut"",""cre""))
    )",NA,https://github.com/ProjectMOSAIC/ggformula/issues,NA,NA,NA,NA,NA,NA,NA,NA,NA,NA,NA,"'MIpop-doc.R' 'formula2aes.R' 'gf_aux.R' 'gf_dist.R'
'layer_factory.R' 'gf_function2d.R' 'gf_functions.R'
'gf_plot.R' 'ggridges.R' 'ggstrings.R' 'newplots.R'
'reexports.R' 'scales.R' 'utils.R' 'relabel.R' 'vdiffr.R'
'ggstance-deprecated.R' 'ggformula-package.R' 'zzz.R'",NA,NA,NA,NA,NA,2023-11-09 12:30:07 UTC,Provides a formula interface to 'ggplot2' graphics.,UTF-8,NA,NA,TRUE,NA,TRUE,NA,Randall Pruim <rpruim@calvin.edu>,NA,2023-11-05 00:20:54 UTC; rpruim,NA,NA,NA,NA,Formula Interface to the Grammar of Graphics,Package,https://github.com/ProjectMOSAIC/ggformula,NA,knitr,NA,NA,NA,2023-11-09,pubh,"coursekata, IGoRRR, MESS, mosaic, mosaicCalc, mosaicModel, transmem",NA,"covidmx, fastR2, LMD, mosaicCore, mosaicData",NA,NA,10.32614/CRAN.package.ggformula,TRUE,TRUE,TRUE,FALSE,2
ggfortify,0.4.17,NA,"methods, ggplot2 (>= 2.0.0)","dplyr (>= 0.3), tidyr, gridExtra, grid, scales, stringr,
tibble",NA,"testthat, cluster, changepoint, fGarch, forecast, ggrepel,
glmnet, grDevices, KFAS, knitr, lintr, mapdata, markdown, MASS,
MSwM, nlme, raster, ROCR, sp, stats, strucchange, survival,
timeSeries, tseries, utils, vars, xts, zoo, lfda",NA,MIT + file LICENSE,NA,NA,NA,NA,c955b289648561767010778cc09c03ac,no,NA,"Masaaki Horikoshi [aut],
  Yuan Tang [aut, cre] (<https://orcid.org/0000-0001-5243-233X>),
  Austin Dickey [ctb],
  Matthias Grenié [ctb],
  Ryan Thompson [ctb],
  Luciano Selzer [ctb],
  Dario Strbenac [ctb],
  Kirill Voronin [ctb],
  Damir Pulatov [ctb]","c(
  person(""Masaaki"", ""Horikoshi"", role = c(""aut""),
         email = ""sinhrks@gmail.com""),
  person(""Yuan"", ""Tang"", role = c(""aut"", ""cre""),
         email = ""terrytangyuan@gmail.com"",
         comment = c(ORCID = ""0000-0001-5243-233X"")),
  person(""Austin"", ""Dickey"", role = c(""ctb"")),
  person(""Matthias"", ""Grenié"", role = c(""ctb"")),
  person(""Ryan"", ""Thompson"", role = c(""ctb"")),
  person(""Luciano"", ""Selzer"", role = c(""ctb"")),
  person(""Dario"", ""Strbenac"", role = c(""ctb"")),
  person(""Kirill"", ""Voronin"", role = c(""ctb"")),
  person(""Damir"", ""Pulatov"", role = c(""ctb""))
  )",NA,https://github.com/sinhrks/ggfortify/issues,NA,NA,NA,NA,NA,NA,NA,NA,NA,NA,NA,NA,NA,NA,NA,NA,2024-04-16,2024-04-17 04:30:04 UTC,"Unified plotting tools for statistics commonly used, such as GLM,
    time series, PCA families, clustering and survival analysis. The package offers
    a single plotting interface for these analysis results and plots in a unified
    style using 'ggplot2'.",UTF-8,NA,NA,NA,NA,NA,NA,Yuan Tang <terrytangyuan@gmail.com>,NA,2024-04-17 01:48:37 UTC; terrytangyuan,NA,NA,NA,NA,Data Visualization Tools for Statistical Analysis Results,Package,https://github.com/sinhrks/ggfortify,NA,knitr,NA,NA,NA,2024-04-17,hermes,"autoplotly, BEKKs, clustcurv, conjoint, DImodelsVis, DRomics, IMAS, IVAS, ivDiag, netcom, omu, robCompositions, stability, statVisual",NA,"BayesFBHborrow, bayesforecast, bayesplot, BrailleR, coreCollection, DDPNA, fftab, ibawds, IBMPopSim, matrixset, MiMIR, mixpoissonreg, mlr3viz, nortsTest, portfolioBacktest, tfrmt, tsgc",NA,NA,10.32614/CRAN.package.ggfortify,TRUE,TRUE,TRUE,FALSE,2
ggfoundry,0.3.1,NA,"ggplot2 (>= 3.5.0), R (>= 4.1)","cli, grid, grImport2, lifecycle, rlang",NA,"dplyr, forcats, ggimage, httr, knitr, rmarkdown, spelling,
stringr, testthat (>= 3.0.0)",NA,MIT + file LICENSE,NA,NA,NA,NA,31b3ed20c7a71850fa50f6ebbefb1df0,no,NA,"Carl Goodwin [aut, cre, cph]","person(""Carl"", ""Goodwin"", email = ""carl.goodwin@quantumjitter.com"",
  role = c(""aut"", ""cre"", ""cph""))",NA,https://github.com/cgoo4/ggfoundry/issues,NA,NA,NA,NA,NA,NA,NA,NA,NA,NA,NA,NA,NA,NA,NA,NA,NA,2024-07-06 15:42:02 UTC,"A 'ggplot2' extension that supports arbitrary 
    hand-crafted colourable & fillable shapes. New shapes may be feature 
    requested via a Github issue.",UTF-8,NA,en-GB,NA,NA,NA,NA,Carl Goodwin <carl.goodwin@quantumjitter.com>,NA,2024-07-06 15:29:59 UTC; carlgoodwin,NA,NA,NA,NA,Shape Foundry & Geom for 'ggplot2',Package,"https://github.com/cgoo4/ggfoundry,
https://cgoo4.github.io/ggfoundry/",NA,knitr,NA,NA,NA,2024-07-06,NA,NA,NA,NA,NA,NA,10.32614/CRAN.package.ggfoundry,TRUE,TRUE,TRUE,TRUE,3
ggfun,0.1.8,NA,R (>= 4.1.0),"cli, dplyr, ggplot2, grid, rlang, utils, yulab.utils (>=
0.1.6)",NA,"ggplotify, knitr, rmarkdown, prettydoc, tidyr, ggnewscale",NA,Artistic-2.0,NA,NA,NA,NA,07cd5ec8e7f77106c98209796b535eeb,no,NA,"Guangchuang Yu [aut, cre, cph]
    (<https://orcid.org/0000-0002-6485-8781>),
  Shuangbin Xu [aut] (<https://orcid.org/0000-0003-3513-5362>)","c(
       person(""Guangchuang"", ""Yu"",     email = ""guangchuangyu@gmail.com"", role = c(""aut"", ""cre"", ""cph""), comment = c(ORCID = ""0000-0002-6485-8781"")),
       person(""Shuangbin"", ""Xu"",       email = ""xshuangbin@163.com"",      role = ""aut"", comment = c(ORCID=""0000-0003-3513-5362""))
       )",NA,https://github.com/YuLab-SMU/ggfun/issues,NA,NA,NA,NA,NA,true,NA,NA,NA,NA,NA,NA,NA,NA,NA,NA,NA,2024-12-03 10:20:02 UTC,"Useful functions and utilities for 'ggplot' object (e.g., geometric layers, themes, and utilities to edit the object).",UTF-8,NA,NA,NA,NA,NA,NA,Guangchuang Yu <guangchuangyu@gmail.com>,NA,2024-12-03 09:57:40 UTC; HUAWEI,NA,NA,NA,NA,Miscellaneous Functions for 'ggplot2',NA,https://github.com/YuLab-SMU/ggfun,NA,knitr,NA,NA,NA,2024-12-03,NA,"aplot, aplotExtra, enrichplot, fanyi, FossilSim, ggbreak, ggimage, ggsc, ggtangle, ggtree, MicrobiotaProcess, scatterpie, tidydr",NA,NA,NA,NA,10.32614/CRAN.package.ggfun,TRUE,TRUE,TRUE,FALSE,2
ggfx,1.0.1,NA,NA,"magick (>= 2.7.1), ragg, grid, ggplot2, grDevices, gtable,
rlang",NA,"covr, knitr, rmarkdown, farver (>= 2.1.0)",NA,MIT + file LICENSE,NA,NA,NA,NA,6d450a409494eb4d15e7506712ccf5ac,no,NA,"Thomas Lin Pedersen [aut, cre]
    (<https://orcid.org/0000-0002-5147-4711>),
  RStudio [cph, fnd]","
    c(person(given = ""Thomas Lin"",
             family = ""Pedersen"",
             role = c(""aut"", ""cre""),
             email = ""thomasp85@gmail.com"",
             comment = c(ORCID = ""0000-0002-5147-4711"")),
      person(given = ""RStudio"",
             role = c(""cph"", ""fnd"")))",NA,https://github.com/thomasp85/ggfx/issues,NA,NA,NA,NA,NA,NA,NA,NA,NA,NA,NA,NA,NA,NA,NA,NA,NA,2022-08-22 08:00:06 UTC,"Provides a range of filters that can be applied to layers from the 
    'ggplot2' package and its extensions, along with other graphic elements such 
    as guides and theme elements. The filters are applied at render time and 
    thus uses the exact pixel dimensions needed.",UTF-8,NA,NA,NA,NA,NA,NA,Thomas Lin Pedersen <thomasp85@gmail.com>,NA,2022-08-22 07:41:01 UTC; thomas,NA,NA,NA,NA,Pixel Filters for 'ggplot2' and 'grid',NA,"https://ggfx.data-imaginist.com, https://github.com/thomasp85/ggfx",NA,knitr,NA,NA,NA,2022-08-22,NA,WorldMapR,NA,whitewater,NA,NA,10.32614/CRAN.package.ggfx,TRUE,TRUE,TRUE,TRUE,3
gggap,1.0.1,NA,NA,"ggplot2, cowplot, grid",NA,NA,NA,GPL-3,NA,NA,NA,NA,a0e67bfa566ce38a1b3afe712351c0dd,no,NA,"Carlos Morales [aut, cre],
  Jiacheng Lou [aut],
  Jing Zhang [aut],
  Yizhu Lvy [aut],
  Zhi Jin [aut]","c(
    person(""Carlos"", ""Morales"", role=c(""aut"", ""cre""), email = ""carlosmorales777@gmail.com""),
    person(""Jiacheng"", ""Lou"", role = ""aut""),
    person(""Jing"", ""Zhang"", role = ""aut""),
    person(""Yizhu"", ""Lvy"", role = ""aut""),
    person(""Zhi"", ""Jin"", role = ""aut"")
    )",NA,https://github.com/cmoralesmx/gggap/issues,NA,NA,NA,NA,NA,NA,NA,NA,NA,NA,NA,NA,NA,NA,NA,NA,NA,2020-11-20 09:20:02 UTC,"The function gggap() streamlines the creation of segments on
    the y-axis of 'ggplot2' plots which is otherwise not a trivial task to
    accomplish.",UTF-8,NA,NA,true,NA,NA,NA,Carlos Morales <carlosmorales777@gmail.com>,NA,2020-11-17 13:25:12 UTC; cmoralesmx,NA,NA,NA,NA,"Streamlined Creation of Segments on the Y-Axis of 'ggplot2'
Plots",Package,https://github.com/cmoralesmx/gggap,NA,NA,NA,NA,NA,2020-11-20,NA,NA,NA,NA,NA,NA,10.32614/CRAN.package.gggap,TRUE,TRUE,TRUE,FALSE,2
gggenes,0.5.1,NA,R (>= 3.6),"grid (>= 3.3.0), ggplot2 (>= 2.2.1), ggfittext (>= 0.8.0),
rlang (>= 0.2.0)",NA,"testthat, knitr, rmarkdown, vdiffr, spelling",NA,GPL-2,NA,NA,NA,NA,4d0a9493eca86eeac48fb62b472e5879,no,NA,"David Wilkins [aut, cre],
  Zachary Kurtz [ctb]","c(person(""David"", ""Wilkins"", email = ""david@wilkox.org"",
                  role = c(""aut"", ""cre"")),
             person(""Zachary"", ""Kurtz"", email = ""zdkurtz@gmail.com"",
                  role = c(""ctb"")))",NA,https://github.com/wilkox/gggenes/issues/,NA,NA,NA,NA,NA,NA,NA,NA,NA,NA,NA,NA,NA,NA,NA,NA,NA,2023-09-05 11:50:10 UTC,A 'ggplot2' extension for drawing gene arrow maps.,UTF-8,NA,en-US,true,NA,NA,NA,David Wilkins <david@wilkox.org>,NA,2023-09-05 05:34:29 UTC; wilkox,NA,NA,NA,NA,Draw Gene Arrow Maps in 'ggplot2',NA,https://wilkox.org/gggenes/,NA,knitr,NA,NA,NA,2023-09-05,NA,"ChromSCape, shapviz",NA,ggmsa,NA,NA,10.32614/CRAN.package.gggenes,TRUE,TRUE,TRUE,TRUE,3
gggenomes,1.0.1,NA,"R (>= 3.4.2), ggplot2 (>= 3.5.0),","vctrs, rlang, dplyr, tidyr, readr (>= 2.0.0), purrr, tibble,
stringr, grid, jsonlite, snakecase, magrittr, scales,
tidyselect, colorspace, methods, utils, ellipsis",NA,"testthat, ggtree, patchwork, Hmisc, knitr, ggrepel, IRanges,",NA,MIT + file LICENSE,NA,NA,NA,NA,401ecb578eb8ef83ebd96fb53be8db71,no,NA,"Thomas Hackl [aut, cre],
  Markus J. Ankenbrand [aut],
  Bart van Adrichem [aut],
  Kristina Haslinger [ctb, sad]","c(
  person(""Thomas"", ""Hackl"", email = ""t.hackl@rug.nl"", role = c(""aut"", ""cre"")),
  person(""Markus J."", ""Ankenbrand"", email = ""iimog@iimog.org"", role = c(""aut"")),
  person(""Bart"", ""van Adrichem"", role = c(""aut"")),
  person(""Kristina"", ""Haslinger"", email = ""k.haslinger@rug.nl"", role = c(""ctb"", ""sad"")))",NA,https://github.com/thackl/gggenomes/issues,NA,NA,NA,NA,NA,NA,NA,NA,NA,NA,NA,NA,NA,NA,NA,NA,NA,2024-08-30 11:40:02 UTC,"An extension of 'ggplot2' for creating complex genomic
 maps. It builds on the power of 'ggplot2' and 'tidyverse' adding new 'ggplot2'-style
 geoms & positions and 'dplyr'-style verbs to manipulate the underlying data. It
 implements a layout concept inspired by 'ggraph' and introduces tracks to bring
 tidiness to the mess that is genomics data.",UTF-8,NA,NA,true,NA,NA,NA,Thomas Hackl <t.hackl@rug.nl>,NA,2024-08-30 11:05:40 UTC; thackl,NA,NA,NA,NA,A Grammar of Graphics for Comparative Genomics,NA,https://github.com/thackl/gggenomes,NA,knitr,NA,NA,NA,2024-08-30,NA,NA,NA,NA,NA,NA,10.32614/CRAN.package.gggenomes,TRUE,TRUE,TRUE,TRUE,3
ggghost,0.2.1,NA,"R (>= 3.2.0), ggplot2, animation",NA,NA,testthat,NA,GPL (>= 3),NA,NA,NA,NA,bc26b955e21283af89bdf41f0c5158e2,no,NA,"Jonathan Carroll [aut, cre]","person(""Jonathan"", ""Carroll"", email = ""rpkg@jcarroll.com.au"", role = c(""aut"", ""cre""))",NA,https://github.com/jonocarroll/ggghost/issues,NA,NA,NA,NA,NA,NA,NA,NA,NA,NA,NA,NA,NA,NA,NA,NA,NA,2016-08-20 10:35:17,Creates a reproducible 'ggplot2' object by storing the data and calls. ,UTF-8,NA,NA,true,NA,NA,NA,Jonathan Carroll <rpkg@jcarroll.com.au>,NA,2016-08-19 13:03:57 UTC; jono,NA,NA,NA,NA,Capture the Spirit of Your 'ggplot2' Calls,NA,https://github.com/jonocarroll/ggghost,NA,NA,NA,NA,NA,2016-08-20,NA,NA,NA,NA,NA,NA,10.32614/CRAN.package.ggghost,TRUE,TRUE,TRUE,FALSE,2
gggibbous,0.1.1,NA,"ggplot2 (>= 3.2.1), R (>= 3.6.0)","grid, scales (>= 1.0.0)",NA,"knitr, mapproj, maps, rmarkdown, testthat (>= 2.1.0), vdiffr
(>= 0.3.1)",NA,GPL-3,NA,NA,NA,NA,75c188ad55e78850eb954ddd0bd146f9,no,NA,"Michael Bramson [aut, cre]","person(""Michael"", ""Bramson"", email = ""mnbramson@gmail.com"",
    role = c(""aut"", ""cre""))",NA,https://github.com/mnbram/gggibbous/issues,NA,NA,NA,NA,NA,NA,NA,NA,NA,NA,NA,NA,NA,NA,NA,NA,NA,2021-01-06 17:40:10 UTC,"Moon charts are like pie charts except that the proportions are
    shown as crescent or gibbous portions of a circle, like the lit and unlit
    portions of the moon. As such, they work best with only one or two groups.
    'gggibbous' extends 'ggplot2' to allow for plotting multiple moon charts in
    a single panel and does not require a square coordinate system.",UTF-8,NA,NA,true,NA,NA,NA,Michael Bramson <mnbramson@gmail.com>,NA,2021-01-05 00:06:26 UTC; mike,NA,NA,NA,NA,"Moon Charts, a Pie Chart Alternative",NA,https://github.com/mnbram/gggibbous,NA,knitr,NA,NA,NA,2021-01-06,NA,"calendR, calendRio",NA,AlleleShift,NA,NA,10.32614/CRAN.package.gggibbous,TRUE,TRUE,TRUE,FALSE,2
gggrid,0.2-0,NA,"grid, ggplot2",NA,NA,"knitr, rmarkdown, vwline",NA,GPL-3,NA,NA,NA,NA,62c71fbb5eb60537a1f6e27420b908b9,no,NA,"Paul Murrell [aut, cre]","c(person(""Paul"", ""Murrell"", email = ""paul@stat.auckland.ac.nz"",
                    role = c(""aut"", ""cre"")))",NA,NA,NA,NA,NA,NA,NA,NA,NA,NA,NA,NA,NA,NA,NA,NA,NA,NA,NA,2022-01-11 09:12:45 UTC,"An extension of 'ggplot2' that makes it easy to add
             raw 'grid' output, such as customised annotations, to a 
             'ggplot2' plot.  ",NA,NA,NA,NA,NA,NA,NA,Paul Murrell <paul@stat.auckland.ac.nz>,NA,2022-01-11 00:16:54 UTC; pmur002,NA,NA,NA,NA,Draw with 'grid' in 'ggplot2',Package,"https://github.com/pmur002/gggrid,https://stattech.wordpress.fos.auckland.ac.nz/2021/05/31/2021-01-accessing-grid-from-ggplot2/",NA,knitr,NA,NA,NA,2022-01-11,NA,locuszoomr,NA,xdvir,NA,NA,10.32614/CRAN.package.gggrid,TRUE,TRUE,TRUE,TRUE,3
ggh4x,0.3.0,NA,ggplot2 (>= 3.5.0),"grid, gtable, scales, vctrs (>= 0.5.0), rlang (>= 1.1.0),
lifecycle, stats, cli",NA,"covr, fitdistrplus, ggdendro, vdiffr, knitr, MASS, rmarkdown,
testthat (>= 3.0.0), utils",NA,MIT + file LICENSE,NA,NA,NA,NA,e527f27c933818bc6490b209d8dba54f,no,NA,"Teun van den Brand [aut, cre] (<https://orcid.org/0000-0002-9335-7468>)","
    person(given = ""Teun"",
           family = ""van den Brand"",
           role = c(""aut"", ""cre""),
           email = ""tahvdbrand@gmail.com"",
           comment = c(ORCID = ""0000-0002-9335-7468""))",NA,https://github.com/teunbrand/ggh4x/issues,NA,NA,NA,NA,NA,NA,NA,NA,NA,NA,NA,"'at_panel.R' 'borrowed_ggplot2.R' 'conveniences.R'
'ggh4x_extensions.R' 'coord_axes_inside.R'
'element_part_rect.R' 'facet_grid2.R' 'facet_wrap2.R'
'facet_manual.R' 'facet_nested.R' 'facet_nested_wrap.R'
'facetted_pos_scales.R' 'force_panelsize.R' 'geom_box.R'
'geom_outline_point.R' 'geom_pointpath.R'
'geom_polygonraster.R' 'geom_rectrug.R' 'geom_text_aimed.R'
'ggh4x-package.R' 'guide_axis_logticks.R' 'guide_axis_manual.R'
'guide_axis_minor.R' 'guide_axis_nested.R'
'guide_axis_scalebar.R' 'guide_axis_truncated.R'
'guide_axis_utils.R' 'guide_dendrogram.R'
'guide_stringlegend.R' 'help_secondary.R'
'position_disjoint_ranges.R' 'position_lineartrans.R'
'scale_dendrogram.R' 'scale_facet.R' 'scale_listed.R'
'scale_manual.R' 'scale_multi.R' 'stat_difference.R'
'stat_funxy.R' 'stat_rle.R' 'stat_roll.R' 'stat_theodensity.R'
'strip_vanilla.R' 'strip_themed.R' 'strip_nested.R'
'strip_split.R' 'strip_tag.R' 'themes.R' 'utils.R'
'utils_grid.R' 'utils_gtable.R'",NA,NA,NA,NA,NA,2024-12-15 17:20:02 UTC,"A 'ggplot2' extension that does a variety of little
    helpful things.  The package extends 'ggplot2' facets through
    customisation, by setting individual scales per panel, resizing panels
    and providing nested facets.  Also allows multiple colour and fill
    scales per plot. Also hosts a smaller collection of stats, geoms and axis 
    guides.",UTF-8,NA,NA,NA,NA,NA,NA,Teun van den Brand <tahvdbrand@gmail.com>,NA,2024-12-15 16:16:54 UTC; Teun,NA,NA,NA,NA,Hacks for 'ggplot2',NA,"https://github.com/teunbrand/ggh4x,
https://teunbrand.github.io/ggh4x/",NA,knitr,NA,NA,NA,2024-12-15,NA,"apm, BiostatsUHNplus, CCPlotR, deeptime, estimators, ggquickeda, ggseqplot, microdiluteR, PepMapViz, plutor, priorsense, QurvE, sherlock, spicyR",NA,"coveffectsplot, epiCleanr, LMMstar, MicrobiotaProcess, nichetools, robustlmm, SCpubr, Voyager",NA,NA,10.32614/CRAN.package.ggh4x,TRUE,TRUE,TRUE,TRUE,3
gghalfnorm,1.1.2,NA,R (>= 3.1.0),"ggplot2 (>= 2.0.0), ggrepel (>= 0.6.5)",NA,"covr, testthat",NA,AGPL-3,NA,NA,NA,NA,4e04d4e5428325a6111effa18c7865cb,no,NA,"Nathan Eastwood [aut, cre]","person(""Nathan"", ""Eastwood"", , ""nathan.eastwood@icloud.com"",
    role = c(""aut"", ""cre""))",NA,https://github.com/nathaneastwood/gghalfnorm/issues,NA,NA,NA,NA,NA,NA,NA,NA,NA,NA,NA,NA,NA,NA,NA,NA,NA,2017-06-06 11:29:50 UTC,"Reproduce the halfnorm() function found in the 'faraway' package 
    using the 'ggplot2' API.",UTF-8,NA,NA,true,NA,NA,NA,Nathan Eastwood <nathan.eastwood@icloud.com>,NA,2017-06-06 10:44:32 UTC; eastn,NA,NA,NA,NA,Create a Half Normal Plot Using 'ggplot2',Package,https://github.com/nathaneastwood/gghalfnorm,NA,NA,NA,NA,NA,2017-06-06,NA,adas.utils,NA,NA,NA,NA,10.32614/CRAN.package.gghalfnorm,TRUE,TRUE,TRUE,FALSE,2
gghalves,0.1.4,NA,"ggplot2 (>= 3.3.6), R (>= 3.3.0)","grid, gtable, grDevices",NA,"knitr, rmarkdown, dplyr",NA,MIT + file LICENSE,NA,NA,NA,NA,586f523fa8444322bca0000809538374,no,NA,"Frederik Tiedemann [aut, cre]","person(""Frederik"", ""Tiedemann"", email = ""fj.tiedemann@googlemail.com"", role = c(""aut"", ""cre""))",NA,NA,NA,NA,NA,NA,NA,NA,NA,NA,NA,NA,NA,"'utilities.R' 'geom_half_dotplot.R' 'geom_half_boxplot.R'
'geom_half_point.R' 'geom_half_point_panel.R'
'geom_half_violin.R' 'stat-half-bindot.R' 'stat-half-point.R'
'stat-half-ydensity.R' 'ggproto-classes.R'",NA,NA,NA,NA,NA,2022-11-20 11:40:02 UTC,"A 'ggplot2' extension for easy plotting of half-half geom combinations. Think half boxplot and half jitterplot, or half violinplot and half dotplot.",UTF-8,NA,NA,NA,NA,NA,NA,Frederik Tiedemann <fj.tiedemann@googlemail.com>,NA,2022-11-20 11:13:28 UTC; fjtie,NA,NA,NA,NA,Compose Half-Half Plots Using Your Favourite Geoms,NA,https://github.com/erocoar/gghalves,NA,knitr,NA,NA,NA,2022-11-20,NA,"ggcorset, ggrain, nzilbb.vowels, pmxTools, ProteinGymR, scipub, vDiveR",NA,"AlphaMissenseR, MicrobiotaProcess, pcutils",NA,NA,10.32614/CRAN.package.gghalves,TRUE,TRUE,TRUE,TRUE,3
gghdx,0.1.4,NA,R (>= 2.10),"dplyr, ggplot2, ggthemes, lifecycle, magrittr, purrr, rlang,
showtext, sysfonts, tibble",NA,"covr, here, knitr, rmarkdown, scales, testthat (>= 3.0.0)",NA,GPL (>= 3),NA,NA,NA,NA,003f8d5f0817bc4c6659ae073998209e,no,NA,"Seth Caldwell [aut, cre, cph]","
    person(
      given = ""Seth"",
      family = ""Caldwell"", 
      email = ""caldwellst@gmail.com"",
      role = c(""aut"", ""cre"", ""cph"")
    )",NA,https://github.com/OCHA-DAP/gghdx/issues,NA,NA,NA,NA,NA,NA,NA,NA,NA,NA,NA,NA,NA,NA,NA,NA,NA,2024-09-23 13:50:23 UTC,"A Humanitarian Data Exchange (HDX) theme, color palettes, and
    scales for 'ggplot2' to allow users to easily follow the HDX visual design
    guide, including convenience functions for for loading and using the
    Source Sans 3 font.",UTF-8,NA,NA,true,NA,NA,NA,Seth Caldwell <caldwellst@gmail.com>,NA,2024-09-23 13:36:03 UTC; caldwellst,NA,NA,NA,NA,"HDX Theme, Scales, and Other Conveniences for 'ggplot2'",NA,https://github.com/OCHA-DAP/gghdx,NA,knitr,NA,NA,NA,2024-09-23,NA,NA,NA,NA,NA,NA,10.32614/CRAN.package.gghdx,TRUE,TRUE,TRUE,FALSE,2
ggheatmap,2.2,NA,ggplot2,"aplot, factoextra, tibble, ggpubr, tidyr, patchwork",NA,"grDevices, stats, testthat",NA,GPL-3,NA,NA,NA,NA,23cb5a71813c350fecca10351af70ce6,no,NA,"Baiwei Luo [aut, cre]","
    person(given = ""Baiwei"",
           family = ""Luo"",
           role = c(""aut"", ""cre""),
           email = ""2734782653@qq.com"")",NA,NA,NA,NA,NA,NA,NA,NA,NA,NA,NA,NA,NA,NA,NA,NA,NA,NA,NA,2022-09-10 13:32:55 UTC,"The flexibility and excellence of 'ggplot2' is unquestionable, 
    so many drawing tools basically need 'ggplot2' as the operating object. 
    In order to develop a heatmap drawing system based on ggplot2, we developed 
    this tool, mainly to solve the heatmap puzzle problem and the flexible 
    connection between the heatmap and the 'ggplot2' object.
    The advantages of this tool are as follows: 
    1. More flexible label settings; 
    2. Realize the linkage of heatmap and 'ggplot2' drawing system, 
       which is helpful for operations such as puzzles; 
    3. Simple and easy to operate; 
    4. Optimization of clustering tree visualization.",UTF-8,NA,NA,false,NA,NA,NA,Baiwei Luo <2734782653@qq.com>,NA,2022-09-10 13:11:55 UTC; LuoBaiwei,NA,NA,NA,NA,Plot Heatmap,NA,NA,NA,NA,NA,NA,NA,2022-09-10,NA,immcp,NA,NA,NA,NA,10.32614/CRAN.package.ggheatmap,TRUE,TRUE,TRUE,FALSE,2
gghighlight,0.4.1,NA,"ggplot2 (>= 3.3.6), R (>= 3.4.0)","dplyr (>= 1.0.4), ggrepel, lifecycle, purrr, rlang, tibble",NA,"geomtextpath, knitr, rmarkdown, sf, testthat, vdiffr (>=
0.3.0)",NA,MIT + file LICENSE,NA,NA,NA,NA,d75daa671fae8f9684f71f60aa837b40,no,NA,"Hiroaki Yutani [aut, cre] (<https://orcid.org/0000-0002-3385-7233>)","
    person(given = ""Hiroaki"",
           family = ""Yutani"",
           role = c(""aut"", ""cre""),
           email = ""yutani.ini@gmail.com"",
           comment = c(ORCID = ""0000-0002-3385-7233""))",NA,https://github.com/yutannihilation/gghighlight/issues,NA,NA,NA,NA,NA,NA,NA,NA,NA,NA,NA,NA,NA,NA,NA,NA,NA,2023-12-16 01:00:02 UTC,Make it easier to explore data with highlights.,UTF-8,NA,NA,NA,NA,NA,NA,Hiroaki Yutani <yutani.ini@gmail.com>,NA,2023-12-16 00:38:09 UTC; Yutani,lifecycle,NA,NA,NA,Highlight Lines and Points in 'ggplot2',Package,"https://yutannihilation.github.io/gghighlight/,
https://github.com/yutannihilation/gghighlight/",NA,knitr,NA,NA,NA,2023-12-16,NA,"Spectran, SqueakR",NA,"brolgar, cricketdata, LightLogR, microSTASIS, MSstatsLiP, PlotFTIR, r4ds.tutorials, RNAseqQC",NA,NA,10.32614/CRAN.package.gghighlight,TRUE,TRUE,FALSE,FALSE,1
gghilbertstrings,0.3.3,NA,NA,"ggplot2, dplyr, magrittr, tibble, lifecycle, Rcpp, rlang",Rcpp,"testthat, covr, spelling, profvis",NA,MIT + file LICENSE,NA,NA,NA,NA,9fb9c0ed2c4946dc7ee86cfb3b4a8df1,yes,NA,"André Calero Valdez [aut, cre]
    (<https://orcid.org/0000-0002-6214-1461>)","
    person(given = ""André"",
           family = ""Calero Valdez"",
           role = c(""aut"", ""cre""),
           email = ""andrecalerovaldez@gmail.com"",
           comment = c(ORCID = ""0000-0002-6214-1461""))",NA,https://github.com/Sumidu/gghilbertstrings/issues,NA,NA,NA,NA,NA,NA,NA,NA,NA,NA,NA,NA,NA,NA,NA,NA,NA,2021-04-07 08:30:02 UTC,"A set of functions that help to create plots based on Hilbert curves. 
    Hilbert curves are used to map one dimensional data into the 2D plane.
    The package provides a function that generate a 2D coordinate from an 
    integer position. As a specific use case the package provides a function 
    that allows mapping a character column in a data frame into 2D space 
    using 'ggplot2'. This allows visually comparing long lists of URLs, words,
    genes or other data that has a fixed order and position.",UTF-8,NA,en-US,NA,NA,NA,NA,André Calero Valdez <andrecalerovaldez@gmail.com>,NA,2021-04-05 15:53:28 UTC; andrecalerovaldez,lifecycle,NA,NA,C++11,A Fast 'ggplot2'-Based Implementation of Hilbert Curves,NA,https://github.com/Sumidu/gghilbertstrings,NA,NA,NA,NA,NA,2021-04-07,NA,NA,NA,NA,NA,NA,10.32614/CRAN.package.gghilbertstrings,TRUE,TRUE,TRUE,FALSE,2
gghist,0.1.0,NA,NA,ggplot2,NA,spelling,NA,GPL (>= 3),NA,NA,NA,NA,4d40eb880dc8ab9e151f52dccaad1434,no,NA,"Frederik Ziebell [aut, cre] (<https://orcid.org/0000-0003-3673-1721>)","
    person(""Frederik"", ""Ziebell"", , ""frederik.ziebell@gmail.com"", role = c(""aut"", ""cre""),
           comment = c(ORCID = ""0000-0003-3673-1721""))",NA,NA,NA,NA,NA,NA,NA,NA,NA,NA,NA,NA,NA,NA,NA,NA,NA,NA,NA,2023-04-18 13:40:05 UTC,"Wrapper around geom_histogram() of 'ggplot2' to plot the histogram of a numeric vector. This is especially useful, since qplot() was deprecated in 'ggplot2' 3.4.0.",UTF-8,NA,en-US,NA,NA,NA,NA,Frederik Ziebell <frederik.ziebell@gmail.com>,NA,2023-04-15 07:18:28 UTC; frederik,NA,NA,NA,NA,Plot the Histogram of a Numeric Vector,NA,https://github.com/frederikziebell/gghist,NA,NA,NA,NA,NA,2023-04-18,NA,NA,NA,NA,NA,NA,10.32614/CRAN.package.gghist,TRUE,TRUE,TRUE,FALSE,2
ggHoriPlot,1.0.1,NA,"ggplot2, R (>= 2.10)","dplyr, glue, magrittr, stringr, tidyr",NA,"ggthemes, knitr, patchwork, rmarkdown, testthat (>= 3.0.0),
tidyverse, utils",NA,GPL-3,NA,NA,NA,NA,e0f0034cb4f5e7b25a5aedf2b2b7232d,no,NA,"Iker Rivas-González [aut, cre]
    (<https://orcid.org/0000-0002-0515-0628>)","
    person(given = ""Iker"",
           family = ""Rivas-González"",
           role = c(""aut"", ""cre""),
           email = ""ikerrivas96@gmail.com"",
           comment = c(ORCID = ""0000-0002-0515-0628""))",NA,https://github.com/rivasiker/ggHoriPlot/issues,NA,NA,NA,NA,NA,NA,NA,NA,NA,NA,NA,NA,NA,NA,NA,NA,NA,2022-10-11 16:22:33 UTC,"A user-friendly, highly customizable R package for building
    horizon plots in the 'ggplot2' environment.",UTF-8,NA,NA,true,NA,NA,NA,Iker Rivas-González <ikerrivas96@gmail.com>,NA,2022-10-11 15:51:53 UTC; au595587,NA,NA,NA,NA,Horizon Plots for 'ggplot2',Package,"https://rivasiker.github.io/ggHoriPlot/,
https://github.com/rivasiker/ggHoriPlot,
https://CRAN.R-project.org/package=ggHoriPlot",NA,knitr,NA,NA,NA,2022-10-11,NA,NA,NA,"enrichplot, grwat",NA,NA,10.32614/CRAN.package.ggHoriPlot,TRUE,TRUE,TRUE,FALSE,2
ggimage,0.3.3,NA,"R (>= 3.4.0), ggplot2","ggfun, ggplotify, grid, jsonlite, magick, methods, scales,
tibble, tools, utils, withr",NA,"ape, ggtree, gridGraphics, httr, rsvg",NA,Artistic-2.0,NA,NA,NA,NA,8885f142e42910a64e8b8906cb8dd3a9,no,NA,"Guangchuang Yu [aut, cre] (<https://orcid.org/0000-0002-6485-8781>)","person(""Guangchuang"", ""Yu"",
                  email = ""guangchuangyu@gmail.com"",
                  role = c(""aut"", ""cre""),
                  comment = c(ORCID = ""0000-0002-6485-8781""))",NA,https://github.com/GuangchuangYu/ggimage/issues,NA,NA,NA,NA,NA,true,NA,NA,NA,NA,NA,NA,NA,NA,NA,NA,NA,2023-06-19 04:10:02 UTC,"Supports image files and graphic objects to be visualized in
    'ggplot2' graphic system.",UTF-8,NA,NA,NA,NA,NA,NA,Guangchuang Yu <guangchuangyu@gmail.com>,NA,2023-06-19 03:36:56 UTC; HUAWEI,NA,NA,NA,NA,Use Image in 'ggplot2',NA,"https://github.com/GuangchuangYu/ggimage (devel),
https://yulab-smu.top/pkgdocs/ggimage.html (vignette)",NA,NA,NA,NA,NA,2023-06-19,NA,"calendR, calendRio, ggalignment, hexSticker, IDEATools, metabolic, metanetwork, RevGadgets, seqArchRplus, SWMPrExtension",NA,"ChIPseeker, cvms, DAISIEprep, ggbreak, ggfoundry, ggplotify, ggtree, meme, orthogene, pcutils, rSDI, tanggle",NA,NA,10.32614/CRAN.package.ggimage,TRUE,TRUE,TRUE,FALSE,2
ggimg,0.1.2,NA,R (>= 3.5.0),"ggplot2 (>= 3.2.1), utils, jpeg, png, abind",NA,"knitr (>= 1.15), rmarkdown, dplyr, testthat (>= 1.0.1), covr
(>= 2.2.2)",NA,GPL-2,NA,NA,NA,NA,5c113e520a922e9aa3ec75828c0a4857,no,NA,"Taylor B. Arnold [aut, cre]","c(person(
  given = ""Taylor B."",
  family = ""Arnold"",
  email = ""tarnold2@richmond.edu"",
  role = c(""aut"", ""cre"")))",NA,https://github.com/statsmaths/ggimg/issues,NA,NA,NA,NA,NA,NA,NA,NA,NA,NA,NA,NA,NA,NA,NA,NA,NA,2022-08-17 09:30:09 UTC,"Provides two new layer types for displaying image data as layers
  within the Grammar of Graphics framework. Displays images using either a
  rectangle interface, with a fixed bounding box, or a point interface using a
  central point and general size parameter. Images can be given as local
  JPEG or PNG files, external resources, or as a list column containing
  raster image data.",NA,NA,NA,true,NA,NA,NA,Taylor B. Arnold <tarnold2@richmond.edu>,NA,2022-08-12 15:06:31 UTC; taylor,NA,NA,NA,NA,Graphics Layers for Plotting Image Data with 'ggplot2',Package,https://github.com/statsmaths/ggimg,NA,knitr,NA,NA,NA,2022-08-17,NA,NA,NA,NA,NA,NA,10.32614/CRAN.package.ggimg,TRUE,TRUE,FALSE,FALSE,1
gginference,0.1.3,NA,R (>= 3.5.0),"ggplot2, rlang, stats, utils",NA,"knitr, MASS, rmarkdown",NA,GPL-2 | file LICENSE,NA,NA,NA,NA,92382557d8931ad2b2b747fd993ea7d3,no,NA,"Charalampos Bratsas [aut],
  Anastasia Foudouli [aut],
  Kleanthis Koupidis [aut, cre]","c(
    person(""Charalampos"", ""Bratsas"", , ""cbratsas@math.auth.gr"", role = ""aut""),
    person(""Anastasia"", ""Foudouli"", , ""anastasiafoudouli@gmail.com"", role = ""aut""),
    person(""Kleanthis"", ""Koupidis"", , ""koupidis.okfgr@gmail.com"", role = c(""aut"", ""cre""))
    )",NA,https://github.com/okgreece/gginference/issues,NA,NA,NA,NA,NA,NA,NA,NA,NA,NA,NA,NA,NA,NA,NA,NA,2020-10-25,2020-10-31 23:20:02 UTC,"Visualise the results of F test to compare two variances, Student's t-test, test of equal or given proportions, Pearson's chi-squared test for count data and test for association/correlation between paired samples.",UTF-8,NA,NA,true,NA,NA,NA,Kleanthis Koupidis <koupidis.okfgr@gmail.com>,NA,2020-10-30 13:51:36 UTC; akis_,NA,NA,NA,NA,Visualise the Results of Inferential Statistics using 'ggplot2',Package,https://github.com/okgreece/gginference,NA,NA,NA,NA,NA,2020-10-31,NA,NA,NA,NA,NA,NA,10.32614/CRAN.package.gginference,TRUE,TRUE,FALSE,FALSE,1
gginnards,0.2.0-1,NA,"R (>= 4.0.0), ggplot2 (>= 3.4.0)","utils, methods, rlang (>= 0.4.0), stringr (>= 1.4.0), magrittr
(>= 1.5), tibble (>= 2.1.0)",NA,"knitr (>= 1.24), rmarkdown (>= 1.14), sf (>= 0.9), pryr (>=
0.1.4)",NA,GPL (>= 2),NA,NA,NA,NA,a70fb74e41daa449dbb7f3305c5e4e76,no,NA,"Pedro J. Aphalo [aut, cre] (<https://orcid.org/0000-0003-3385-972X>)","
    c(
    person(""Pedro J."", ""Aphalo"", email = ""pedro.aphalo@helsinki.fi"", role = c(""aut"", ""cre""), comment = c(ORCID = ""0000-0003-3385-972X""))    )",NA,https://github.com/aphalo/gginnards/issues,NA,NA,NA,NA,NA,TRUE,NA,NA,NA,NA,NA,NA,NA,NA,NA,NA,2024-11-14,2024-11-14 00:10:02 UTC,"Extensions to 'ggplot2' providing low-level debug tools: statistics
    and geometries echoing their data argument. Layer manipulation: deletion,
    insertion, extraction and reordering of layers. Deletion of unused variables
    from the data object embedded in ""ggplot"" objects.",UTF-8,NA,NA,NA,NA,TRUE,NA,Pedro J. Aphalo <pedro.aphalo@helsinki.fi>,NA,2024-11-13 23:27:45 UTC; aphalo,NA,NA,NA,NA,Explore the Innards of 'ggplot2' Objects,Package,"https://docs.r4photobiology.info/gginnards/,
https://github.com/aphalo/gginnards",NA,knitr,NA,NA,NA,2024-11-14,NA,"bayesplay, RevGadgets",NA,"ggpmisc, ggpp",NA,NA,10.32614/CRAN.package.gginnards,TRUE,TRUE,TRUE,FALSE,2
ggip,0.3.2,NA,"ggplot2 (>= 3.4.0), ipaddress (>= 1.0.0)","cli, dplyr, Rcpp, rlang (>= 1.0.0), tidyr, vctrs","ipaddress, Rcpp","knitr, rmarkdown, testthat",NA,MIT + file LICENSE,NA,NA,NA,NA,73699309ef85267d18f868e8cb4612f2,yes,NA,"David Hall [aut, cre] (<https://orcid.org/0000-0002-2193-0480>)","
    person(""David"", ""Hall"", , ""david.hall.physics@gmail.com"", role = c(""aut"", ""cre""),
           comment = c(ORCID = ""0000-0002-2193-0480""))",NA,https://github.com/davidchall/ggip/issues,NA,NA,NA,NA,NA,NA,NA,NA,NA,NA,NA,NA,NA,NA,NA,NA,NA,2023-04-04 04:10:02 UTC,"A 'ggplot2' extension that enables visualization of IP
    (Internet Protocol) addresses and networks. The address space is
    mapped onto the Cartesian coordinate system using a space-filling
    curve. Offers full support for both IPv4 and IPv6 (Internet Protocol
    versions 4 and 6) address spaces.",UTF-8,NA,NA,NA,NA,NA,NA,David Hall <david.hall.physics@gmail.com>,NA,2023-04-04 04:01:24 UTC; davidhall,NA,NA,NA,NA,Data Visualization for IP Addresses and Networks,NA,"https://davidchall.github.io/ggip/,
https://github.com/davidchall/ggip",NA,knitr,NA,NA,NA,2023-04-04,NA,NA,NA,NA,NA,NA,10.32614/CRAN.package.ggip,TRUE,TRUE,TRUE,TRUE,3
ggiraph,0.8.12,NA,NA,"cli, ggplot2 (>= 3.5.1), grid, htmltools, htmlwidgets (>=
1.5), purrr, Rcpp (>= 1.0), rlang, stats, systemfonts, uuid,
vctrs","Rcpp, systemfonts","dplyr, gdtools (>= 0.3.0), ggrepel (>= 0.9.1), hexbin, knitr,
maps, quantreg, rmarkdown, sf (>= 1.0), shiny, tinytest, xml2
(>= 1.0)",NA,GPL-3,NA,NA,NA,NA,d235c5e1852c96b781f001cab8a17c33,yes,NA,"David Gohel [aut, cre],
  Panagiotis Skintzos [aut],
  Mike Bostock [cph] (d3.js),
  Speros Kokenes [cph] (d3-lasso),
  Eric Shull [cph] (saveSvgAsPng js library),
  Lee Thomason [cph] (TinyXML2),
  Vladimir Agafonkin [cph] (Flatbush),
  Eric Book [ctb] (hline and vline geoms)","c(
    person(""David"", ""Gohel"", , ""david.gohel@ardata.fr"", role = c(""aut"", ""cre"")),
    person(""Panagiotis"", ""Skintzos"", , ""sigmapi@posteo.net"", role = ""aut""),
    person(""Mike"", ""Bostock"", role = ""cph"",
           comment = ""d3.js""),
    person(""Speros"", ""Kokenes"", role = ""cph"",
           comment = ""d3-lasso""),
    person(""Eric"", ""Shull"", role = ""cph"",
           comment = ""saveSvgAsPng js library""),
    person(""Lee"", ""Thomason"", role = ""cph"",
           comment = ""TinyXML2""),
    person(""Vladimir"", ""Agafonkin"", role = ""cph"",
           comment = ""Flatbush""),
    person(""Eric"", ""Book"", role = ""ctb"",
           comment = ""hline and vline geoms"")
  )",NA,https://github.com/davidgohel/ggiraph/issues,NA,NA,NA,NA,NA,NA,NA,NA,NA,NA,NA,"'RcppExports.R' 'ipar.R' 'utils_ggplot2_performance.R'
'utils_ggplot2.R' 'utils.R' 'annotate_interactive.R'
'annotation_raster_interactive.R' 'utils_css.R' 'fonts.R'
'girafe_options.R' 'default.R' 'dsvg.R' 'dsvg_view.R'
'element_interactive.R' 'facet_interactive.R'
'geom_abline_interactive.R' 'geom_path_interactive.R'
'geom_polygon_interactive.R' 'geom_rect_interactive.R'
'geom_bar_interactive.R' 'geom_bin_2d_interactive.R'
'geom_boxplot_interactive.R' 'geom_col_interactive.R'
'geom_contour_interactive.R' 'geom_count_interactive.R'
'geom_crossbar_interactive.R' 'geom_curve_interactive.R'
'geom_density_2d_interactive.R' 'geom_density_interactive.R'
'geom_dotplot_interactive.R' 'geom_errorbar_interactive.R'
'geom_errorbarh_interactive.R' 'geom_freqpoly_interactive.R'
'geom_hex_interactive.R' 'geom_histogram_interactive.R'
'geom_hline_interactive.R' 'geom_jitter_interactive.R'
'geom_label_interactive.R' 'geom_linerange_interactive.R'
'geom_map_interactive.R' 'geom_point_interactive.R'
'geom_pointrange_interactive.R' 'geom_quantile_interactive.R'
'geom_raster_interactive.R' 'geom_ribbon_interactive.R'
'geom_segment_interactive.R' 'geom_sf_interactive.R'
'geom_smooth_interactive.R' 'geom_spoke_interactive.R'
'geom_text_interactive.R' 'geom_text_repel_interactive.R'
'geom_tile_interactive.R' 'geom_violin_interactive.R'
'geom_vline_interactive.R' 'ggiraph.R' 'girafe.R'
'grob_interactive.R' 'guide_bins_interactive.R'
'guide_colourbar_interactive.R'
'guide_coloursteps_interactive.R' 'guide_interactive.R'
'guide_legend_interactive.R' 'interactive_circle_grob.R'
'interactive_curve_grob.R' 'interactive_path_grob.R'
'interactive_points_grob.R' 'interactive_polygon_grob.R'
'interactive_polyline_grob.R' 'interactive_raster_grob.R'
'interactive_rect_grob.R' 'interactive_roundrect_grob.R'
'interactive_segments_grob.R' 'interactive_text_grob.R'
'labeller_interactive.R' 'layer_interactive.R'
'scale_alpha_interactive.R' 'scale_brewer_interactive.R'
'scale_colour_interactive.R' 'scale_gradient_interactive.R'
'scale_interactive.R' 'scale_linetype_interactive.R'
'scale_manual_interactive.R' 'scale_shape_interactive.R'
'scale_size_interactive.R' 'scale_steps_interactive.R'
'scale_viridis_interactive.R' 'tracers.R'",NA,NA,NA,See file COPYRIGHTS.,NA,2025-01-08 11:10:02 UTC,Create interactive 'ggplot2' graphics using 'htmlwidgets'.,UTF-8,NA,NA,NA,NA,NA,NA,David Gohel <david.gohel@ardata.fr>,NA,2024-12-20 10:08:07 UTC; davidgohel,NA,NA,NA,libpng,Make 'ggplot2' Graphics Interactive,Package,https://davidgohel.github.io/ggiraph/,NA,knitr,NA,NA,NA,2025-01-08,NA,"bartMan, bullseye, clevRvis, flowGraph, gg1d, ggfacto, ggfootball, ggiraphExtra, LipidomicsR, microhaplot, NanoStringNCTools, PieGlyph, qPRAentry, RandomWalker, saros, shinyCohortBuilder, SpatialCPie, TimeVizPro, toxSummary, treekoR",NA,"ceterisParibus, eq5d, eurlex, GeomxTools, opendatatoronto, packcircles, sugarglider, thematic",NA,NA,10.32614/CRAN.package.ggiraph,TRUE,TRUE,TRUE,FALSE,2
ggiraphExtra,0.3.0,NA,R (>= 2.10),"ggplot2 (>= 2.2.0), ggiraph (>= 0.3.2), scales, reshape2,
plyr, mycor, ppcor, grid, mgcv, sjlabelled, sjmisc, stringr,
tidyr, purrr, dplyr, magrittr, RColorBrewer",NA,"TH.data, ggforce, webshot, ztable, moonBook, maps, gcookbook,
knitr, rmarkdown, testthat",NA,GPL-3,NA,NA,NA,NA,d183239e49f60207ffea73efaffad916,no,NA,"Keon-Woong Moon [aut, cre]","person(""Keon-Woong"", ""Moon"", email = ""cardiomoon@gmail.com"",
                  role = c(""aut"", ""cre""))",NA,NA,NA,NA,NA,NA,NA,NA,NA,NA,NA,NA,NA,NA,NA,NA,NA,NA,NA,2020-10-06 07:00:02 UTC,"Collection of functions to enhance 'ggplot2' and 'ggiraph'. Provides functions for exploratory plots.
    All plot can be a 'static' plot or an 'interactive' plot using 'ggiraph'.",UTF-8,NA,NA,true,NA,NA,NA,Keon-Woong Moon <cardiomoon@gmail.com>,NA,2020-10-06 06:38:43 UTC; cardiomoon,NA,NA,NA,NA,Make Interactive 'ggplot2'. Extension to 'ggplot2' and 'ggiraph',Package,https://github.com/cardiomoon/ggiraphExtra,NA,knitr,NA,NA,NA,2020-10-06,NA,"EIX, otargen, predict3d",NA,"eq5d, sageR",NA,NA,10.32614/CRAN.package.ggiraphExtra,TRUE,TRUE,TRUE,FALSE,2
ggisotonic,0.1.2,NA,NA,"ggplot2 (>= 3.0.0), dplyr (>= 1.0.0), fdrtool (>= 1.2.17),",NA,NA,NA,GPL-3,NA,NA,NA,NA,8af128cd5cf2113b9b3c167ccf5112d5,no,NA,"Komala Sheshachala Srikanth [aut, cre]","person(""Komala Sheshachala"", ""Srikanth"", email = ""sri.teach@gmail.com"", role = c(""aut"", ""cre""))",NA,https://github.com/talegari/ggisotonic/issues,NA,NA,NA,NA,NA,NA,NA,NA,NA,NA,NA,NA,NA,NA,NA,NA,NA,2022-05-24 15:50:06 UTC,Provides stat_isotonic() to add weighted univariate isotonic regression curves.,UTF-8,NA,NA,NA,NA,NA,NA,Komala Sheshachala Srikanth <sri.teach@gmail.com>,NA,2022-05-23 16:29:35 UTC; dattachidambara,NA,NA,NA,NA,'ggplot2' Friendly Isotonic or Monotonic Regression Curves,Package,https://github.com/talegari/ggisotonic,NA,NA,NA,NA,NA,2022-05-24,NA,NA,NA,NA,NA,NA,10.32614/CRAN.package.ggisotonic,TRUE,TRUE,FALSE,FALSE,1
ggjoy,0.4.1,NA,"R (>= 3.2), ggridges (>= 0.4.0)",ggplot2,NA,"knitr, rmarkdown",NA,GPL-2 | file LICENSE,NA,NA,NA,NA,e84dd446b61eab93968701267cf8d9a2,no,NA,"Claus O. Wilke [cre, aut]","c( 
    person(""Claus O."", ""Wilke"", , ""wilke@austin.utexas.edu"", c(""cre"", ""aut"")))",NA,NA,NA,NA,NA,NA,NA,NA,NA,NA,NA,NA,NA,'ggjoy.R',NA,NA,NA,NA,NA,2018-05-18 04:21:54 UTC,Joyplots provide a convenient way of visualizing changes in distributions over time or space. This package enables the creation of such plots in 'ggplot2'.,NA,NA,NA,true,NA,NA,NA,Claus O. Wilke <wilke@austin.utexas.edu>,NA,2018-05-18 03:36:32 UTC; wilke,NA,NA,NA,NA,Joyplots in 'ggplot2',Package,https://github.com/clauswilke/ggjoy,NA,knitr,NA,NA,NA,2018-05-18,NA,hdpGLM,NA,NA,NA,NA,10.32614/CRAN.package.ggjoy,TRUE,TRUE,TRUE,FALSE,2
gglgbtq,0.2.0,NA,R (>= 2.10),"ggplot2, graphics, grDevices, rlang, tibble",NA,"knitr, rmarkdown, spelling, testthat (>= 3.0.0), vdiffr",NA,GPL (>= 3),NA,NA,NA,NA,7dc2089cdb511c7b54cfc829ea4c4069,no,NA,"Laura Bakala [cre, aut, cph] (<https://orcid.org/0000-0002-3213-2484>)","c(person(""Laura"", ""Bakala"",
             email = ""erdaradun.gaztea@gmail.com"",
             role = c(""cre"", ""aut"", ""cph""),
             comment = c(ORCID = ""0000-0002-3213-2484"")))",NA,NA,NA,NA,NA,NA,NA,NA,NA,NA,NA,NA,NA,NA,NA,NA,NA,NA,NA,2024-06-25 22:20:02 UTC,Provides multiple palettes based on pride flags with tailored themes.,UTF-8,NA,en-US,NA,NA,NA,NA,Laura Bakala <erdaradun.gaztea@gmail.com>,NA,2024-06-25 21:54:16 UTC; erdar,NA,NA,NA,NA,Show Pride on 'ggplot2' Plots,Package,"https://github.com/turtletopia/gglgbtq,
https://turtletopia.github.io/gglgbtq/",NA,knitr,NA,NA,NA,2024-06-25,NA,NA,NA,NA,NA,NA,10.32614/CRAN.package.gglgbtq,TRUE,TRUE,FALSE,FALSE,1
gglm,1.0.3,NA,ggplot2,"broom, broom.mixed, dplyr, metafor, nlme, patchwork, purrr,
tibble, tidyr, utils, rlang, vctrs",NA,"lme4, testthat (>= 3.0.0)",NA,CC0,NA,NA,NA,NA,e9fc35739f3518ec0af22af1f41702dd,no,NA,"Grayson White [aut, cre] (<https://orcid.org/0000-0003-4993-2792>)","
    c(person(given = ""Grayson"",
             family = ""White"",
             role = c(""aut"", ""cre""),
             email = ""graysonwhite13@gmail.com"",
             comment = c(ORCID = ""0000-0003-4993-2792"")))",NA,https://github.com/graysonwhite/gglm/issues,NA,NA,NA,NA,NA,NA,NA,NA,NA,NA,NA,NA,NA,NA,NA,NA,NA,2024-01-16 11:00:02 UTC,"Allows for easy creation of diagnostic plots for a variety of model objects using the Grammar of Graphics.  
  Provides functionality for both individual diagnostic plots and an array of four standard diagnostic plots.",UTF-8,NA,NA,NA,NA,NA,NA,Grayson White <graysonwhite13@gmail.com>,NA,2024-01-16 03:05:02 UTC; grayson,NA,NA,NA,NA,Grammar of Graphics for Linear Model Diagnostic Plots,Package,https://github.com/graysonwhite/gglm,NA,NA,NA,NA,NA,2024-01-16,NA,NA,NA,rmcorr,NA,NA,10.32614/CRAN.package.gglm,TRUE,TRUE,FALSE,FALSE,1
gglogger,0.1.5,NA,NA,"ggplot2, cli, methods",NA,"rlang, testthat",NA,MIT + file LICENSE,NA,NA,NA,NA,ba422c9478113f52b01c0af5a9f04179,no,NA,"Panwen Wang [aut, cre] (<https://orcid.org/0000-0002-4614-8970>)","
    person(""Panwen"", ""Wang"", , ""pwwang@pwwang.com"", role = c(""aut"", ""cre""),
           comment = c(ORCID = ""0000-0002-4614-8970""))",NA,NA,NA,NA,NA,NA,NA,NA,NA,NA,NA,NA,NA,NA,NA,NA,NA,NA,NA,2024-10-25 09:10:02 UTC,"Provides a way to log 'ggplot' component calls, which can be
    useful for debugging and understanding how 'ggplot' objects are created.
    The logged calls can be printed, saved, and re-executed to reproduce the
    original 'ggplot' object.",UTF-8,NA,NA,NA,NA,NA,NA,Panwen Wang <pwwang@pwwang.com>,NA,2024-10-24 16:10:31 UTC; pwwang,NA,NA,NA,NA,Track 'ggplot2' Calls,Package,https://github.com/pwwang/gglogger/,NA,NA,NA,NA,NA,2024-10-25,NA,NA,NA,plotthis,NA,NA,10.32614/CRAN.package.gglogger,TRUE,TRUE,TRUE,FALSE,2
gglorenz,0.0.2,NA,"R (>= 3.2.0), ggplot2 (>= 2.2.1)",ineq,NA,spelling,NA,MIT + file LICENSE,NA,NA,NA,NA,1d59dc5939a5f6fbd12a74dcb6c8d048,no,NA,"JJ Chen [aut, cre] (<https://orcid.org/0000-0001-8482-8398>),
  Hernando Cortina [aut] (<https://orcid.org/0000-0001-6790-4870>)","c(
        person(""JJ"", ""Chen"", email = ""jiajia.chern@gmail.com"", role = c(""aut"", ""cre""),
           comment = c(ORCID = ""0000-0001-8482-8398"")),
        person(""Hernando"", ""Cortina"", email = ""hch@alum.mit.edu"", role = c(""aut""),
           comment = c(ORCID = ""0000-0001-6790-4870""))   
           )",NA,https://github.com/jjchern/gglorenz/issues,NA,NA,NA,NA,NA,NA,NA,NA,NA,NA,NA,NA,NA,NA,NA,NA,NA,2020-05-27 09:00:06 UTC,"Provides statistical transformations for plotting empirical 
    ordinary Lorenz curve (Lorenz 1905) <doi:10.2307/2276207> and 
    generalized Lorenz curve (Shorrocks 1983) <doi:10.2307/2554117>.",UTF-8,NA,en-US,true,NA,NA,NA,JJ Chen <jiajia.chern@gmail.com>,NA,2020-05-27 01:03:21 UTC; chan,NA,NA,NA,NA,Plotting Lorenz Curve with the Blessing of 'ggplot2',NA,https://github.com/jjchern/gglorenz,NA,NA,NA,NA,NA,2020-05-27,NA,NA,NA,NA,NA,NA,10.32614/CRAN.package.gglorenz,TRUE,TRUE,FALSE,FALSE,1
ggmap,4.0.0,NA,"R (>= 3.1.0), ggplot2 (>= 2.2.0)","png, plyr, jpeg, digest, scales, dplyr, bitops, grid, glue,
httr, stringr, purrr, magrittr, tibble, tidyr, rlang, cli",NA,"MASS, hexbin, testthat",NA,GPL-2,NA,NA,NA,NA,492b5890e6f8a3770f34f61ffdd8df48,no,NA,"David Kahle [aut, cre] (<https://orcid.org/0000-0002-9999-1558>),
  Hadley Wickham [aut] (<https://orcid.org/0000-0003-4757-117X>),
  Scott Jackson [aut],
  Mikko Korpela [ctb]","c(person(""David"", ""Kahle"", email = ""david@kahle.io"", role = c(""aut"", ""cre""), comment = c(ORCID = ""0000-0002-9999-1558"")),
  person(""Hadley"", ""Wickham"", email = ""h.wickham@gmail.com"", role = ""aut"", comment = c(ORCID = ""0000-0003-4757-117X"")),
  person(""Scott"", ""Jackson"", email = ""scottmmjackson@gmail.com"", role = ""aut""),
  person(""Mikko"", ""Korpela"", email = ""mvkorpel@iki.fi"", role = ""ctb""))",NA,https://github.com/dkahle/ggmap/issues,NA,NA,NA,NA,NA,NA,NA,NA,NA,NA,NA,NA,NA,NA,NA,NA,NA,2023-11-19 08:10:02 UTC,"A collection of functions to visualize spatial data and models
    on top of static maps from various online sources (e.g Google Maps and Stamen
    Maps). It includes tools common to those tasks, including functions for
    geolocation and routing.",UTF-8,NA,NA,true,NA,NA,NA,David Kahle <david@kahle.io>,NA,2023-11-19 03:58:04 UTC; david_kahle,NA,NA,NA,NA,Spatial Visualization with ggplot2,NA,https://github.com/dkahle/ggmap,NA,NA,NA,NA,NA,2023-11-19,NA,"activatr, anipaths, BKTR, earthtones, eiExpand, ElevDistr, epiflows, FLightR, gbm.auto, hurricaneexposure, movegroup, moveHMM, ODMeans, openSkies, pressuRe, rcrimeanalysis, rnrfa, SDLfilter, SensusR, sidier, stxplore, trackeR, WhatsR",NA,"ALUES, asteRisk, DataVisualizations, ggsolvencyii, lterdatasampler, momentuHMM, move, nhdplusTools, PointedSDMs, sparrpowR, SWMPr, SWMPrExtension, wdpar",NA,NA,10.32614/CRAN.package.ggmap,TRUE,TRUE,FALSE,FALSE,1
ggmapcn,0.1.2,NA,"R (>= 3.5.0), ggplot2 (>= 3.4.0)","sf (>= 1.0.0), dplyr (>= 1.1.0), rlang (>= 1.1.3), ggspatial
(>= 1.1.8), terra (>= 1.7), tidyterra (>= 0.6.0), curl (>=
6.0.0)",NA,"knitr, rmarkdown, testthat (>= 3.0.0)",NA,GPL-3,NA,NA,NA,NA,db01559f7c687e7e9d5a83a9321a3318,no,NA,"Liang Ren [aut, cre] (<https://orcid.org/0000-0002-2360-7900>)","
    person(""Liang"", ""Ren"", email = ""rl23@mails.tsinghua.edu.cn"", role = c(""aut"", ""cre""),
           comment = c(ORCID = ""0000-0002-2360-7900""))",NA,https://github.com/Rimagination/ggmapcn/issues,NA,NA,NA,NA,NA,NA,NA,NA,NA,NA,NA,NA,NA,NA,NA,NA,NA,2025-01-14 10:10:01 UTC,"A 'ggplot2' extension for visualizing China’s map, offering customizable projections, boundary styles, and buffer zones for thematic maps. 
    Suitable for spatial data analysis and enhancing map visualization with flexible styling options.",UTF-8,NA,NA,NA,NA,NA,NA,Liang Ren <rl23@mails.tsinghua.edu.cn>,NA,2025-01-11 16:39:20 UTC; Administrator,NA,NA,NA,NA,Customizable China Map Visualizations,NA,https://rimagination.github.io/ggmapcn/,NA,knitr,NA,NA,NA,2025-01-14,NA,NA,NA,NA,NA,NA,10.32614/CRAN.package.ggmapcn,TRUE,TRUE,TRUE,TRUE,3
ggmapinset,0.4.0,NA,"R (>= 3.6), sf (>= 1.0)","cli (>= 3.4.0), ggplot2 (>= 3.4.0), lifecycle, rlang (>=
1.0.0), vctrs (>= 0.6.5)",NA,"dplyr, forcats, ggrepel, knitr, nswgeo, purrr, rmarkdown,
stringr, tibble, tidyr,",NA,MIT + file LICENSE,NA,NA,NA,NA,50d231d6350f192bd9b3afc842a25eff,no,NA,"Carl Suster [aut, cre] (<https://orcid.org/0000-0001-7021-9380>),
  Western Sydney Local Health District, NSW Health [cph]","
    c(person(given = ""Carl"",
             family = ""Suster"",
             email = ""Carl.Suster@health.nsw.gov.au"",
             role = c(""aut"", ""cre""),
             comment = c(ORCID = ""0000-0001-7021-9380"")),
      person(""Western Sydney Local Health District, NSW Health"",
             role = ""cph""))",NA,https://github.com/cidm-ph/ggmapinset/issues,NA,NA,NA,NA,NA,NA,NA,NA,NA,NA,NA,NA,NA,NA,NA,NA,NA,2024-12-18 06:40:02 UTC,"Helper to add insets based on geom_sf() from 'ggplot2'.
    This package gives you a drop-in replacement for geom_sf() that supports
    adding a zoomed inset map without having to create and embed a separate plot.",UTF-8,NA,en-GB,true,NA,NA,NA,Carl Suster <Carl.Suster@health.nsw.gov.au>,NA,2024-12-18 06:11:28 UTC; csus5157,NA,NA,NA,NA,Add Inset Panels to Maps,Package,"https://github.com/cidm-ph/ggmapinset,
https://cidm-ph.github.io/ggmapinset/",NA,knitr,NA,NA,NA,2024-12-18,NA,ggautomap,NA,NA,NA,NA,10.32614/CRAN.package.ggmapinset,TRUE,TRUE,TRUE,FALSE,2
ggmatplot,0.1.2,NA,"R (>= 3.4.0), ggplot2",stats,NA,"rmarkdown, knitr, testthat (>= 3.0.0), vdiffr, tibble, tidyr,
dplyr, covr",NA,GPL-3,NA,NA,NA,NA,579210b6cc06d72becc306bb7c869642,no,NA,"Xuan Liang [aut, cre] (<https://orcid.org/0000-0002-0792-3751>),
  Francis K. C. Hui [aut] (<https://orcid.org/0000-0003-0765-3533>),
  Emi Tanaka [aut] (<https://orcid.org/0000-0002-1455-259X>),
  Dilinie Seimon [aut] (<https://orcid.org/0000-0003-4431-6077>)","c(
    person(""Xuan"", ""Liang"", 
            email = ""xuan.liang@anu.edu.au"",
            comment = c(ORCID = ""0000-0002-0792-3751""),
            role = c(""aut"", ""cre"")),
    person(""Francis K. C."", ""Hui"",
            email = ""fhui28@gmail.com"",
            comment = c(ORCID = ""0000-0003-0765-3533""),
            role = c(""aut"")),
    person(""Emi"", ""Tanaka"",
            email = ""dr.emi.tanaka@gmail.com"",
            comment = c(ORCID = ""0000-0002-1455-259X""),
            role = c(""aut"")),
    person(""Dilinie"", ""Seimon"",
            email = ""dilinieseimon@gmail.com"",
            comment = c(ORCID = ""0000-0003-4431-6077""),
            role = c(""aut"")))",NA,https://github.com/xuan-liang/ggmatplot/issues,NA,NA,NA,NA,NA,NA,NA,NA,NA,NA,NA,NA,NA,NA,NA,NA,NA,2022-05-17 02:20:02 UTC,"A quick and easy way of plotting the columns of two matrices or 
    data frames against each other using 'ggplot2'. Although 'ggmatplot' doesn't 
    provide the same flexibility as 'ggplot2', it can be used as a workaround for 
    having to wrangle wide format data into long format for plotting with
    'ggplot2'.",UTF-8,NA,NA,NA,NA,NA,NA,Xuan Liang <xuan.liang@anu.edu.au>,NA,2022-05-17 01:27:13 UTC; taozou,NA,NA,NA,NA,Plot Columns of Two Matrices Against Each Other Using 'ggplot2',NA,"https://github.com/xuan-liang/ggmatplot,
https://xuan-liang.github.io/ggmatplot/",NA,knitr,NA,NA,NA,2022-05-17,NA,NA,NA,NA,NA,NA,10.32614/CRAN.package.ggmatplot,TRUE,TRUE,TRUE,FALSE,2
ggmcmc,1.5.1.1,NA,"R (>= 3.5), dplyr (>= 1.0.0), tidyr (>= 1.1.0), ggplot2",GGally (>= 1.1.0),NA,"coda, knitr, rmarkdown, ggthemes, gridExtra, Cairo, extrafont",NA,GPL-2,NA,NA,NA,NA,587ca05faf325d21a2367841c31f71cb,no,NA,"Xavier Fernández i Marín [aut, cre]
    (<https://orcid.org/0000-0002-9522-8870>)","person(""Xavier"", ""Fernández i Marín"", email = ""xavier.fim@gmail.com"", role = c(""aut"", ""cre""), comment = c(ORCID = ""0000-0002-9522-8870""))",NA,https://github.com/xfim/ggmcmc/issues/,NA,NA,NA,NA,NA,NA,NA,NA,NA,NA,NA,"'data.R' 'functions.R' 'ggmcmc.R' 'ggs.R' 'ggs_Rhat.R'
'ggs_autocorrelation.R' 'ggs_caterpillar.R'
'ggs_compare_partial.R' 'ggs_crosscorrelation.R'
'ggs_density.R' 'ggs_effective.R' 'ggs_geweke.R'
'ggs_diagnostics.R' 'ggs_grb.R' 'ggs_histogram.R' 'ggs_pairs.R'
'ggs_pcp.R' 'ggs_ppmean.R' 'ggs_ppsd.R' 'ggs_rocplot.R'
'ggs_running.R' 'ggs_separation.R' 'ggs_traceplot.R'
'globals.R' 'help.R'",NA,NA,NA,NA,NA,2021-02-10 10:50:10 UTC,"Tools for assessing and diagnosing convergence of
    Markov Chain Monte Carlo simulations, as well as for graphically display
    results from full MCMC analysis. The package also facilitates the graphical
    interpretation of models by providing flexible functions to plot the
    results against observed variables, and functions to work with
    hierarchical/multilevel batches of parameters
    (Fernández-i-Marín, 2016 <doi:10.18637/jss.v070.i09>).",UTF-8,NA,NA,NA,NA,NA,NA,Xavier Fernández i Marín <xavier.fim@gmail.com>,NA,2021-02-10 08:25:20 UTC; xavier,NA,NA,NA,NA,Tools for Analyzing MCMC Simulations from Bayesian Inference,NA,"http://xavier-fim.net/packages/ggmcmc/,
https://github.com/xfim/ggmcmc/",NA,knitr,NA,NA,NA,2021-02-10,NA,"bspcov, EcoDiet, mfa, missingHE, MixSIAR, oHMMed, PLMIX, rbioacc",NA,"afdx, airGR, crmPack, metamisc, runMCMCbtadjust",NA,NA,10.32614/CRAN.package.ggmcmc,TRUE,TRUE,FALSE,FALSE,1
ggmice,0.1.0,NA,NA,"cli, dplyr, ggplot2, magrittr, mice, purrr, rlang, stats,
stringr, tidyr, tidyselect, utils",NA,"covr, knitr, patchwork, plotly, rmarkdown, testthat (>=
3.0.0)",NA,GPL (>= 3),NA,NA,NA,NA,6cf16d039dbca1f9ff9be97788f75948,no,NA,"Hanne Oberman [aut, cre] (<https://orcid.org/0000-0003-3276-2141>),
  Utrecht University [fnd],
  University Medical Centre Utrecht [fnd],
  Thom Volker [ctb] (<https://orcid.org/0000-0002-2408-7820>),
  Gerko Vink [ctb] (<https://orcid.org/0000-0001-9767-1924>),
  Pepijn Vink [ctb] (<https://orcid.org/0000-0001-6960-9904>),
  Jamie Wallis [ctb] (<https://orcid.org/0000-0003-2765-3813>)","c(
    person(""Hanne"", ""Oberman"", email = ""h.i.oberman@uu.nl"", role = c(""aut"", ""cre""),
           comment = c(ORCID = ""0000-0003-3276-2141"")),
    person(""Utrecht University"", role = ""fnd""), 
    person(""University Medical Centre Utrecht"", role = ""fnd""),
    person(""Thom"", ""Volker"", role = ""ctb"", comment = c(ORCID = ""0000-0002-2408-7820"")),
    person(""Gerko"", ""Vink"", role = ""ctb"", comment = c(ORCID = ""0000-0001-9767-1924"")),
    person(""Pepijn"", ""Vink"", role = ""ctb"", comment = c(ORCID = ""0000-0001-6960-9904"")),
    person(""Jamie"", ""Wallis"", role = ""ctb"", comment = c(ORCID = ""0000-0003-2765-3813""))
    )",NA,https://github.com/amices/ggmice,NA,NA,NA,NA,NA,NA,NA,NA,NA,NA,NA,NA,NA,NA,NA,'ggmice' authors,NA,2023-08-07 14:20:02 UTC,"Enhance a 'mice' imputation workflow with visualizations for
    incomplete and/or imputed data. The plotting functions produce
    'ggplot' objects which may be easily manipulated or extended. Use
    'ggmice' to inspect missing data, develop imputation models, evaluate
    algorithmic convergence, or compare observed versus imputed data.",UTF-8,NA,NA,NA,NA,NA,NA,Hanne Oberman <h.i.oberman@uu.nl>,NA,2023-08-07 13:33:30 UTC; 4216318,NA,NA,NA,NA,Visualizations for 'mice' with 'ggplot2',NA,"https://github.com/amices/ggmice, https://amices.org/,
https://amices.org/ggmice/",NA,knitr,NA,NA,NA,2023-08-07,NA,NA,NA,NA,NA,NA,10.32614/CRAN.package.ggmice,TRUE,TRUE,TRUE,FALSE,2
GGMncv,2.1.1,NA,R (>= 4.0.0),"Rcpp (>= 1.0.4.6), Rdpack (>= 0.11-1), reshape, GGally (>=
1.4.0), ggplot2 (>= 3.3.0), glassoFast (>= 1.0), network (>=
1.15), numDeriv (>= 2016.8-1.1), mathjaxr (>= 1.0-1), MASS (>=
7.3-51.5), methods, parallel, pbapply, sna (>= 2.5), stats,
utils","Rcpp, RcppArmadillo","car, corpcor, corrplot, dplyr, NetworkToolbox,
NetworkComparisonTest, nlshrink, rmarkdown, knitr",NA,GPL-2,NA,NA,NA,NA,cf6845b7bd9590f7e705c8685f37032e,yes,NA,"Donald Williams [aut, cre]","person(""Donald"", ""Williams"", email = ""drwwilliams@ucdavis.edu"", role = c(""aut"", ""cre""))",NA,https://github.com/donaldRwilliams/GGMncv/issues,NA,NA,NA,NA,NA,NA,NA,NA,NA,NA,NA,NA,NA,NA,NA,NA,2021-12-13,2021-12-15 07:40:28 UTC,"Estimate Gaussian graphical models with nonconvex penalties <doi:10.31234/osf.io/ad57p>, 
  including the atan Wang and Zhu (2016) <doi:10.1155/2016/6495417>, 
  seamless L0 Dicker, Huang, and Lin (2013) <doi:10.5705/ss.2011.074>,
  exponential Wang, Fan, and Zhu <doi:10.1007/s10463-016-0588-3>, 
  smooth integration of counting and absolute deviation Lv and Fan (2009) <doi:10.1214/09-AOS683>,
  logarithm Mazumder, Friedman, and Hastie (2011) <doi:10.1198/jasa.2011.tm09738>,
  Lq, smoothly clipped absolute deviation Fan and Li (2001) <doi:10.1198/016214501753382273>,
  and minimax concave penalty Zhang (2010) <doi:10.1214/09-AOS729>. There are also extensions
  for computing variable inclusion probabilities, multiple regression coefficients, and 
  statistical inference <doi:10.1214/15-EJS1031>.",UTF-8,NA,NA,true,NA,NA,NA,Donald Williams <drwwilliams@ucdavis.edu>,NA,2021-12-14 12:42:28 UTC; bryce,"Rdpack, mathjaxr",NA,NA,NA,Gaussian Graphical Models with Nonconvex Regularization,Package,NA,NA,knitr,NA,NA,NA,2021-12-15,NA,"GGMnonreg, IRCcheck",NA,bootnet,NA,NA,10.32614/CRAN.package.GGMncv,TRUE,TRUE,FALSE,TRUE,2
GGMnonreg,1.0.0,NA,R (>= 4.0.0),"Rdpack, bestglm, GGally, network, sna, Matrix, poibin,
parallel, doParallel, foreach, corpcor, psych, MASS, stats,
methods, ggplot2, GGMncv",NA,qgraph,NA,GPL-2,NA,NA,NA,NA,0c363000f262db3efb1966cc9a318eef,no,NA,"Donald Williams [aut, cre]","person(""Donald"", ""Williams"", email = ""drwwilliams@ucdavis.edu"", role = c(""aut"", ""cre""))",NA,NA,NA,NA,NA,NA,NA,NA,NA,NA,NA,NA,NA,NA,NA,NA,NA,NA,2021-04-02,2021-04-08 11:30:06 UTC,"Estimate non-regularized Gaussian graphical models, Ising models, 
  and mixed graphical models. The current methods consist of multiple regression, 
  a non-parametric bootstrap  <doi:10.1080/00273171.2019.1575716>, and Fisher z 
  transformed partial correlations <doi:10.1111/bmsp.12173>. Parameter uncertainty, 
  predictability, and network replicability <doi:10.31234/osf.io/fb4sa> are also implemented.",UTF-8,NA,NA,true,NA,NA,NA,Donald Williams <drwwilliams@ucdavis.edu>,NA,2021-04-07 12:19:13 UTC; Donny,Rdpack,NA,NA,NA,Non-Regularized Gaussian Graphical Models,Package,NA,NA,NA,NA,NA,NA,2021-04-08,NA,NA,NA,NA,NA,NA,10.32614/CRAN.package.GGMnonreg,TRUE,TRUE,FALSE,FALSE,1
ggmosaic,0.3.3,NA,"ggplot2 (>= 3.3.0), R (>= 3.5.0)","productplots, dplyr, plotly (>= 4.5.5), purrr, rlang, tidyr,
ggrepel, scales",NA,"gridExtra, knitr, NHANES, rmarkdown, patchwork",NA,GPL (>= 2),NA,NA,NA,NA,b877c91ccb3b55cf7e90c02a7b5bd927,no,NA,"Haley Jeppson [aut, cre],
  Heike Hofmann [aut],
  Di Cook [aut],
  Hadley Wickham [ctb]","
    c(person(given = ""Haley"",
             family = ""Jeppson"",
             role = c(""aut"", ""cre""),
             email = ""hjeppson@iastate.edu""),
      person(given = ""Heike"",
             family = ""Hofmann"",
             role = ""aut"",
             email = ""hofmann@iastate.edu""),
      person(given = ""Di"",
             family = ""Cook"",
             role = ""aut"",
             email = ""dicook@monash.edu""),
      person(given = ""Hadley"",
             family = ""Wickham"",
             role = ""ctb"",
             email = ""hadley@rstudio.com""))",NA,https://github.com/haleyjeppson/ggmosaic,NA,NA,NA,NA,NA,NA,NA,NA,NA,NA,NA,NA,NA,NA,NA,NA,NA,2021-02-23 19:50:02 UTC,"Mosaic plots in the 'ggplot2' framework. Mosaic
    plot functionality is provided in a single 'ggplot2' layer by calling
    the geom 'mosaic'.",UTF-8,NA,NA,true,NA,NA,NA,Haley Jeppson <hjeppson@iastate.edu>,NA,2021-02-11 18:14:50 UTC; haley,NA,NA,NA,NA,Mosaic Plots in the 'ggplot2' Framework,NA,https://github.com/haleyjeppson/ggmosaic,NA,knitr,NA,NA,NA,2021-02-23,teal.modules.general,"alookr, BEAMR, CGPfunctions",NA,"duke, iNZightPlots",NA,NA,10.32614/CRAN.package.ggmosaic,TRUE,TRUE,TRUE,FALSE,2
ggmugs,0.6.0,NA,NA,"data.table, dplyr, ggplot2, purrr, tibble, tidyr",NA,"spelling, testthat (>= 3.0.0)",NA,MIT + file LICENSE,NA,NA,NA,NA,f36950b166611dda6cfd74cae7621b49,no,NA,"Wanjun Gu [aut, cre] (<https://orcid.org/0000-0002-7342-7000>)","
    person(""Wanjun"", ""Gu"", , ""wanjun.gu@ucsf.edu"", role = c(""aut"", ""cre""),
           comment = c(ORCID = ""0000-0002-7342-7000""))",NA,NA,NA,NA,NA,NA,NA,NA,NA,NA,NA,NA,NA,NA,NA,NA,NA,NA,NA,2024-05-07 08:00:07 UTC,"A 'grammar of graphics' approach for visualizing summary statistics from multiple Genome-wide Association Studies (GWAS). It offers geneticists, bioinformaticians, and researchers a powerful yet flexible tool for illustrating complex genetic associations using data from various GWAS datasets. The visualizations can be extensively customized, facilitating detailed comparative analysis across different genetic studies. Reference: Uffelmann, E. et al. (2021) <doi:10.1038/s43586-021-00056-9>.",UTF-8,NA,en-US,NA,NA,NA,NA,Wanjun Gu <wanjun.gu@ucsf.edu>,NA,2024-05-06 19:14:04 UTC; wanjun,NA,NA,NA,NA,"Visualization of Multiple Genome-Wide Association Study Summary
Statistics",Package,NA,NA,NA,NA,NA,NA,2024-05-07,NA,NA,NA,NA,NA,NA,10.32614/CRAN.package.ggmugs,TRUE,TRUE,FALSE,FALSE,1
ggmuller,0.5.6,NA,R (>= 3.2.0),"dplyr (>= 0.7.0), ggplot2, ape",NA,"RColorBrewer, knitr, rmarkdown",NA,MIT + file LICENSE,NA,NA,NA,NA,d69d1bf491d756b6e131d2b9fabe1b1d,no,NA,"Robert Noble [aut, cre] (<https://orcid.org/0000-0002-8057-4252>)","person(""Robert"", ""Noble"", email = ""robjohnnoble@gmail.com"", role = c(""aut"", ""cre""), comment = c(ORCID = ""0000-0002-8057-4252""))",NA,NA,NA,NA,NA,NA,NA,NA,NA,NA,NA,NA,NA,NA,NA,NA,NA,NA,NA,2023-02-12 11:50:02 UTC,"Create plots that combine a phylogeny and frequency dynamics.
    Phylogenetic input can be a generic adjacency matrix or a tree of class ""phylo"".
    Inspired by similar plots in publications of the labs of RE Lenski and JE
    Barrick. Named for HJ Muller (who popularised such plots) and H Wickham (whose
    code this package exploits).",UTF-8,NA,NA,true,NA,NA,NA,Robert Noble <robjohnnoble@gmail.com>,NA,2023-02-12 11:33:53 UTC; robert,NA,NA,NA,NA,Create Muller Plots of Evolutionary Dynamics,NA,NA,NA,knitr,NA,NA,NA,2023-02-12,NA,NA,NA,NA,NA,NA,10.32614/CRAN.package.ggmuller,TRUE,TRUE,FALSE,FALSE,1
ggmulti,1.0.7,NA,"R (>= 3.4.0), methods, ggplot2","stats, utils, grid, dplyr, tidyr, cli",NA,"png, tools, stringr, markdown, magrittr, gridExtra, tibble,
testthat, grDevices, knitr, rmarkdown, tidyverse, gtable, covr,
maps, nycflights13, ggplot2movies",NA,GPL-2,NA,NA,NA,NA,120cf3a090715b7fc0fca92e3696513b,no,NA,"Zehao Xu [aut, cre],
  R. Wayne Oldford [aut]","c(
  person('Zehao', 'Xu', email = 'z267xu@gmail.com', role = c(""aut"", ""cre"")),
  person('R. Wayne', 'Oldford', email = 'rwoldford@uwaterloo.ca', role = c(""aut""))
  )",NA,NA,NA,NA,NA,NA,NA,NA,NA,NA,NA,NA,NA,NA,NA,NA,NA,NA,NA,2024-04-09 09:40:05 UTC,"It provides materials (i.e. 'serial axes' objects, Andrew's plot, various glyphs for scatter plot) to visualize high dimensional data. ",UTF-8,NA,en-US,true,NA,NA,NA,Zehao Xu <z267xu@gmail.com>,NA,2024-04-08 13:22:24 UTC; zehaoxu,NA,NA,NA,NA,High Dimensional Data Visualization,Package,NA,NA,knitr,NA,NA,NA,2024-04-09,loon.ggplot,diveR,NA,loon.shiny,NA,NA,10.32614/CRAN.package.ggmulti,TRUE,TRUE,FALSE,FALSE,1
ggnetwork,0.5.13,NA,"R (>= 3.5), ggplot2 (>= 2.0.0)","ggrepel (>= 0.5), network, igraph, sna, utils",NA,"knitr, rmarkdown, testthat",NA,GPL-3,NA,NA,NA,NA,d65ad1b00fb6fef73dca03841285b5d8,no,NA,"François Briatte [aut, cre] (<https://orcid.org/0000-0001-6494-9774>),
  Michał Bojanowski [ctb] (<https://orcid.org/0000-0001-7503-852X>),
  Mickaël Canouil [ctb] (<https://orcid.org/0000-0002-3396-4549>),
  Zachary Charlop-Powers [ctb] (<https://orcid.org/0000-0001-8816-4680>),
  Jacob C. Fisher [ctb] (<https://orcid.org/0000-0003-0299-0346>),
  Kipp Johnson [ctb] (<https://orcid.org/0000-0002-5102-741X>),
  Tyler Rinker [ctb]","c(
  person(""François"", ""Briatte"", email = ""f.briatte@gmail.com"", role = c(""aut"", ""cre""), comment = c(ORCID = ""0000-0001-6494-9774"")),
  person(""Michał"", ""Bojanowski"", role = ""ctb"", comment = c(ORCID = ""0000-0001-7503-852X"")),
  person(""Mickaël"", ""Canouil"", role = ""ctb"", comment = c(ORCID = ""0000-0002-3396-4549"")),
  person(""Zachary"", ""Charlop-Powers"", role = ""ctb"", comment = c(ORCID = ""0000-0001-8816-4680"")),
  person(""Jacob C."", ""Fisher"", role = ""ctb"", comment = c(ORCID = ""0000-0003-0299-0346"")),
  person(""Kipp"", ""Johnson"", role = ""ctb"", comment = c(ORCID = ""0000-0002-5102-741X"")),
  person(""Tyler"", ""Rinker"", role = ""ctb"")
  )",NA,https://github.com/briatte/ggnetwork/issues,NA,NA,NA,NA,NA,NA,NA,NA,NA,NA,NA,"'utilities.R' 'fortify-igraph.R' 'fortify-network.R'
'geom-nodes.R' 'geom-edges.R' 'ggnetwork.R'",NA,NA,NA,NA,2024-02-14,2024-02-14 11:20:02 UTC,Geometries to plot network objects with 'ggplot2'.,UTF-8,NA,NA,NA,NA,NA,NA,François Briatte <f.briatte@gmail.com>,NA,2024-02-14 10:17:48 UTC; fr,NA,NA,NA,NA,Geometries to Plot Networks with 'ggplot2',Package,https://github.com/briatte/ggnetwork,NA,knitr,NA,NA,NA,2024-02-14,pkggraph,"BasketballAnalyzeR, BioM2, BioNERO, calmr, CeTF, ecostate, genBaRcode, inferCSN, netmap, phyloseqGraphTest, syntenet",NA,"fssemR, nosoi, rcausim",NA,NA,10.32614/CRAN.package.ggnetwork,TRUE,TRUE,TRUE,FALSE,2
ggnewscale,0.5.1,NA,NA,ggplot2 (>= 3.5.0),NA,"testthat, vdiffr, covr",NA,GPL-3,NA,NA,NA,NA,8471b7afd720d147b8ef23682a01eef6,no,NA,"Elio Campitelli [cre, aut] (<https://orcid.org/0000-0002-7742-9230>)","
    person(given = ""Elio"",
           family = ""Campitelli"",
           role = c(""cre"", ""aut""),
           email = ""eliocampitelli@gmail.com"",
           comment = c(ORCID = ""0000-0002-7742-9230""))",NA,https://github.com/eliocamp/ggnewscale/issues,NA,NA,NA,NA,NA,NA,NA,NA,NA,NA,NA,NA,NA,NA,NA,NA,NA,2025-02-24 09:00:02 UTC,Use multiple fill and colour scales in 'ggplot2'.,UTF-8,NA,en-GB,NA,NA,NA,NA,Elio Campitelli <eliocampitelli@gmail.com>,NA,2025-02-24 08:22:45 UTC; elio,NA,NA,NA,NA,Multiple Fill and Colour Scales in 'ggplot2',NA,"https://eliocamp.github.io/ggnewscale/,
https://github.com/eliocamp/ggnewscale",NA,NA,NA,NA,NA,2025-02-24,NA,"AdverseEvents, bartMan, BatchQC, bulkAnalyseR, clevRvis, ClustAssess, cmcR, CommKern, conformalInference.fd, cosimmr, DESpace, diffEnrich, enrichplot, FlowSOM, foqat, ggbrain, ggDoubleHeat, ggpie, ggtreeExtra, hidecan, layer, LinTInd, malariaAtlas, MetaNet, MetricGraph, miaViz, NeuralSens, pctax, PepMapViz, phylepic, plotdap, plotthis, ProAE, QurvE, rbiom, RCPA, ReporterScore, SeaVal, sephora, spicyR, statgenHTP, TOP, TransProR, treeclimbR, treeheatr, tricycle, UNCOVER, viscomp, vivid, Voyager",NA,"Certara.VPCResults, ClassifyR, cvms, fddm, genekitr, ggblend, ggfun, ggmsa, ggOceanMaps, ggpolar, ggprism, ggsc, ggtangle, ICvectorfields, MARVEL, MicrobiotaProcess, robustmatrix, SCpubr, simmr, SpaNorm, tensorEVD",NA,NA,10.32614/CRAN.package.ggnewscale,TRUE,TRUE,TRUE,FALSE,2
ggnormalviolin,0.1.2,NA,NA,"dplyr, ggplot2, grid, magrittr, scales",NA,spelling,NA,CC0,NA,NA,NA,NA,92025efe492c1a1b8c8b367cbc8434a9,no,NA,"W. Joel Schneider [aut, cre] (<https://orcid.org/0000-0002-8393-5316>)","
    person(given = ""W. Joel"",
           family = ""Schneider"",
           role = c(""aut"", ""cre""),
           email = ""w.joel.schneider@gmail.com"",
           comment = c(ORCID = ""0000-0002-8393-5316""))",NA,https://github.com/wjschne/ggnormalviolin/issues,NA,NA,NA,NA,NA,NA,NA,NA,NA,NA,NA,NA,NA,NA,NA,NA,NA,2019-05-27 18:10:03 UTC,"Uses 'ggplot2' to create normally distributed
    violin plots with specified means and standard deviations. This
    function can be useful in showing hypothetically normal distributions
    and confidence intervals.",UTF-8,NA,en-US,true,NA,NA,NA,W. Joel Schneider <w.joel.schneider@gmail.com>,NA,2019-05-27 17:57:40 UTC; renee,NA,NA,NA,NA,A 'ggplot2' Extension to Make Normal Violin Plots,NA,https://github.com/wjschne/ggnormalviolin,NA,NA,NA,NA,NA,2019-05-27,NA,unusualprofile,NA,NA,NA,NA,10.32614/CRAN.package.ggnormalviolin,TRUE,TRUE,TRUE,FALSE,2
ggnuplot,0.1.0,NA,NA,ggplot2,NA,NA,NA,MIT + file LICENSE,NA,NA,NA,NA,381db9627f050e48bb69b6469957124b,no,NA,"Hannes Riebl [aut, cre]","c(
    person(""Hannes"", ""Riebl"", , ""hriebl@uni-goettingen.de"", c(""aut"", ""cre""))
    )",NA,NA,NA,NA,NA,NA,NA,NA,NA,NA,NA,NA,NA,NA,NA,NA,NA,NA,NA,2020-06-04 13:50:06 UTC,"Provides a theme, a discrete color palette, and continuous scales
    to make 'ggplot2' look like 'gnuplot'. This may be helpful if you use both
    'ggplot2' and 'gnuplot' in one project.",UTF-8,NA,NA,true,NA,NA,NA,Hannes Riebl <hriebl@uni-goettingen.de>,NA,2020-06-01 14:52:18 UTC; hannes,NA,NA,NA,NA,Make 'ggplot2' Look Like 'gnuplot',NA,https://github.com/hriebl/ggnuplot,NA,NA,NA,NA,NA,2020-06-04,NA,NA,NA,NA,NA,NA,10.32614/CRAN.package.ggnuplot,TRUE,TRUE,TRUE,FALSE,2
ggOceanMaps,2.2.0,NA,"R (>= 3.5.0), ggplot2","sf, stars, methods, utils, smoothr, units",NA,"ggspatial, cowplot, knitr, rmarkdown, scales, ggnewscale",NA,GPL-3,NA,NA,NA,NA,93f1d9518f3475417a309bbc1bbf4386,no,NA,"Mikko Vihtakari [aut, cre] (Institute of Marine Research,
    <https://orcid.org/0000-0003-0371-4319>),
  Roger Bivand [ctb],
  Hadley Wickham [ctb]","c(person(""Mikko"", ""Vihtakari"", email = ""mikko.vihtakari@hi.no"",
                  role = c(""aut"", ""cre""), 
                  comment = c(affiliation = ""Institute of Marine Research"", 
                  ORCID = ""0000-0003-0371-4319"")),
             person(""Roger"", ""Bivand"", role = ""ctb""),
             person(""Hadley"", ""Wickham"", role = ""ctb"")
            )",NA,https://github.com/MikkoVihtakari/ggOceanMaps/issues,NA,NA,NA,NA,NA,NA,NA,NA,NA,NA,NA,NA,NA,NA,NA,NA,2024-01-15,2024-01-15 13:10:05 UTC,"Allows plotting data on bathymetric maps using 'ggplot2'. Plotting
  oceanographic spatial data is made as simple as feasible, but also flexible
  for custom modifications. Data that contain geographic information from 
  anywhere around the globe can be plotted on maps generated by the basemap()
  or qmap() functions using 'ggplot2' layers separated by the '+' operator. The 
  package uses spatial shape- ('sf') and raster ('stars') files, geospatial 
  packages for R to manipulate, and the 'ggplot2' package to plot these 
  files. The package ships with low-resolution spatial data files and 
  higher resolution files for detailed maps are stored in the 
  'ggOceanMapsLargeData' repository on GitHub and downloaded automatically 
  when needed. ",UTF-8,NA,NA,true,xz,NA,NA,Mikko Vihtakari <mikko.vihtakari@hi.no>,NA,2024-01-15 10:56:44 UTC; a22357,NA,NA,NA,NA,Plot Data on Oceanographic Maps using 'ggplot2',Package,https://mikkovihtakari.github.io/ggOceanMaps/,NA,NA,NA,NA,NA,2024-01-15,NA,NA,NA,NA,NA,NA,10.32614/CRAN.package.ggOceanMaps,TRUE,TRUE,TRUE,FALSE,2
ggokabeito,0.1.0,NA,R (>= 4.0.0),"ggplot2, grDevices",NA,"covr, ggraph, igraph, spelling, testthat (>= 3.0.0), vdiffr",NA,MIT + file LICENSE,NA,NA,NA,NA,c1b67dfd055b86f902e58fadd1882d6f,no,NA,"Malcolm Barrett [aut, cre] (<https://orcid.org/0000-0003-0299-5825>)","
    person(""Malcolm"", ""Barrett"", , ""malcolmbarrett@gmail.com"", role = c(""aut"", ""cre""),
           comment = c(ORCID = ""0000-0003-0299-5825""))",NA,https://github.com/malcolmbarrett/ggokabeito/issues,NA,NA,NA,NA,NA,NA,NA,NA,NA,NA,NA,NA,NA,NA,NA,NA,NA,2021-10-18 14:40:04 UTC,"Discrete scales for the colorblind-friendly 'Okabe-Ito'
    palette, including 'color', 'fill', and 'edge_colour'. 'ggokabeito'
    provides 'ggplot2' and 'ggraph' scales to easily use the 'Okabe-Ito'
    palette in your data visualizations.",UTF-8,NA,en-US,NA,NA,NA,NA,Malcolm Barrett <malcolmbarrett@gmail.com>,NA,2021-10-15 19:30:07 UTC; malcolmbarrett,NA,NA,NA,NA,'Okabe-Ito' Scales for 'ggplot2' and 'ggraph',NA,"https://github.com/malcolmbarrett/ggokabeito,
https://malcolmbarrett.github.io/ggokabeito/",NA,NA,NA,NA,NA,2021-10-18,NA,"gratia, tsnet",NA,marginaleffects,NA,NA,10.32614/CRAN.package.ggokabeito,TRUE,TRUE,TRUE,FALSE,2
ggordiplots,0.4.3,NA,"R (>= 3.2.0), ggplot2 (>= 3.0.0), vegan (>= 2.5-2), glue",NA,NA,"formatR, permute, lattice, knitr, rmarkdown",NA,GPL (>= 2),NA,NA,NA,NA,7db045025c5a969effd66c8250548231,no,NA,"John Quensen [aut, cre, cph] (<https://orcid.org/0000-0002-7669-1595>),
  Gavin Simpson [aut],
  Jari Oksanen [aut]","c(person(""John"", ""Quensen"", email = ""quensenj@msu.edu"", role = c(""aut"", ""cre"", ""cph""), comment = c(ORCID = ""0000-0002-7669-1595"")),
           person(""Gavin"", ""Simpson"", role = ""aut""),
           person(""Jari"", ""Oksanen"", role = ""aut""))",NA,https://github.com/jfq3/ggordiplots/issues,NA,NA,NA,NA,NA,NA,NA,NA,NA,NA,NA,NA,NA,NA,NA,NA,NA,2024-01-14 16:10:02 UTC,"The 'vegan' package includes several functions for adding features
  to ordination plots: ordiarrows(),  ordiellipse(), ordihull(),
  ordispider() and ordisurf(). This package adds these same   features to 
  ordination plots made with 'ggplot2'. In addition, gg_ordibubble() sizes
  points relative to the value of an environmental variable. ",UTF-8,NA,NA,NA,NA,NA,NA,John Quensen <quensenj@msu.edu>,NA,2024-01-14 15:51:25 UTC; johnq,NA,NA,NA,NA,Make 'ggplot2' Versions of Vegan's Ordiplots,Package,https://github.com/jfq3/ggordiplots,NA,knitr,NA,NA,NA,2024-01-14,NA,NA,NA,NA,NA,NA,10.32614/CRAN.package.ggordiplots,TRUE,TRUE,TRUE,FALSE,2
GGoutlieR,1.0.2,NA,R (>= 3.5.0),"stats4, FastKNN, foreach, doParallel, parallel, scales,
RColorBrewer, ggforce, rlang, stats, tidyr, utils,
rnaturalearth, sf, ggplot2, cowplot",NA,rnaturalearthdata,NA,MIT + file LICENSE,NA,NA,NA,NA,36f89e9b484a1cbb66242e48d5db6b57,no,NA,"Che-Wei Chang [aut, cre] (<https://orcid.org/0000-0001-6704-3732>),
  Karl Schmid [ths] (<https://orcid.org/0000-0001-5129-895X>)","
  c(person(given = ""Che-Wei"",
           family = ""Chang"",
           role = c(""aut"", ""cre""),
           email = ""cheweichang92@gmail.com"",
           comment = c(ORCID = ""0000-0001-6704-3732"")),
    person(given = ""Karl"",
           family = ""Schmid"",
           role = c(""ths""),
           email = ""karl.schmid@uni-hohenheim.de"",
           comment = c(ORCID = ""0000-0001-5129-895X""),
           ))",NA,NA,NA,NA,NA,NA,NA,NA,NA,NA,NA,NA,NA,NA,NA,NA,NA,NA,NA,2023-10-15 21:50:18 UTC,Identify and visualize individuals with unusual association patterns of genetics and geography using the approach of Chang and Schmid (2023) <doi:10.1101/2023.04.06.535838>. It detects potential outliers that violate the isolation-by-distance assumption using the K-nearest neighbor approach. You can obtain a table of outliers with statistics and visualize unusual geo-genetic patterns on a geographical map. This is useful for landscape genomics studies to discover individuals with unusual geography and genetics associations from a large biological sample.,UTF-8,NA,NA,true,NA,NA,NA,Che-Wei Chang <cheweichang92@gmail.com>,NA,2023-10-15 20:48:51 UTC; user,NA,NA,NA,NA,Identify Individuals with Unusual Geo-Genetic Patterns,Package,NA,NA,NA,NA,NA,NA,2023-10-15,NA,NA,NA,NA,NA,NA,10.32614/CRAN.package.GGoutlieR,TRUE,TRUE,FALSE,FALSE,1
ggpackets,0.2.1,NA,"R (>= 3.1.0), ggplot2","utils, methods, rlang",NA,"testthat, dplyr, backports, knitr, rmarkdown, stringi, covr",NA,MIT + file LICENSE,NA,NA,NA,NA,88ff03fd1f152e2bd1ee430faf666d54,no,NA,"Doug Kelkhoff [aut, cre]","
    person(""Doug"", ""Kelkhoff"",
        email = ""doug.kelkhoff@gmail.com"",
        role = c(""aut"", ""cre""))",NA,https://github.com/dgkf/ggpackets/issues,NA,NA,NA,NA,NA,NA,NA,NA,NA,NA,NA,NA,NA,NA,NA,NA,NA,2022-10-10 23:30:02 UTC,"
    Create groups of 'ggplot2' layers that can be easily migrated from one plot
    to another, reducing redundant code and improving the ability to format many
    plots that draw from the same source 'ggpacket' layers.",UTF-8,NA,NA,NA,NA,NA,NA,Doug Kelkhoff <doug.kelkhoff@gmail.com>,NA,2022-10-10 23:22:33 UTC; root,NA,NA,NA,NA,Package Plot Layers for Easier Portability and Modularization,NA,"https://github.com/dgkf/ggpackets,
https://dgkf.github.io/ggpackets/",NA,knitr,NA,NA,NA,2022-10-10,NA,NA,NA,NA,NA,NA,10.32614/CRAN.package.ggpackets,TRUE,TRUE,TRUE,FALSE,2
ggpage,0.2.3,NA,R (>= 3.0.0),"dplyr, ggplot2 (>= 2.0.0), magrittr, purrr, rlang, stringr,
tidytext (>= 0.1.0)",NA,"covr, knitr, rmarkdown, testthat",NA,MIT + file LICENSE,NA,NA,NA,NA,487ba98d0df0b51fe72e15bb04a25af3,no,NA,"Emil Hvitfeldt [aut, cre]","
    person(given = ""Emil"",
           family = ""Hvitfeldt"",
           role = c(""aut"", ""cre""),
           email = ""emilhhvitfeldt@gmail.com"")",NA,https://github.com/EmilHvitfeldt/ggpage/issues,NA,NA,NA,NA,NA,NA,NA,NA,NA,NA,NA,NA,NA,NA,NA,NA,NA,2019-06-13 20:30:03 UTC,"Facilitates the creation of page layout
    visualizations in which words are represented as rectangles with sizes
    relating to the length of the words. Which then is divided in lines
    and pages for easy overview of up to quite large texts.",UTF-8,NA,NA,true,NA,NA,NA,Emil Hvitfeldt <emilhhvitfeldt@gmail.com>,NA,2019-06-13 20:08:54 UTC; emilhvitfeldthansen,NA,NA,NA,NA,Creates Page Layout Visualizations,Package,https://github.com/EmilHvitfeldt/ggpage,NA,knitr,NA,NA,NA,2019-06-13,NA,NA,NA,NA,NA,NA,10.32614/CRAN.package.ggpage,TRUE,TRUE,FALSE,FALSE,1
ggparallel,0.4.0,NA,"R (>= 3.5.0), ggplot2 (>= 3.5.0)","reshape2 (>= 1.4.4), plyr (>= 1.8.9)",NA,"RColorBrewer, testthat (>= 3.0.0)",NA,MIT + file LICENSE,NA,NA,NA,NA,cc7cd58074a4be4ac1cc4508fadfe784,no,NA,"Heike Hofmann [aut, cre] (<https://orcid.org/0000-0001-6216-5183>),
  Marie Vendettuoli [aut]","c(
      person(""Heike"", ""Hofmann"", , ""hofmann@mail.iastate.edu"",c(""aut"", ""cre""),
             comment = c(ORCID = ""0000-0001-6216-5183"")),
      person(""Marie"",""Vendettuoli"", role=""aut"")
      )",NA,https://github.com/heike/ggparallel/issues/,NA,NA,NA,NA,NA,NA,NA,NA,NA,NA,NA,NA,NA,NA,NA,NA,2024-03-09,2024-03-09 22:00:02 UTC,"Create hammock plots, parallel sets, and common angle plots
    with 'ggplot2'.",UTF-8,NA,NA,true,NA,NA,NA,Heike Hofmann <hofmann@mail.iastate.edu>,NA,2024-03-09 20:07:53 UTC; hofmann,NA,NA,NA,NA,Variations of Parallel Coordinate Plots for Categorical Data,NA,"https://github.com/heike/ggparallel/,
https://heike.github.io/ggparallel/",NA,NA,NA,NA,NA,2024-03-09,NA,NA,NA,NA,NA,NA,10.32614/CRAN.package.ggparallel,TRUE,TRUE,TRUE,FALSE,2
ggparty,1.0.0,NA,"R (>= 3.4.0), ggplot2, partykit","grid, gtable, utils, checkmate, methods, survival, rlang",NA,"testthat, mlbench, AER, coin, vdiffr, knitr, rmarkdown,
pander, MASS, TH.data",NA,GPL-2 | GPL-3,NA,NA,NA,NA,2b862a4e7f501e3ffc16110f78dce616,no,NA,"Martin Borkovec [aut, cre],
  Niyaz Madin [aut],
  Hadley Wickham [ctb],
  Winston Chang [ctb],
  Lionel Henry [ctb],
  Thomas Lin Pedersen [ctb],
  Kohske Takahashi [ctb],
  Claus Wilke [ctb],
  Kara Woo [ctb],
  Hiroaki Yutani [ctb]","c(
  person(""Martin"", ""Borkovec"", role = c(""aut"", ""cre""), email = ""martin.borkovec@skyforge.at""), 
  person(""Niyaz"", ""Madin"", role = c(""aut""), email = ""niyaz.madin@gmail.com""),
  person(""Hadley"", ""Wickham"", role = ""ctb""),
  person(""Winston"", ""Chang"", role = ""ctb""),
  person(""Lionel"", ""Henry"", role = ""ctb""),
  person(""Thomas Lin"", ""Pedersen"", role = ""ctb""),
  person(""Kohske"", ""Takahashi"", role = ""ctb""),
  person(""Claus"", ""Wilke"", role = ""ctb""),
  person(""Kara"", ""Woo"", role = ""ctb""),
  person(""Hiroaki"", ""Yutani"", role = ""ctb"")
  )",NA,https://github.com/martin-borkovec/ggparty/issues,NA,NA,NA,NA,NA,NA,NA,NA,NA,NA,NA,NA,NA,NA,NA,file inst/COPYRIGHTS,NA,2019-07-18 10:54:06 UTC,Extends 'ggplot2' functionality to the 'partykit' package. 'ggparty' provides the necessary tools to create clearly structured and highly customizable visualizations for tree-objects of the class 'party'.,UTF-8,NA,NA,true,NA,NA,NA,Martin Borkovec <martin.borkovec@skyforge.at>,NA,2019-07-15 15:14:50 UTC; Martin,NA,NA,NA,NA,'ggplot' Visualizations for the 'partykit' Package,NA,https://github.com/martin-borkovec/ggparty,NA,knitr,NA,NA,NA,2019-07-18,NA,"coat, eat, fmeffects, gosset, mlr3shiny, StratifiedMedicine, treeheatr",NA,"mlr3viz, scGate",NA,NA,10.32614/CRAN.package.ggparty,TRUE,TRUE,TRUE,FALSE,2
ggpath,1.0.2,NA,R (>= 3.5.0),"backports (>= 1.1.6), cachem (>= 1.0.0), cli (>= 3.0.0),
ggplot2 (>= 3.3.0), grid, magick (>= 2.7.3), memoise (>=
2.0.0), rlang (>= 0.4.11)",NA,"covr (>= 3.5.1), rsvg (>= 2.0), testthat (>= 3.0.0), vdiffr
(>= 1.0.2)",NA,MIT + file LICENSE,NA,NA,NA,NA,f7a3d0bb79295a61c0eb136b61b60996,no,NA,"Sebastian Carl [aut, cre, cph]","
    person(""Sebastian"", ""Carl"", , ""mrcaseb@gmail.com"", role = c(""aut"", ""cre"", ""cph""))",NA,https://github.com/mrcaseb/ggpath/issues,NA,NA,NA,NA,NA,NA,NA,NA,NA,NA,NA,NA,NA,NA,NA,NA,NA,2024-08-20 09:30:02 UTC,"A 'ggplot2' extension that enables robust image grobs in
    panels and theme elements.",UTF-8,NA,NA,NA,NA,NA,NA,Sebastian Carl <mrcaseb@gmail.com>,NA,2024-08-20 08:40:13 UTC; carl,NA,NA,NA,NA,Robust Image Rendering Support for 'ggplot2',NA,"https://github.com/mrcaseb/ggpath,
https://mrcaseb.github.io/ggpath/",NA,NA,NA,NA,NA,2024-08-20,NA,nflplotR,NA,NA,NA,NA,10.32614/CRAN.package.ggpath,TRUE,TRUE,TRUE,TRUE,3
ggpattern,1.1.4,NA,NA,"cli, ggplot2 (>= 3.5.1), glue, grid, gridpattern (>= 1.2.2),
lifecycle, rlang (>= 1.1.3), scales, vctrs",NA,"ambient, dplyr, gganimate, knitr (>= 1.47), magick, mapproj,
maps, png, ragg (>= 1.2.0), readr, rmarkdown (>= 2.27), sf (>=
0.7-3), svglite (>= 2.1.3), testthat (>= 2.1.0), vdiffr (>=
1.0.6)",NA,MIT + file LICENSE,NA,NA,NA,NA,4a3f1edfc14aa910bac1337c9e7e8526,no,NA,"Mike FC [aut],
  Trevor L. Davis [aut, cre] (<https://orcid.org/0000-0001-6341-4639>),
  ggplot2 authors [aut]","c(person(""Mike"", ""FC"", role = ""aut""),
             person(""Trevor L."", ""Davis"", role = c(""aut"", ""cre""),
                    email = ""trevor.l.davis@gmail.com"",
                    comment = c(ORCID = ""0000-0001-6341-4639"")),
             person(""ggplot2 authors"", role = ""aut""))",NA,https://github.com/trevorld/ggpattern/issues,NA,NA,NA,NA,NA,NA,NA,NA,NA,NA,NA,"'a-geom-docs.R' 'aaa-ggplot2-compat-plyr.R'
'aaa-ggplot2-ggplot-global.R' 'aaa-ggplot2-performance.R'
'aaa-ggplot2-scale-manual.R' 'aaa-ggplot2-utilities-grid.R'
'aaa-ggplot2-utilities.R' 'geom-.R' 'geom-rect.R' 'geom-bar.R'
'geom-bin2d.R' 'geom-boxplot.R' 'geom-col.R' 'geom-crossbar.R'
'geom-ribbon.R' 'geom-density.R' 'geom-histogram.R'
'geom-polygon.R' 'geom-map.R' 'geom-sf.R' 'geom-tile.R'
'geom-violin.R' 'ggpattern-defunct.R' 'ggpattern-deprecated.R'
'ggpattern-package.R' 'pattern.R' 'polygon_df.R'
'scale-pattern-alpha.R' 'scale-pattern-auto.R'
'scale-pattern-brewer.R' 'scale-pattern-colour.R'
'scale-pattern-gradient.R' 'scale-pattern-grey.R'
'scale-pattern-hue.R' 'scale-pattern-linetype.R'
'scale-pattern-shape.R' 'scale-pattern-size.R'
'scale-pattern-viridis.R' 'scale-pattern.R' 'zxx.r' 'zzz.R'",NA,NA,NA,NA,NA,2025-01-29 00:30:02 UTC,Provides 'ggplot2' geoms filled with various patterns.  Includes a patterned version of every 'ggplot2' geom that has a region that can be filled with a pattern.  Provides a suite of 'ggplot2' aesthetics and scales for controlling pattern appearances.  Supports over a dozen builtin patterns (every pattern implemented by 'gridpattern') as well as allowing custom user-defined patterns.,UTF-8,NA,NA,NA,NA,NA,NA,Trevor L. Davis <trevor.l.davis@gmail.com>,NA,2025-01-28 23:05:53 UTC; trevor,NA,NA,NA,NA,'ggplot2' Pattern Geoms,Package,"https://github.com/trevorld/ggpattern,
https://trevorldavis.com/R/ggpattern/",NA,"knitr, ragg, rmarkdown",NA,NA,NA,2025-01-29,NA,"novelqualcodes, ProAE, RCPA",NA,"ALDEx2, deeptime, descriptio, designit, tidysdm",NA,NA,10.32614/CRAN.package.ggpattern,TRUE,TRUE,TRUE,FALSE,2
ggpca,0.1.3,NA,NA,"config (>= 0.3.2), golem (>= 0.4.1), shiny (>= 1.8.1.1),
rlang, Rtsne, cowplot, dplyr, ggplot2, umap",NA,"knitr, tibble, rmarkdown",NA,GPL-3,NA,NA,NA,NA,076e83bf2411a9a8a39592cf27fff927,no,NA,"Yaoxiang Li [cre, aut]","person('Yaoxiang', 'Li', email = 'liyaoxiang@outlook.com', role = c('cre', 'aut'))",NA,NA,NA,NA,NA,NA,NA,NA,NA,NA,NA,NA,NA,NA,NA,NA,NA,NA,NA,2025-02-04 03:20:02 UTC,"Provides tools for creating publication-ready dimensionality reduction plots, including Principal Component Analysis (PCA), t-Distributed Stochastic Neighbor Embedding (t-SNE), and Uniform Manifold Approximation and Projection (UMAP). This package helps visualize high-dimensional data with options for custom labels, density plots, and faceting, using the 'ggplot2' framework Wickham (2016) <doi:10.1007/978-3-319-24277-4>.",UTF-8,NA,NA,NA,NA,NA,NA,Yaoxiang Li <liyaoxiang@outlook.com>,NA,2025-02-04 01:38:37 UTC; Bach,NA,NA,NA,NA,"Publication-Ready PCA, t-SNE, and UMAP Plots",NA,NA,NA,knitr,NA,NA,NA,2025-02-04,NA,NA,NA,NA,NA,NA,10.32614/CRAN.package.ggpca,TRUE,TRUE,TRUE,FALSE,2
ggpcp,0.2.0,NA,R (>= 4.1.0),"assertthat (>= 0.2.1), dplyr (>= 1.0.7), ggplot2 (>= 3.3.5),
rlang (>= 0.4.11), tibble (>= 3.1.4), tidyselect (>= 1.1.1),
tidyr (>= 1.1.3)",NA,"knitr, rmarkdown, purrr, testthat, GGally",NA,GPL-3,NA,NA,NA,NA,e0152992c9cb6c8912eabe0b7f2067f2,no,NA,"Heike Hofmann [aut, cre] (<https://orcid.org/0000-0001-6216-5183>),
  Susan VanderPlas [aut] (<https://orcid.org/0000-0002-3803-0972>),
  Yawei Ge [aut]","c(
    person(""Heike"", ""Hofmann"", , ""hofmann@iastate.edu"",
      role = c(""aut"",""cre""), comment = c(ORCID = ""0000-0001-6216-5183"")),
    person(""Susan"", ""VanderPlas"", , ""susan.vanderplas@unl.edu"", c(""aut""),
      comment = c(ORCID = ""0000-0002-3803-0972"")),
    person(""Yawei"", ""Ge"", , ""yaweige@iastate.edu"", c(""aut""))
    )",NA,https://github.com/heike/ggpcp/issues,NA,NA,NA,NA,NA,NA,NA,NA,NA,NA,NA,NA,NA,NA,NA,NA,2022-11-22,2022-11-28 09:30:08 UTC,"Modern Parallel Coordinate Plots have been introduced in the 1980s as 
    a way to visualize arbitrarily many numeric variables. This Grammar of Graphics implementation
    also incorporates categorical variables into the plots in a principled manner. 
    By separating the data managing part from the visual rendering, we give full access
    to the users while keeping the number of parameters manageably low.  ",UTF-8,NA,NA,true,NA,NA,NA,Heike Hofmann <hofmann@iastate.edu>,NA,2022-11-25 16:11:33 UTC; hofmann,NA,NA,NA,NA,Parallel Coordinate Plots in the 'ggplot2' Framework,Package,https://github.com/heike/ggpcp,NA,NA,NA,NA,NA,2022-11-28,NA,NA,NA,Guerry,NA,NA,10.32614/CRAN.package.ggpcp,TRUE,TRUE,FALSE,FALSE,1
ggperiodic,1.0.3,NA,NA,"dplyr, ggplot2, sticky, tidyselect, data.table",NA,"covr, knitr, maps, rmarkdown, testthat",NA,GPL-3,NA,NA,NA,NA,f16c8619cda34ff90e5791d7fc533972,no,NA,"Elio Campitelli [cre, aut] (<https://orcid.org/0000-0002-7742-9230>)","person(""Elio"", ""Campitelli"", email = ""elio.campitelli@cima.fcen.uba.ar"", 
                  role = c(""cre"", ""aut""), comment = c(ORCID = ""https://orcid.org/0000-0002-7742-9230""))",NA,https://github.com/eliocamp/ggperiodic/issues,NA,NA,NA,NA,NA,true,NA,NA,NA,NA,NA,NA,NA,NA,NA,NA,NA,2023-03-22 08:30:06 UTC,Implements methods to plot periodic data in any arbitrary range on the fly.,UTF-8,NA,NA,NA,NA,NA,NA,Elio Campitelli <elio.campitelli@cima.fcen.uba.ar>,NA,2023-03-21 16:23:38 UTC; elio,NA,NA,NA,NA,Easy Plotting of Periodic Data with 'ggplot2',NA,https://github.com/eliocamp/ggperiodic,NA,knitr,NA,NA,NA,2023-03-22,NA,NA,NA,NA,NA,NA,10.32614/CRAN.package.ggperiodic,TRUE,TRUE,FALSE,FALSE,1
ggpie,0.2.5,NA,NA,"dplyr, grDevices, RColorBrewer, scales, tibble, ggnewscale,
ggplot2, ggrepel, magrittr, rlang, utils, stringr",NA,"rmarkdown, cowplot, prettydoc, knitr",NA,MIT + file LICENSE,NA,NA,NA,NA,02cf1b3fe70a94e343140e0520d1258a,no,NA,"Yabing Song [aut, cre]","
    person(given = ""Yabing"",
           family = ""Song"",
           role = c(""aut"", ""cre""),
           email = ""songyb0519@gmail.com"")",NA,NA,NA,NA,NA,NA,NA,NA,NA,NA,NA,NA,NA,NA,NA,NA,NA,NA,NA,2022-11-16 07:40:06 UTC,"Create pie, donut and rose pie plot with 'ggplot2'. ",UTF-8,NA,NA,NA,NA,NA,NA,Yabing Song <songyb0519@gmail.com>,NA,2022-11-15 16:03:37 UTC; syb,NA,NA,NA,NA,"Pie, Donut and Rose Pie Plots",Package,https://github.com/showteeth/ggpie,NA,knitr,NA,NA,NA,2022-11-16,NA,NA,NA,NA,NA,NA,10.32614/CRAN.package.ggpie,TRUE,TRUE,TRUE,FALSE,2
ggplate,0.1.5,NA,R (>= 4.1.0),"dplyr, ggplot2, scales, purrr, rlang, stringr, tidyr, utils,
forcats, farver",NA,"covr, testthat (>= 3.0.0)",NA,MIT + file LICENSE,NA,NA,NA,NA,73dce1828682a1ad021eeb6fc37f5155,no,NA,"Jan-Philipp Quast [aut, cre] (<https://orcid.org/0000-0003-2713-778X>)","person(given = ""Jan-Philipp"",
           family = ""Quast"",
           role = c(""aut"", ""cre""),
           email = ""quast@imsb.biol.ethz.ch"",
           comment = c(ORCID = ""0000-0003-2713-778X""))",NA,https://github.com/jpquast/ggplate/issues,NA,NA,NA,NA,NA,NA,NA,NA,NA,NA,NA,NA,NA,NA,NA,NA,NA,2024-10-01 06:50:07 UTC,Enables users to create simple plots of biological culture plates as well as microplates. Both continuous and discrete values can be plotted onto the plate layout. ,UTF-8,NA,NA,true,NA,NA,NA,Jan-Philipp Quast <quast@imsb.biol.ethz.ch>,NA,2024-09-30 22:17:37 UTC; jan-philippquast,NA,NA,NA,NA,Create Layout Plots of Biological Culture Plates and Microplates,NA,"https://github.com/jpquast/ggplate,
https://jpquast.github.io/ggplate/",NA,NA,NA,NA,NA,2024-10-01,NA,NA,NA,NA,NA,NA,10.32614/CRAN.package.ggplate,TRUE,TRUE,FALSE,FALSE,1
ggplot.multistats,1.0.1,NA,NA,"methods, rlang, scales, hexbin, ggplot2 (>= 3.3.0)",NA,NA,NA,GPL-3,NA,NA,NA,NA,11973f65026616281da1bb9162786090,no,NA,"Philipp Angerer [aut, cre] (<https://orcid.org/0000-0002-0369-2888>)","
    person(given = ""Philipp"",
           family = ""Angerer"",
           role = c(""aut"", ""cre""),
           email = ""phil.angerer@gmail.com"",
           comment = c(ORCID = ""0000-0002-0369-2888""))",NA,https://github.com/flying-sheep/ggplot.multistats/issues,NA,NA,NA,NA,NA,NA,NA,NA,NA,NA,NA,NA,NA,NA,NA,NA,NA,2024-09-25 12:40:10 UTC,"
    Provides the ggplot binning layer stat_summaries_hex(),
    which functions similar to its singular form,
    but allows the use of multiple statistics per bin.
    Those statistics can be mapped to multiple bin aesthetics.",UTF-8,NA,NA,NA,NA,NA,NA,Philipp Angerer <phil.angerer@gmail.com>,NA,2024-09-25 12:16:05 UTC; phil,NA,NA,NA,NA,Multiple Summary Statistics for Binned Stats/Geometries,NA,https://github.com/flying-sheep/ggplot.multistats,NA,NA,NA,NA,NA,2024-09-25,NA,destiny,NA,"dittoSeq, dittoViz",NA,NA,10.32614/CRAN.package.ggplot.multistats,TRUE,TRUE,TRUE,FALSE,2
ggplot2,3.5.1,NA,R (>= 3.5),"cli, glue, grDevices, grid, gtable (>= 0.1.1), isoband,
lifecycle (> 1.0.1), MASS, mgcv, rlang (>= 1.1.0), scales (>=
1.3.0), stats, tibble, vctrs (>= 0.6.0), withr (>= 2.5.0)",NA,"covr, dplyr, ggplot2movies, hexbin, Hmisc, knitr, mapproj,
maps, multcomp, munsell, nlme, profvis, quantreg, ragg (>=
1.2.6), RColorBrewer, rmarkdown, rpart, sf (>= 0.7-3), svglite
(>= 2.1.2), testthat (>= 3.1.2), vdiffr (>= 1.0.6), xml2",sp,MIT + file LICENSE,NA,NA,NA,NA,f2add92370293ac6078f1963427d6ab2,no,NA,"Hadley Wickham [aut] (<https://orcid.org/0000-0003-4757-117X>),
  Winston Chang [aut] (<https://orcid.org/0000-0002-1576-2126>),
  Lionel Henry [aut],
  Thomas Lin Pedersen [aut, cre]
    (<https://orcid.org/0000-0002-5147-4711>),
  Kohske Takahashi [aut],
  Claus Wilke [aut] (<https://orcid.org/0000-0002-7470-9261>),
  Kara Woo [aut] (<https://orcid.org/0000-0002-5125-4188>),
  Hiroaki Yutani [aut] (<https://orcid.org/0000-0002-3385-7233>),
  Dewey Dunnington [aut] (<https://orcid.org/0000-0002-9415-4582>),
  Teun van den Brand [aut] (<https://orcid.org/0000-0002-9335-7468>),
  Posit, PBC [cph, fnd]","c(
    person(""Hadley"", ""Wickham"", , ""hadley@posit.co"", role = ""aut"",
           comment = c(ORCID = ""0000-0003-4757-117X"")),
    person(""Winston"", ""Chang"", role = ""aut"",
           comment = c(ORCID = ""0000-0002-1576-2126"")),
    person(""Lionel"", ""Henry"", role = ""aut""),
    person(""Thomas Lin"", ""Pedersen"", , ""thomas.pedersen@posit.co"", role = c(""aut"", ""cre""),
           comment = c(ORCID = ""0000-0002-5147-4711"")),
    person(""Kohske"", ""Takahashi"", role = ""aut""),
    person(""Claus"", ""Wilke"", role = ""aut"",
           comment = c(ORCID = ""0000-0002-7470-9261"")),
    person(""Kara"", ""Woo"", role = ""aut"",
           comment = c(ORCID = ""0000-0002-5125-4188"")),
    person(""Hiroaki"", ""Yutani"", role = ""aut"",
           comment = c(ORCID = ""0000-0002-3385-7233"")),
    person(""Dewey"", ""Dunnington"", role = ""aut"",
           comment = c(ORCID = ""0000-0002-9415-4582"")),
    person(""Teun"", ""van den Brand"", role = ""aut"",
           comment = c(ORCID = ""0000-0002-9335-7468"")),
    person(""Posit, PBC"", role = c(""cph"", ""fnd""))
  )",NA,https://github.com/tidyverse/ggplot2/issues,NA,NA,NA,NA,NA,NA,NA,NA,NA,NA,NA,"'ggproto.R' 'ggplot-global.R' 'aaa-.R'
'aes-colour-fill-alpha.R' 'aes-evaluation.R'
'aes-group-order.R' 'aes-linetype-size-shape.R'
'aes-position.R' 'compat-plyr.R' 'utilities.R' 'aes.R'
'utilities-checks.R' 'legend-draw.R' 'geom-.R'
'annotation-custom.R' 'annotation-logticks.R' 'geom-polygon.R'
'geom-map.R' 'annotation-map.R' 'geom-raster.R'
'annotation-raster.R' 'annotation.R' 'autolayer.R' 'autoplot.R'
'axis-secondary.R' 'backports.R' 'bench.R' 'bin.R' 'coord-.R'
'coord-cartesian-.R' 'coord-fixed.R' 'coord-flip.R'
'coord-map.R' 'coord-munch.R' 'coord-polar.R'
'coord-quickmap.R' 'coord-radial.R' 'coord-sf.R'
'coord-transform.R' 'data.R' 'docs_layer.R' 'facet-.R'
'facet-grid-.R' 'facet-null.R' 'facet-wrap.R' 'fortify-lm.R'
'fortify-map.R' 'fortify-multcomp.R' 'fortify-spatial.R'
'fortify.R' 'stat-.R' 'geom-abline.R' 'geom-rect.R'
'geom-bar.R' 'geom-bin2d.R' 'geom-blank.R' 'geom-boxplot.R'
'geom-col.R' 'geom-path.R' 'geom-contour.R' 'geom-count.R'
'geom-crossbar.R' 'geom-segment.R' 'geom-curve.R'
'geom-defaults.R' 'geom-ribbon.R' 'geom-density.R'
'geom-density2d.R' 'geom-dotplot.R' 'geom-errorbar.R'
'geom-errorbarh.R' 'geom-freqpoly.R' 'geom-function.R'
'geom-hex.R' 'geom-histogram.R' 'geom-hline.R' 'geom-jitter.R'
'geom-label.R' 'geom-linerange.R' 'geom-point.R'
'geom-pointrange.R' 'geom-quantile.R' 'geom-rug.R' 'geom-sf.R'
'geom-smooth.R' 'geom-spoke.R' 'geom-text.R' 'geom-tile.R'
'geom-violin.R' 'geom-vline.R' 'ggplot2-package.R'
'grob-absolute.R' 'grob-dotstack.R' 'grob-null.R' 'grouping.R'
'theme-elements.R' 'guide-.R' 'guide-axis.R'
'guide-axis-logticks.R' 'guide-axis-stack.R'
'guide-axis-theta.R' 'guide-legend.R' 'guide-bins.R'
'guide-colorbar.R' 'guide-colorsteps.R' 'guide-custom.R'
'layer.R' 'guide-none.R' 'guide-old.R' 'guides-.R'
'guides-grid.R' 'hexbin.R' 'import-standalone-obj-type.R'
'import-standalone-types-check.R' 'labeller.R' 'labels.R'
'layer-sf.R' 'layout.R' 'limits.R' 'margins.R' 'performance.R'
'plot-build.R' 'plot-construction.R' 'plot-last.R' 'plot.R'
'position-.R' 'position-collide.R' 'position-dodge.R'
'position-dodge2.R' 'position-identity.R' 'position-jitter.R'
'position-jitterdodge.R' 'position-nudge.R' 'position-stack.R'
'quick-plot.R' 'reshape-add-margins.R' 'save.R' 'scale-.R'
'scale-alpha.R' 'scale-binned.R' 'scale-brewer.R'
'scale-colour.R' 'scale-continuous.R' 'scale-date.R'
'scale-discrete-.R' 'scale-expansion.R' 'scale-gradient.R'
'scale-grey.R' 'scale-hue.R' 'scale-identity.R'
'scale-linetype.R' 'scale-linewidth.R' 'scale-manual.R'
'scale-shape.R' 'scale-size.R' 'scale-steps.R' 'scale-type.R'
'scale-view.R' 'scale-viridis.R' 'scales-.R' 'stat-align.R'
'stat-bin.R' 'stat-bin2d.R' 'stat-bindot.R' 'stat-binhex.R'
'stat-boxplot.R' 'stat-contour.R' 'stat-count.R'
'stat-density-2d.R' 'stat-density.R' 'stat-ecdf.R'
'stat-ellipse.R' 'stat-function.R' 'stat-identity.R'
'stat-qq-line.R' 'stat-qq.R' 'stat-quantilemethods.R'
'stat-sf-coordinates.R' 'stat-sf.R' 'stat-smooth-methods.R'
'stat-smooth.R' 'stat-sum.R' 'stat-summary-2d.R'
'stat-summary-bin.R' 'stat-summary-hex.R' 'stat-summary.R'
'stat-unique.R' 'stat-ydensity.R' 'summarise-plot.R'
'summary.R' 'theme.R' 'theme-defaults.R' 'theme-current.R'
'utilities-break.R' 'utilities-grid.R' 'utilities-help.R'
'utilities-matrix.R' 'utilities-patterns.R'
'utilities-resolution.R' 'utilities-tidy-eval.R' 'zxx.R'
'zzz.R'",NA,NA,NA,NA,NA,2024-04-23 08:00:08 UTC,"A system for 'declaratively' creating graphics, based on ""The
    Grammar of Graphics"". You provide the data, tell 'ggplot2' how to map
    variables to aesthetics, what graphical primitives to use, and it
    takes care of the details.",UTF-8,NA,NA,true,NA,NA,NA,Thomas Lin Pedersen <thomas.pedersen@posit.co>,NA,2024-04-22 10:39:16 UTC; thomas,NA,NA,NA,NA,Create Elegant Data Visualisations Using the Grammar of Graphics,NA,"https://ggplot2.tidyverse.org,
https://github.com/tidyverse/ggplot2",NA,knitr,NA,NA,NA,2024-04-23,"accessrmd, AFheritability, afmToolkit, alakazam, alookr, AmpliconDuo, Anaconda, Anaquin, AneuFinder, apisensr, applicable, ausplotsR, bacon, BasketballAnalyzeR, bayesDP, bayesnec, bbnet, bde, bhm, biclustermd, bmscstan, bootnet, bpcp, braidReports, bunching, CalibrationCurves, caret, CellNOptR, ceterisParibus, cfda, changepoint.geo, changeS, CHETAH, ChIPQC, chromstaR, circhelp, cjoint, classifierplots, climwin, clustEff, clustrd, CNVrd2, CNVScope, coefplot, cogena, cohorttools, ConconiAnaerobicThresholdTest, ContourFunctions, corkscrew, CoSMoS, CRABS, CrispRVariants, crmPack, Crossover, CRTgeeDR, cummeRbund, curatedBreastData, cystiSim, cytofan, dae, DaMiRseq, dampack, dartR.base, dartR.sim, ddecompose, decompTumor2Sig, DeconRNASeq, Deducer, deltaGseg, DendroSync, DepthProc, DEqMS, DHBins, diathor, diffEnrich, diffeR, DiSCos, dittoSeq, dittoViz, dnn, donutsk, dotwhisker, dowser, dreamlet, dslice, dvqcc, dynr, Eagle, earlywarnings, echoice2, eeptools, egg, embryogrowth, EnhancedVolcano, EnsCat, EpiCurve, episensr, EQUALrepeat, erccdashboard, escheR, extraChIPs, FactoClass, factoextra, Factoshiny, fbroc, findGSEP, FisherEM, flippant, forestmodel, FormulR, freqparcoord, frequency, func2vis, funLBM, gam.hp, gamblers.ruin.gameplay, gapfill, gapmap, garma, GARS, gcerisk, gde, geneHapR, GenericML, genlogis, GenomicOZone, geomtextpath, geotoolsR, GerminaR, gg4way, ggalign, ggallin, ggalluvial, GGally, ggalt, gganimate, ggarrow, ggbeeswarm, ggbio, ggbiplot, ggbuildr, ggcharts, ggcorrplot, ggcyto, ggdemetra, ggdensity, ggedit, ggESDA, ggetho, ggFishPlots, ggfixest, ggfocus, ggforce, ggformula, ggfortify, ggfoundry, gggenomes, ggghost, gggibbous, gggrid, ggh4x, gghalves, ggheatmap, gghighlight, ggHoriPlot, ggimage, gginnards, ggip, ggkegg, gglm, gglorenz, ggmanh, ggmap, ggmapcn, ggmatplot, ggmcmc, ggmosaic, ggmulti, ggnetwork, ggOceanMaps, ggordiplots, ggpackets, ggparallel, ggparty, ggplot2.utils, ggpointless, ggpol, ggpolar, ggpolypath, ggpp, ggpubr, ggragged, ggrain, ggraph, ggraptR, ggrepel, ggseas, ggsector, ggseqplot, ggside, ggspavis, ggspectra, ggsurvey, ggswissmaps, ggtern, ggthemeUL, ggTimeSeries, ggvenn, ggwordcloud, GlarmaVarSel, glmm.hp, glow, GOplot, gpmap, grafify, GRENITS, GSCA, GSD, gstar, Guitar, h5vc, HCmodelSets, HEDA, HelpersMG, HiLDA, hmmTMB, huito, hyperSpec, iarm, iBMQ, iCARH, iCellR, ICSClust, ICSsmoothing, ICtest, idm, ifaTools, IMAS, immunarch, infinitefactor, InSilicoVA, interca, interplot, inti, intSDM, invacost, ioanalysis, IPDfromKM, IsoformSwitchAnalyzeR, itemanalysis, itraxR, IVAS, kayadata, LabApplStat, LambertW, lavaSearch2, lcc, legendry, likert, LinkHD, LinTInd, LipinskiFilters, llbayesireg, lmap, lnmixsurv, localgauss, logihist, longRPart2, loon.ggplot, lotterybr, lsbclust, malariaAtlas, maraca, maser, mccf1, MCMC.OTU, MCMC.qpcr, mcprofile, metacart, metaforest, metapone, methimpute, methodical, methylumi, mgcViz, mhtboot, miaViz, microbiome, MicroNiche, miLAG, MinEDfind, MineICA, mirTarRnaSeq, missRows, MIXFIM, mixKernel, mixOmics, mixopt, MixOptim, MLSeq, mlxR, mnreadR, monocle, MortalityTables, motifTestR, motoRneuron, mrfDepth, MultiGlarmaVarSel, multilevelPSA, MultisiteMediation, MultiTraits, NanoMethViz, NanoStringNCTools, NanoTube, NBLDA, NBtsVarSel, Nebulosa, NetworkChange, ngsReports, NIRStat, nonmem2R, NTLKwIEx, oceanwaves, octad, omada, OptimalRerandExpDesigns, optimos.prime, optrefine, ordr, orgR, overlapping, pafr, PairedData, pAnalysis, PASenseWear, PAsso, PASWR2, PCAtools, perry, personalized, perspectev, phase1PRMD, phase1RMD, phenModel, phenoTest, photosynthesis, phylolm.hp, phyloseqGraphTest, PIUMA, pkggraph, PlasmaMutationDetector, plotBart, plotcli, plothelper, plotly, plotROC, pointRes, powerNLSEM, PPInfer, PPtreeViz, precintcon, predint, primer, PRISMA, ProbBayes, profileR, promotionImpact, PSAboot, PSpower, PupillometryR, pvcurveanalysis, pvldcurve, qqplotr, qreport, quadrupen, quickpsy, r2spss, radiant.data, randomizeR, RATest, RatingScaleReduction, RcmdrPlugin.KMggplot2, RCPA, rdacca.hp, recoup, reinsureR, remaCor, Repliscope, RGraphSpace, rifreg, rioplot, rise, RItools, RMOPI, RNAseqNet, RnaSeqSampleSize, RnBeads, Rnits, robCompositions, robmed, robustHD, RpeakChrom, Rqc, rrecsys, RSA, RSAtools, rSEA, RsSimulx, rtip, RVCompare, rwty, SC.MEB, scater, scatterpie, scDDboost, SCdeconR, schex, scoper, SCOUTer, scRepertoire, SDLfilter, season, SeaVal, SEERaBomb, sensiPhy, sephora, seqsetvis, SetMethods, sgdGMF, shazam, shinyMixR, shinymodels, shinySIR, simaerep, simfit, simmer.plot, simmr, sitree, SKFCPD, SmarterPoland, soc.ca, somspace, SparseBiplots, sparsereg, spqn, ssaBSS, sSNAPPY, ssviz, staRdom, StatMatch, statVisual, success, sugrrants, survHE, survminer, swa, SWMPr, tadar, tanggle, TcGSA, tdr, TeachHist, teal.modules.general, tempted, TestAnaAPP, TestGardener, texmex, textanalyzer, texteffect, tigger, TissueEnrich, TLCAR, TPD, TreeDep, TriMatch, TripleR, TrumpetPlots, tspmeta, twangRDC, usaidplot, useful, ushr, varian, variancePartition, vdg, VectorCodeR, VEwaning, VEwaningVariant, visae, VisualizeSimon2Stage, VizTest, VplotR, vsd, waffle, WebAnalytics, weightr, WRTDStidal, xkcd, Xplortext, xpose, YAPSA","ABACUS, ABHgenotypeR, abmR, abseqR, absorber, abstractr, AcademicThemes, acc, acca, AccelStab, AcceptReject, accrualPlot, accSDA, ACDm, ACE, actel, activAnalyzer, ActivePathways, activPAL, actogrammr, actuaRE, actxps, ADAMgui, ADAPT, adaptiveGPCA, adas.utils, add2ggplot, adegenet, adestr, AdIsMF, adjclust, adjROC, ADMMsigma, adnuts, adobeanalyticsr, adplots, adproclus, adventr, AdverseEvents, aeddo, aedseo, aelab, AeRobiology, AeroSampleR, afcharts, AFFECT, affinitymatrix, affycoretools, AFM, AFR, afttest, agcounts, AgePopDenom, agfh, agricolaeplotr, agriTutorial, agriutilities, AgroR, AgroReg, agrostab, AgroTech, agua, ahnr, AHPWR, AID, aihuman, aimPlot, AIPW, airpart, airship, airt, akc, ale, alevinQC, alien, allestimates, allMT, AlphaBeta, alphahull, AlphaMissenseR, AlphaPart, AlpsNMR, amanida, AMARETTO, ammistability, aMNLFA, amp, AMPLE, amplican, anabel, AnalysisLin, analyzer, AnanseSeurat, Anaquin, andurinha, AnglerCreelSurveySimulation, animalcules, animalEKF, AnimalHabitatNetwork, AnimalSequences, animbook, anipaths, aniSNA, ANN2, AnnoProbe, annotatr, ANOFA, ANOM, anomalize, anomaly, ANOPA, ANOVAIREVA, AnVILBilling, aoristic, APackOfTheClones, APAlyzer, apc, APCI, APCtools, apexcharter, APIS, APL, aplot, aplotExtra, apm, apyramid, AQEval, AquaticLifeHistory, ARCensReg, archeofrag.gui, archeoViz, archiveRetriever, ARCokrig, arcpullr, ARDL, arena2r, arima2, ARPALData, artMS, aRtsy, arulesViz, ASICS, aslib, asmbPLS, ASML, aspline, asremlPlus, ASRgenomics, AssetCorr, ASSIGN, assignPOP, ATACseqTFEA, ATE.ERROR, ATQ, atRisk, atSNP, attrib, audiometry, auditor, audrex, augmentedRCBD, AutoAds, autocogs, autoGO, autohrf, autoimage, automap, autoMrP, autonomics, autoplotly, autoReg, AutoScore, autoScorecard, autoslider.core, autostats, autostsm, autoTS, autovi, AVGAS, AvInertia, aweSOM, aws.wrfsmn, azuremlsdk, BaalChIP, BACCT, backShift, baclava, baggr, baker, bakR, baldur, bamdit, BANDITS, bandle, banter, barcodetrackR, bartcs, bartMan, baseballr, basecallQC, BASiCS, basket, baskexact, batchmix, BatchQC, batchtma, bate, BAwiR, baycn, bayefdr, bayes4psy, bayesAB, bayesammi, bayesassurance, BayesChange, BayesCTDesign, BayesCVI, bayesdfa, bayesEO, BayesERtools, BayesFBHborrow, BayesFM, bayesforecast, BayesGrowth, BayesianFactorZoo, BayesianFitForecast, BayesianMCPMod, BayesianPlatformDesignTimeTrend, BayesianReasoning, bayeslist, BayesMallows, bayesmlogit, BayesMortalityPlus, bayesmove, bayesMRM, BayesMultiMode, BayesOrdDesign, bayesplot, bayespm, BayesPostEst, bayesROE, BayesRS, bayesrules, BayesSenMC, BayesSpace, BayesSurvival, BayesSurvive, BayesTools, bayesvl, bayesWatch, bayesZIB, bayMDS, baystability, bbdetection, BBEST, BCClong, BCEA, Bchron, bcrm, bdc, BDEsize, BDgraph, bdl, bdlim, bdots, bdrc, bdscale, bea.R, beadarray, beadplexr, BEAMR, beastt, beaver, BeeBDC, BeeGUTS, beezdemand, beezdiscounting, behaviorchange, BEKKs, BElikelihood, benchdamic, bennu, Bernadette, besthr, bestSDP, betaclust, betaHMM, BetaPASS, BETS, bettr, BeyondBenford, BFF, bfw, BGGM, BGPhazard, bibliometrix, biblioverlap, biclust, BIGL, bigsnpr, bigstatsr, bigtime, bikm1, billboarder, BinarybalancedCut, BindingSiteFinder, binGroup2, binsreg, bioclim, BiodiversityR, biodosetools, BioGA, biogrowth, bioinactivation, BioM2, BIOMASS, biometryassist, biomod2, BioNAR, BioNERO, BioPET, BioPETsurv, BioPred, bioRad, bioregion, biosampleR, bioSNR, BioStatR, biostats101, BiostatsUHNplus, BioTIMEr, biotmle, BioVizSeq, birdscanR, biscale, bispdep, BiVariAn, BKTR, blandr, Blend, bliss, blocs, BloodCancerMultiOmics2017, BloodGen3Module, blorr, BLRShiny, BLRShiny2, BlueCarbon, bmgarch, bmggum, bmlm, bmstdr, BMTAR, bnma, bnmonitor, BNPdensity, BNPmix, BNSP, BOBaFIT, boiwsa, bolasso, bonsaiforest, bootcluster, bootf2, bootwar, borealis, BoundaryStats, boxfilter, boxly, bp, BPRMeth, BrailleR, branchpointer, brandr, BRBVS, BRcal, BREADR, breakaway, breakDown, breakfast, breakpoint, breakpointR, breathtestcore, bridger, bridger2, brinton, brisk, brms, brms.mmrm, broadSeq, brolgar, broman, bruceR, brulee, bsam, bsamGP, bSi, BSL, BSPBSS, bspcov, BSTZINB, bsynth, BTdecayLasso, BTSPAS, BubbleTree, bulkAnalyseR, bulletr, bullseye, bumbl, bupaR, burnr, BUSpaRse, butterflyOptions, BuyseTest, BVARverse, bvhar, C443, CA3variants, cacc, CaDrA, CAESAR.Suite, CAFE, caffsim, cageminer, CAGEr, CAinterprTools, CAISEr, CALANGO, calendR, calendRio, CALF, calibmsm, calibrationband, CalibratR, callback, calmr, camcorder, CamelUp, campfin, campsis, camtrapR, CaMutQC, canadianmaps, capl, caplot, capm, carat, CARBayesST, carbonr, card, cardelino, care4cmodel, caresid, caretEnsemble, CarletonStats, cartograflow, cartographr, casebase, CaseBasedReasoning, cases, casino, cassandRa, cassowaryr, CAST, CATALYST, cats, CatsCradle, causact, CausalGPS, CausalImpact, causalOT, causalPAF, causalQual, CausalQueries, CausCor, CAvariants, CB2, cbcTools, CBNplot, cccrm, ccostr, CCPlotR, cdcatR, CDI, cdmTools, cdom, ceas, CEDA, celaref, celda, CellBarcode, CelliD, cellity, CellMixS, cellpypes, CellTrails, cellularautomata, cellWise, CEMiTool, CensMFM, Cepo, ceRNAnetsim, Certara.DarwinReporter, Certara.ModelResults, Certara.R, Certara.RsNLME.ModelBuilder, Certara.RsNLME.ModelExecutor, Certara.VPCResults, Certara.Xpose.NLME, CeTF, cfdnakit, cfDNAPro, CFO, cgmanalysis, cgmquantify, CGNM, CGPfunctions, ch, ChainLadder, chameleon, ChAMP, changepoint.influence, ChannelAttributionApp, ChaosGame, chartql, cheem, chem16S, ChemmineR, chemodiv, ChemoSpec, ChemoSpec2D, ChemoSpecUtils, chessboard, chest, ChestVolume, chevron, chillR, ChIPexoQual, ChIPpeakAnno, ChIPseeker, CHOIRBM, cholera, chooseGCM, choroplethrAdmin1, ChromSCape, chromVAR, chronicle, chronochrt, CIARA, cicero, CICI, CIDER, CIMICE, CIMTx, cinaR, CINNA, CIpostSelect, circacompare, circRNAprofiler, CircSeqAlignTk, CircSpaceTime, circularEV, circumplex, CIS.DGLM, cisp, CiteFuse, cities, citrus, ciu, cjbart, CJIVE, CKMRpop, clarify, ClassifyR, classmap, clc, Cleanet, CleaningValidation, cleanTS, CleanUpRNAseq, clevRvis, clhs, clickableImageMap, clickstream, clifro, climaemet, ClimClass, clinDR, clinicalsignificance, ClinicalUtilityRecal, clintools, cliProfiler, clmplus, CLONETv2, cloudos, CluMP, CluMSID, clusEvol, ClusROC, ClussCluster, ClustAll, ClustAssess, ClusTCR2, clustcurv, ClusterFoldSimilarity, ClusterGVis, Clustering, clusterMI, ClusterR, clustifyr, ClustImpute, clustMD, ClusTorus, clustree, clustringr, CLVTools, cmaesr, cmahalanobis, CMapViz, cmcR, CMMs, cmprskcoxmsm, cmpsR, cmstatr, CNAIM, cnaOpt, CNEr, cNORM, CNVPanelizer, CoastlineFD, coat, cobalt, cocktailApp, COCOA, coconots, coda4microbiome, CoDaLoMic, codaredistlm, codebook, codez, cofeatureR, CoGAPS, cogeqc, Cogito, cogmapr, cohortBuilder, CohortPlat, coinmarketcapr, Coinprofile, COINr, CollapseLevels, coloc, colocalization, colorBlindness, colorist, colormap, colorpatch, colorrepel, colouR, colourpicker, comapr, ComBatFamQC, combi, combiroc, CoMiRe, COMIX, CommKern, communication, comorbidPGS, CompAREdesign, compareMCMCs, compcodeR, competitiontoolbox, ComplexUpset, complmrob, CompositeReliability, compositeReliabilityInNestedDesigns, ComPrAn, compSPOT, condorOptions, condvis2, CONFESS, confidence, ConfidenceEllipse, ConfMatrix, conformalInference.fd, conformalInference.multi, CoNI, Conigrave, conjoint, conos, conquestr, conserveR, consICA, ConsReg, conText, contribution, contsurvplot, convdistr, convergEU, conversim, cooccur, CooccurrenceAffinity, CoOL, CoordinateCleaner, cophescan, CopSens, coRdon, CoreMicrobiomeR, corncob, corona, corporaexplorer, corral, correlatio, correlationfunnel, Correlplot, corrgrapher, corrr, corrViz, corTest, corx, coseq, CoSIA, cosimmr, cosinor, cosinor2, COTAN, Counternull, countfitteR, countland, countries, countsimQC, countts, coursekata, covalchemy, covdepGE, coveffectsplot, covidcast, CovidMutations, cowbell, cowplot, coxed, Coxmos, coxrt, cplm, cpop, cpr, cprobit, cpss, cpvSNP, cranly, crayons, crctStepdown, CRE, creditmodel, cricketr, crimeutils, CRISPRball, criticality, critpath, crm12Comb, CRMetrics, crmReg, cropDemand, crops, cropZoning, CrossCarry, crosshap, crosslag, crossnma, crosstalkr, crplyr, crqa, CRTspat, cry, csa, csalert, CSeQTL, CSGo, CSHShydRology, csmpv, cspp, csranks, CSSQ, cstidy, CSTools, csutil, CTDquerier, CTexploreR, cTRAP, ctrialsgov, ctsem, ctsfeatures, ctsGE, cubar, cubble, cuperdec, cureplots, curtailment, cusumcharter, cutpointr, cvasi, cvCovEst, CVglasso, cvms, cyanoFilter, cylcop, cytofQC, CytoGLMM, cytomapper, CytoMDS, cytometree, CytoPipeline, CytoPipelineGUI, CytOpT, CytoSimplex, D2MCS, dabestr, dad, dada2, dados, dafishr, daiquiri, DAISIEprep, DALEX, DALEXtra, daltoolbox, DAMEfinder, Damsel, dann, dar, darksky, dartR.captive, dartR.popgen, dartR.sexlinked, dartR.spatial, data.table.threads, DatabionicSwarm, DataExplorer, dataMaid, datamedios, datana, dataprep, dataquieR, dataReporter, dataspice, DataVisualizations, datos, dbcsp, dbGaPCheckup, DBHC, dbmss, dbnlearn, dbplot, DBTC, DBTCShiny, dce, DCEtool, dcortools, dCUR, dcurves, ddpcr, ddPCRclust, DDPNA, ddtlcm, deaR, dearseq, DeBoinR, debrowser, DeCAFS, decisionSupport, decontam, decontX, decp, DeductiveR, deepMOU, deepredeff, DeepTarget, deeptime, DEET, deFit, DegNorm, DEGRE, DEGreport, DELocal, deltaCaptureC, deltaccd, dematel, DeMixT, demodelr, demuxmix, dendextend, dendRoAnalyst, dendroTools, densityClust, DEP, DepecheR, depigner, depower, derfinderPlot, describedata, DescribeDisplay, descriptio, descriptr, deseats, DESeq2, designit, DESpace, desplot, destiny, DEsubs, detectnorm, detectRUNS, detzrcr, dexisensitivity, dextergui, DFD, DFIT, dfmeta, dfoliatR, Dforest, dfped, dfrr, DGM, dgpsi, DHSr, diagis, DiallelAnalysisR, diceplot, diceR, did, did2s, didec, DIDHAD, DIDmultiplegtDYN, DiffBind, DifferentialRegulation, diffUTR, difNLR, digiRhythm, DIGSS, dilp, DImodels, DImodelsVis, dinoR, DiPALM, dipm, Directional, dirichletprocess, disaggregation, disbayes, DIscBIO, discharge, DiscoRhythm, discourseGT, discoveR, DiscreteDLM, DiscreteGapStatistic, disprofas, distillML, distinct, disto, DistPlotter, distreg.vis, DistributionOptimization, distributions3, div, divent, diversityForest, diyar, dlim, DLMtool, dlmtree, dlookr, dlstats, dmai, dmbc, dMod, dMrs, dmrseq, dnapath, dndR, dobin, doBy, dogesr, dominanceanalysis, doolkit, doremi, Doscheda, DOSE, dosedesignR, DoseFinding, dots, dotsViolin, doubletrouble, doublIn, douconca, downloadthis, DOYPAColors, dpasurv, dPCP, DPpack, DR.SC, dr4pl, drawProteins, dreamer, drhutools, drimmR, DRIMSeq, DRomics, dropR, drord, drpop, drugsens, ds4psy, dsa, DSAIDE, DSAIRM, dscoreMSM, dsdp, dsem, dsims, dslabs, dsld, dsm, dsos, dssd, dst, DstarM, dStruct, dtComb, dtwclust, dualScale, duet, duke, dumbbell, Dune, DuoClustering2018, DVHmetrics, dvmisc, dycdtools, dymo, dynamic, dynamite, dynaSpec, DynForest, dyngen, DynNom, dynRB, dynsim, dynsurv, DySS, E4tools, earlyR, easier, easyalluvial, easybgm, easybio, EasyCellType, easylabel, easySimData, easysurv, eat, EBASE, ebm, ebnm, ebvcube, ecan, ecic, ecocbo, ecochange, ecocomDP, ecode, EcoDiet, EcoEnsemble, ecolottery, EcoMetrics, EcoNetGen, ecostate, EcotoneFinder, ecr, eda4treeR, EDCimport, edeaR, edecob, edina, eDNAjoint, EDOIF, edstan, EEAaq, eefAnalytics, EEM, EFA.MRFA, EFAtools, EffectLiteR, effectplots, effectR, ega, EGAnet, egcm, EGM, EGSEA, eHDPrep, eiExpand, eirm, EIX, eks, EL, EleChemr, ElevDistr, Elja, ELMER, EMAS, EmbedSOM, emcAdr, emdi, EMDomics, emery, EmiR, EMMIXgene, emojifont, EmpiricalCalibration, emstreeR, endtoend, enetLTS, EnMCB, ENMeval, ENMTools, enpls, EnrichDO, EnrichIntersect, enrichplot, enrichR, ensembleTax, ensr, entropart, EntropicStatistics, envalysis, EnvStats, eoffice, epe4md, epiCleanr, epicmodel, epiCo, EpiCompare, epidecodeR, EpiDynamics, EpiEstim, epifitter, epiflows, EpiForsk, epigraHMM, epikit, EpiLPS, epimdr2, EpiMix, EpiModel, epimutacions, epinetr, EpiNow2, epiomics, epiphy, EpipwR, epiregulon.extra, EpiReport, epistasisGA, EpiTest, epitweetr, epiworldRShiny, EPLSIM, epos, eq5dsuite, EQUALSTATS, ER, erma, ern, ERSA, ERSSA, eRTG3D, esATAC, escalation, escape, esci, EScvtmle, esemifar, eSIR, esmisc, esmtools, esquisse, estadistica, ESTER, EstimateGroupNetwork, estimators, EstimDiagnostics, esvis, ethnobotanyR, ETRep, etrm, eudract, eufmdis.adapt, evalITR, EvaluateCore, EValue, evaluomeR, EVchargcost, EventDetectGUI, EventDetectR, eventstudyr, EVI, EvidenceSynthesis, evolqg, EvolutionaryGames, Evomorph, evoper, EvoPhylo, evprof, evsim, EWCE, ewoc, EWSmethods, exactamente, exceldata, excessmort, ExPanDaR, expertsurv, ExpGenetic, expirest, explainer, ExplodeLayout, explor, exploratory, explore, ExploreModelMatrix, exploreR, expowo, exreport, extrememix, exuber, eyelinkReader, eyetools, eyetrackingR, ez, ezcox, ezCutoffs, ezEDA, ezmmek, ezplot, ezr, fabletools, fabMix, FACT, FactoInvestigate, FactoMineR, FactorHet, factR, fairadapt, fairmodels, fairness, familial, Families, fasstr, FAST.R, fastai, fastdid, fastFMM, fastml, fastqcr, fastR2, fastrep, FastRet, fastRG, fastText, fastTopics, FastUtils, faux, FAVA, FAVAR, fcaR, fCCAC, fcfdr, fcm, FCPS, fdacluster, fdANOVA, fdapaceShiny, fdaPOIFD, fdq, fdrci, feasts, FeatureImpCluster, FeatureTerminatoR, fect, FedData, FedIRT, fedup, fence, fenr, FEprovideR, fergm, ferrn, ffp, fftab, fgeo.plot, Fgmutils, fgsea, fic, fido, FielDHub, FieldSimR, figuRes2, fillpattern, finalfit, FinCal, FindIT2, findviews, finetune, fingerPro, finna, finnsurveytext, firebehavioR, fishRman, fishualize, fitbitViz, fitlandr, fitODBODRshiny, FitUltD, fitur, fkbma, FLAMES, flametree, flashier, flashlight, flexFitR, FlexReg, flexsurv, FlexVarJM, flightplot, FLightR, flimo, flipr, FLORAL, flowAI, flowCHIC, flowGate, flowGraph, flowmapper, FlowSOM, flowSpecs, flowWorkspace, flps, fluxible, fmeffects, fmf, FMradio, fmriqa, fobitools, folda, foodingraph, footBayes, foqat, forecast, ForecastComb, forecastHybrid, forecastML, ForecastTB, ForeComp, forensicolors, forensIT, foreSIGHT, forestat, forestecology, ForestElementsR, forestinventory, forestly, forestmangr, forestPSD, forestr, forestRK, ForIT, formods, forsearch, FossilSim, FPDclustering, fpp2, fpp3, fqar, frailtyEM, frailtySurv, FRASER, FreqProf, frequentdirections, FRI, FRK, fsdaR, fsemipar, fsr, fSRM, fst4pg, ftaproxim, FunCC, funcharts, FuncNN, funkycells, funkyheatmap, funModeling, FunnelPlotR, funnelR, funStatTest, FuseSOM, fusionchartsR, FuzzyDBScan, fuzzyforest, FuzzyPovertyR, fxTWAPLS, G2Sd, gaawr2, GABB, GALLO, gamlss.ggplots, gamma, gap, gapclosing, gasmodel, gasper, gastempt, gatom, GauPro, gaussplotR, gbm.auto, GBScleanR, GCalignR, gCrisprTools, gcxgclab, GDAtools, GDCRNATools, gdim, GDINA, gdverse, GeDi, geeasy, GEInter, GEM, gemini, gen5helper, genBaRcode, GenderInfer, genekitr, GeneralizedUmatrix, GeneSelectR, geneSLOPE, genetic.algo.optimizeR, geneticae, GeneTonic, genMCMCDiag, genogeographer, genomation, GenomeAdmixR, GenomicDistributions, GenomicInteractions, GenomicPlot, GenomicSuperSignature, GenoTriplo, genpwr, genSEIR, GenVisR, GeoAdjust, geocausal, geocmeans, GEOexplorer, geofacet, geoheatmap, geomander, GeomComb, geomerge, geomorph, GeomxTools, geosimilarity, geostan, GeoTox, geouy, germinationmetrics, GET, getmstatistic, getspanel, gfcanalysis, gfer, gfoRmula, gfoRmulaICE, gg.gap, gg1d, ggaligner, ggalignment, ggarchery, ggautomap, ggblanket, ggblend, ggborderline, ggbrace, ggbrain, ggbreak, ggbrick, ggBubbles, ggbump, ggchangepoint, ggChernoff, ggcleveland, ggcompare, ggcorset, ggdag, ggdark, ggdaynight, ggdendro, ggdist, ggdmc, ggDoE, ggDoubleHeat, ggeasy, GGEBiplots, ggenealogy, ggExtra, ggfacto, ggfields, ggfigdone, ggfittext, ggflowchart, ggfootball, ggfun, ggfx, gggap, gggenes, gghalfnorm, gghdx, gghilbertstrings, gghist, ggimg, gginference, ggiraph, ggiraphExtra, ggisotonic, ggjoy, gglgbtq, gglogger, ggmapinset, ggmice, GGMncv, GGMnonreg, ggmsa, ggmugs, ggmuller, ggnewscale, ggnormalviolin, ggnuplot, ggokabeito, GGoutlieR, ggpage, ggpath, ggpattern, ggpca, ggpcp, ggperiodic, ggpie, ggplate, ggplot.multistats, ggplotAssist, ggplotgui, ggplotify, ggplotlyExtra, ggpmisc, ggPMX, ggpointdensity, ggprism, ggpval, ggQC, ggQQunif, ggquickeda, ggquiver, ggRandomForests, ggrasp, ggrastr, ggrcs, ggredist, ggResidpanel, ggreveal, ggridges, ggrisk, ggrounded, ggRtsy, ggsankeyfier, ggsc, ggScatRidges, ggsci, ggscidca, ggseg, ggsem, ggseqalign, ggseqlogo, ggshadow, ggsignif, ggsmc, ggsoccer, ggsolvencyii, ggsom, ggspark, ggspatial, ggstackplot, ggstance, ggstar, ggstats, ggstatsplot, ggstream, ggstudent, ggsurveillance, ggsurvfit, ggtangle, ggtaxplot, ggtea, ggtext, ggThemeAssist, ggthemes, ggtibble, ggtikz, ggtrace, ggtree, ggtreeDendro, ggtreeExtra, ggtreeSpace, ggtrendline, ggtricks, ggupset, ggVennDiagram, ggview, ggvolcano, ggx, GIC, gimap, GimmeMyPlot, giniCI, gINTomics, gJLS2, GJRM, GladiaTOX, GLMMcosinor, glmmfields, glmmPen, glmmSeq, GlmSimulatoR, glmSparseNet, glmtlp, glmtrans, globaltrends, glober, GloScope, glossa, gluvarpro, gMCPLite, gmgm, gMOIP, GMSimpute, GNAR, GNET2, gnonadd, goat, GOCompare, GOexpress, GofCens, GofKmt, gofreg, goldfish, gompertztrunc, Goodreader, gosset, GOTHiC, GOxploreR, GPA, GPCERF, gprofiler2, GPvam, grabsampling, GrafGen, grainscape, grandR, GRaNIE, granovaGG, granulator, graper, grapesAgri1, graph4lg, grapherator, graphPAF, gratia, gravitas, greatR, greed, greeks, GREENeR, greenfeedr, greport, Greymodels, GRIDCOPULA, gridsampler, GRIN2, GRmetrics, grobblR, grouprar, growfunctions, GrowthCurveME, growthPheno, grpsel, GRShiny, grwat, gsaot, gsbDesign, gscaLCA, gscramble, gsDesign, GSE, GSEAmining, GseaVis, GSparO, gspcr, gsynth, gtExtras, GTFSwizard, gtrendsR, guideR, GUIDEseq, guiplot, gumboot, GUniFrac, gunsales, gwaRs, gwasforest, GWASinspector, GWENA, gwid, GWlasso, gWQS, HaDeX, hagis, hahmmr, haldensify, halfmoon, handwriter, handwriterApp, handyFunctions, HanStat, Hapi, HaploCatcher, harbinger, harmony, harrypotter, hatchR, hbal, hbamr, hBayesDM, hdcuremodels, hdflex, hdm, hdme, hdnom, hdpGLM, hdrcde, HDStIM, hdxmsqc, healthfinance, healthyR, healthyR.ai, healthyR.ts, heatmaply, heatwaveR, HeckmanEM, heemod, heimdall, heiscore, helixvis, hermes, hesim, HetSeq, hettx, heumilkr, heuristicsmineR, hexSticker, HGC, hhi, hhmR, hiAnnotator, HicAggR, HiCBricks, HiCcompare, HiCDOC, HiContacts, hicVennDiagram, hidecan, hierarchicalSets, highlightr, hilldiv, himach, hindex, hipathia, HIPPO, HistDAWass, historicalborrow, historicalborrowlong, hJAM, HLMdiag, hlt, hmer, Hmisc, HMP, Hmsc, hmsidwR, hockeystick, HodgesTools, holi, holobiont, Holomics, HonestDiD, hoodscanR, hopbyhop, HoRM, HospitalNetwork, HotellingEllipse, HPAanalyze, HPiP, hpiR, hrbrthemes, hsstan, hstats, htmlreportR, htrSPRanalysis, htsr, HTT, httk, HuraultMisc, hurricaneexposure, HVT, HybridExpress, hybridModels, hydraulics, hydroroute, hydrotoolbox, hydroToolkit, hyfo, hypeR, hyperoverlap, hypervolume, HYPEtools, hypsoLoop, i2extras, iai, IAPWS95, iAR, IAT, ibawds, ibdsim2, IBMPopSim, iBreakDown, icardaFIGSr, ICBioMark, iccCounts, icertool, icetea, ichimoku, iclogcondist, iClusterVB, icmstate, iCNV, iCOBRA, icpack, IDE, IDEAFilter, ideal, ideamdb, ideanet, IDEATools, idiffomix, idiolect, IDMIR, idopNetwork, idpr, idr2d, IETD, igate, iglu, ihclust, iheiddown, IHWpaper, ILoReg, ILRCM, imageData, imbalance, imcRtools, ImFoR, ImHD, IMIX, iml, immcp, ImML, immunaut, immuneSIM, immunogenViewer, immunotation, Imneuron, ImNN, IMP, implicitMeasures, imprinting, imputeTestbench, imputeTS, imsig, imt, ImVol, IncDTW, incidence, incidental, incR, inctools, IndGenErrors, industRial, iNEXT, iNEXT.3D, iNEXT.4steps, iNEXT.beta3D, infer, infercnv, inferCSN, InflectSSP, influenceAUC, influential, Information, ingredients, injurytools, INLAjoint, inlamemi, innsight, InPAS, insane, inspectdf, INSPECTumours, insurancerating, INTACT, InTAD, IntegratedJM, IntegratedMRF, intensitynet, InteractionPoweR, interactions, interactiveDisplay, InterCellar, InteRD, interflex, interpretCI, inTextSummaryTable, intradayModel, intRinsic, intsvy, inventorize, invivoPKfit, iNZightRegression, iNZightTS, IOHanalyzer, IONiseR, iotarelr, ip2location, ip2proxy, iPath, ipeaplot, ipfr, ipft, IPLGP, iprior, iPRISM, ipsRdbs, IPV, ir, iraceplot, Irescale, IRexamples, IRon, IRTest, irtpwr, irtQ, ISAnalytics, iSEE, iSEEfier, iSEEhex, iSEEpathways, iSEEu, Isinglandr, isobar, IsoBayes, isobxr, isomiRs, isoorbi, isopam, ISRaD, istat, iSTATS, itan, ITNr, its.analysis, itsdm, ivDiag, ivmodel, ivygapSE, iwaqr, jackstrap, jadeLizardOptions, janus, jarbes, jcext, jcolors, Jdmbs, jenga, jfa, jmastats, JMbayes2, jmBIG, jmv, joineRML, jointVIP, JOPS, jrSiCKLSNMF, jrt, jskm, jsmodule, jtdm, jtools, JustifyAlpha, JWileymisc, k5, kaos, karel, karyotapR, katdetectr, kendallRandomWalks, kerntools, kesernetwork, keyATM, Keyboard, kfino, kgschart, kindisperse, kissDE, klovan, KMEANS.KNN, kmed, Kmedians, KMunicate, knfi, KnowSeq, knowYourCG, kollaR, konfound, kpcaIG, KraljicMatrix, kronos, kssa, L0Learn, l1kdeconv, l1spectral, lablaster, labNorm, labsimplex, LACE, lactater, lacunr, LAD, LadderFuelsR, lakhesis, lambdaTS, Landmarking, landscapemetrics, lans2r, lares, LatentBMA, latentcor, LATERmodel, latte, layer, lazytrade, LBSPR, lcars, LCMSQA, lcsm, LDABiplots, LDATree, ldatuning, lddmm, ldhmm, ldmppr, LeadSense, LedPred, lefser, LegATo, lehuynh, lemna, lemon, lessSEM, levi, LexisPlotR, LFApp, lfmm, lfproQC, lg, lgpr, lifelogr, lifeR, Lifertable, LightLogR, likelihoodTools, lilikoi, LilRhino, lime, limpca, lindia, lineartestr, linkspotter, Linnorm, lipidomeR, LipidomicsR, lipidr, lisaClust, litRiddle, litteR, live, liver, llama, LLIC, LLSR, LMD, lmeresampler, lmerTest, LMMstar, LMoFit, localICE, localModel, locuszoomr, loewesadditivity, LOGAN, logisticPCA, lolog, lolR, lomb, LongDat, longitudinalcascade, longreadvqs, lookout, LorenzRegression, LorMe, lpcde, lpdensity, lpirfs, LPRelevance, LRcell, lsirm12pl, lsl, lslx, lsm, lspartition, LSTbook, LSTS, LSX, LTCDM, lterpalettefinder, ltertools, lute, lvmisc, lvplot, lwqs, LymphoSeq, m2b, M3C, Maaslin2, MACER, MachineShop, macrosyntR, MACSQuantifyR, madshapR, MAGeCKFlute, MAGMA.R, MagmaClustR, maicChecks, MAICtools, MAINT.Data, makemyprior, MandalaR, manhattanly, manhplot, MantaID, manydata, manymodelr, manymome, manynet, mapbayr, mapcan, MAPFX, mapindia, mapmixture, mappoly, MarketMatching, Markovchart, marmap, marr, MARVEL, MassWateR, MAST, mastR, matricks, MatrixQCvis, matuR, mau, MaxentVariableSelection, MaxWiK, MBAnalysis, mbbe, MBECS, MBMethPred, MBNMAdose, MBNMAtime, MBQN, mbQTL, mbreaks, mbRes, mbsts, mbX, mc2d, MCAvariants, mcb, MCbiclust, mccca, MCDA, mcMST, mcmsupply, MCOE, Mcomp, mcp, mcradds, mCSEA, mcStats, mctq, MCTrend, mcvis, MDBED, MDDC, MDMAPR, mdp, mdpeer, MDPIexploreR, mdsr, MEAL, meconetcomp, mecoturn, medfate, medfateland, meerva, MEGENA, mekko, Melissa, meltt, mem, memapp, meme, memery, memes, memoria, MendelianRandomization, merTools, MesKit, MESS, messi, messina, metabolic, MetabolicSurv, metabomxtr, metabup, metacoder, MetaComp, metaconfoundr, MetaCyto, metadeconfoundR, metaEnsembleR, metagam, metaGE, metagene2, metainc, MetAlyzer, metamicrobiomeR, metamisc, metan, MetaNeighbor, MetaNet, metanetwork, metapack, MetaPhOR, metaplot, metapower, metaquant, MetaScope, metasnf, metavcov, metaviz, MetBrewer, MetCirc, MethodOpt, MethReg, methrix, MethylAid, methylclock, methylGSA, methylInheritance, MethylMix, MetMashR, MetNet, metools, metR, metrica, MetricGraph, MetSizeR, MexBrewer, MF.beta4, mfa, mFD, mFLICA, MFO, mfp2, mfpp, mgee2, mglasso, mgwrhw, mgwrsar, MIC, miceRanger, microbial, microbiomeDASim, microbiomeMarker, MicrobiomeProfiler, MicrobiomeStat, MicrobiomeSurv, MicrobiotaProcess, microdiluteR, microeco, microhaplot, micromap, microplot, microSTASIS, MICSQTL, micsr, midi, MIGEE, migraph, miloR, MiMIR, MIMSunit, mina, mineCitrus, mipplot, miQC, MIRA, miRetrieve, mirIntegrator, MIRit, MiRNAQCD, miscset, mispitools, missCompare, MissCP, missingHE, missMDA, misspi, missSBM, mistral, misty, mistyR, mitch, mitoClone2, MitoHEAR, miWQS, mixedbiastest, MixedIndTests, mixedLSR, MixedPsy, MixLFA, mixpoissonreg, mixR, MixSIAR, mixtur, MixviR, mixvlmc, mizer, MKdescr, MKinfer, MKmisc, MKpower, mlbplotR, MLDataR, MLEce, mlergm, MLeval, mlmc, mlmtools, mlmts, mlpwr, mlr, mlr3benchmark, mlr3fairness, mlr3spatiotempcv, mlr3viz, mlts, MLZ, mmaqshiny, MMDiff2, mmeta, mmibain, MMRcaseselection, MMUPHin, MMVBVS, mnda, mnem, mobileRNA, mobr, MOCHA, mod2rm, modACDC, model4you, modeldb, modelDown, modeltime, modeltime.resample, moderate.mediation, moderndive, modgo, modnets, modsem, moexer, MOFA2, MoleculeExperiment, MOMA, Momocs, monochromeR, monoClust, monolix2rx, MonotonicityTest, moodleR, Moonlight2R, moranajp, moreparty, morepls, MorphoRegions, Morphoscape, morse, mosaic, mosaicCalc, mosaicModel, MOSClip, mosdef, MOSim, motifr, motifStack, MouseFM, mousetrap, movegroup, moveHMM, movementsync, mpactr, mpathr, mplot, MplusAutomation, MplusLGM, mpmsim, mpoly, mpower, mppR, MPTmultiverse, mrct, mrf2d, MRFcov, mrgsim.sa, MRMCaov, MRTSampleSizeBinary, MRZero, MSclassifR, MSclust, MSCMT, msdrought, MSEtool, msgbsR, mshap, MSigSeg, MSmix, MSnbase, MSnID, MSPRT, msPurity, MsQuality, MSstats, MSstatsLiP, MSstatsLOBD, MSstatsPTM, MSstatsQC, MSstatsShiny, MSstatsTMT, mtb, mtdesign, MTest, MUACz, mudfold, mulea, mulgar, MultiATSM, MultiBaC, multibreakeR, MultiClassROC, multicrispr, multid, MultiDataSet, multiDimBio, multifear, MultiGroupO, multilandr, multilevelcoda, multilevelTools, multimedia, multinma, multinomialLogitMix, MultiObjMatch, multipanelfigure, multiplestressR, MultiRNAflow, MultIS, multistateQTL, multitool, multivar, MultivariateAnalysis, multiWGCNA, MultRegCMP, MuPETFlow, muscat, musclesyneRgies, musicatk, MutationalPatterns, mutSignatures, mvdalab, MVET, mvgam, mvnimpute, MVNtestchar, mvSUSY, MWASTools, mxfda, mxnorm, mycaas, myClim, NACHO, NAIR, naive, nandb, naniar, NatParksPalettes, natstrat, NCA, ncappc, NCC, ncRNAtools, nearBynding, neatmaps, neatStats, necountries, negligible, nemtr, neodistr, NEONiso, neonPlantEcology, neonSoilFlux, neptune, nestcolor, nestedcv, nestedmodels, nestedpp, netcmc, netcom, NetFACS, nethet, netmeta, netprioR, netresponse, netropy, netShiny, NetworkExtinction, NetworkInference, NetworkRiskMeasures, networktools, netZooR, neuralGAM, NeuralNetTools, NeuralSens, NeuroDecodeR, neuroimaGene, neuromplex, neuroUp, neutralitytestr, neutrostat, nevada, nflplotR, ngramr, nhdR, NHSRplotthedots, nhstplot, NiLeDAM, nima, NIMAA, nipalsMCIA, nixtlar, nlgm, nlive, nlmeVPC, nlmixr2extra, nlmixr2plot, nlmixr2rpt, nlpsem, NMA, NMADiagT, NMAoutlier, nmaplateplot, nmathresh, NMF, nmrrr, NMTox, nncc, nnTensor, noisemodel, noisyr, noisySBM, nonet, nonmem2rx, NoRCE, nord, NormalityAssessment, NormalyzerDE, normfluodbf, nortsTest, novelqualcodes, nparACT, NPBayesImputeCat, npboottprm, npclust, npcs, npde, NPflow, nph, nphRCT, npregfast, nprobust, nucleR, nullabor, nullranges, numbat, NutrienTrackeR, nzilbb.vowels, o2geosocial, o2plsda, oaPlots, oaxaca, obAnalytics, OBL, obliqueRSF, occCite, oceanexplorer, oceanic, oceanis, oceanmap, ocf, OddsPlotty, oddsratio, oddstream, ODMeans, OEFPIL, oeli, OenoKPM, oesr, ofpetrial, ogrdbstats, OGRE, OhdsiReportGenerator, oHMMed, ohun, OlinkAnalyze, olsrr, OLStrajr, OlympicRshiny, omicRexposome, OmicSense, OMICsPCA, OmicsPLS, omicsViewer, Omixer, omu, onbrand, OncoBayes2, oncomix, oncomsm, OncoSimulR, oncrawlR, OneSampleLogRankTest, onewaytests, onpoint, onsvplot, ontophylo, oolong, OOS, openairmaps, openEBGM, openintro, OpenLand, openMSE, OpeNoise, openPrimeR, openSkies, OpenStreetMap, openVA, opGMMassessment, opitools, OPL, oppr, oppti, optedr, opticskxi, optweight, ordbetareg, ordinalsimr, oreo, orf, ORFID, ORFik, ormPlot, orthogene, orthos, OSLdecomposition, Ostats, otargen, OTclust, otsfeatures, outbreaker2, OutcomeWeights, OutliersO3, outqrf, OUTRIDER, overviewR, OVtool, OxSR, pa, PAC, packageRank, pacotest, pacta.multi.loanbook, PAFit, PAGFL, painbow, pairedGSEA, palaeoSig, palettes, pam, PamBinaries, PAMmisc, pammtools, PAMpal, PAMscapes, pandaR, panelhetero, PanelMatch, panelr, panelvar, panelView, pannotator, parafac4microbiome, paramhetero, ParBayesianOptimization, Paris2024Colours, parmsurvfit, parsnip, partition, partR2, PAST, pastaPlot, patchwork, pathfindR, pathlinkR, PathoStat, paths, pathviewr, PathwaySpace, patientProfilesVis, patterncausality, patternplot, pbcc, pcadapt, PCADSC, pcaExplorer, PCBS, PCMBase, pcr, pctax, pcutils, pcvr, PDN, pdp, PDXpower, PeacoQC, peakPantheR, pedbp, Pedixplorer, pedtricks, PEIMAN2, pema, pems.utils, penAFT, penaltyLearning, pepe, PepMapViz, PepsNMR, pepStat, performanceEstimation, periodicDNA, periscope, PERK, permubiome, personr, perturbR, Petersen, petersenlab, PFIM, PGRdup, pGRN, pgxRpi, phacking, phantasus, PharmacoGx, PhaseType, phateR, phdcocktail, phenofit, phenomis, phenopath, PhenotypeSimulator, PhenStat, PheVis, philr, PhosR, phylepic, phylopath, PhyloProfile, phyloseq, phylter, phytoclass, pid, PieGlyph, Pigengene, pimeta, pioneeR, pipe.design, pipeComp, Pirat, piratings, PKbioanalysis, pksensi, Plasmidprofiler, platetools, plattice, Platypus, play, PlayerChart, PLEXI, plinkQC, PLMIX, PLNmodels, PLORN, plot4fun, plotdap, plotDK, plotGMM, plotGrouper, plotluck, plotMElm, plotmm, plotor, PlotPrjNetworks, plotthis, PLSDAbatch, plsmmLasso, pltesim, plutor, pmartR, pmc, pmev, pmp, pmxTools, POCRE, PoDBAY, PoDCall, pogit, pogos, PointedSDMs, PointFore, PolicyPortfolios, polimetrics, politeness, polymatching, polypoly, POMA, POMADE, pomcheckr, pompom, poolABC, pooling, PopED, PopGenHelpR, PopGenReport, poppr, popPyramid, popsom7, popstudy, populationPDXdesign, portfolioBacktest, poth, pould, POUMM, povmap, powdR, powerbydesign, PoweREST, powerly, powRICLPM, POWSC, ppcseq, ppcSpatial, ppgmmga, PPLasso, PPQplan, pprof, ppseq, ppsr, PracticalEquiDesign, PracTools, prcbench, prcr, PRECAST, pRecipe, precisely, precmed, precrec, predict3d, predictionInterval, predictMe, predictmeans, predictNMB, predieval, PredPsych, predRupdate, predtools, preference, PReMiuM, PreProcessing, PressPurt, pressuRe, PrettyCols, prevR, pRF, PriceIndices, pricesensitivitymeter, primerTree, priorityelasticnet, priorsense, prism, proActiv, ProActive, ProAE, probably, ProbBreed, processmapR, processmonitR, processpredictR, productplots, ProFAST, profileplyr, profiplots, profoc, progeny, ProjectionBasedClustering, projections, projectR, projpred, pRoloc, pRolocGUI, promethee123, PrometheeTools, promor, PRONE, prophet, Prostar, protag, ProtE, protein8k, ProteinGymR, ProteoBayes, ProteoMM, proteus, protGear, protti, psbcSpeedUp, psborrow, psc, pscore, psdr, pseudoCure, psfmi, psichomics, PSLM2015, psm3mkv, psmineR, pspatreg, PSS.Health, PStrata, PSweight, psychmeta, psycho, PsychWordVec, psycModel, psyntur, ptable, ptairMS, ptetools, PTXQC, pubh, PublicationBias, PublicWorksFinanceIT, PUlasso, puls, PUMP, PUPAK, PupilPre, PUPMSI, PureCN, pureseqtmr, pvaluefunctions, pvLRT, PvSTATEM, pwrFDR, qacBase, qad, qbinplots, qcapower, QCAtools, qckitfastq, qcQpcr, QCSimulator, qdap, qgcomp, qgcompint, qgraph, QI, qicharts, qicharts2, qmd, qmtools, qPCRhelper, qPCRtools, qPLEXanalyzer, qpNCA, qPRAentry, qqboxplot, qra, QRIpkg, qris, qrlabelr, qsort, qsvaR, qte, qtkit, qtl2ggplot, qtl2pattern, qtl2pleio, qtlpoly, quadraticSD, QuadratiK, quadVAR, quanteda.textplots, quantilogram, quantiseqr, quantkriging, QuantRegGLasso, quantro, quarks, QuESTr, quickReg, quicR, QuICSeedR, quid, quollr, QurvE, qvalue, qvirus, qwraps2, R.AlphA.Home, r2dii.plot, r2glmm, R2sample, R3CPET, r4lineups, r4ss, r6qualitytools, RABR, RaceID, Racmacs, rADA, RadEro, RadialVisGadgets, radiant.basics, radiant.model, radiant.multivariate, radsafer, RADstackshelpR, Radviz, rags2ridges, rai, RAIDS, rainette, RaJIVE, RALSA, RamanMP, RAMClustR, ramr, randomForestExplainer, randomForestVIP, randomUniformForest, rankinPlot, raptr, RARfreq, RaSEn, rassta, rasterdiv, RAT, Rata, rater, ratlas, rattle, RavenR, rawDiag, RawHummus, rawKS, rbbnp, rbcc, Rbec, RBesT, rBiasCorrection, rbin, rbioacc, rbiom, Rcan, rcartocolor, RCAS, rcellminer, rCGH, RchivalTag, rciplot, RclusTool, RCM, RcmdrPlugin.RiskDemo, Rcollectl, RColorConesa, rcontroll, RcppCensSpatial, RcppClock, RCSL, rcssci, RCT, RCTrep, RCTS, Rcurvep, rddensity, rddtools, rdlearn, rdmulti, rdrobust, RDS, rdss, Rdune, ReactomeGSA, ReactomePA, reappraised, recalibratiNN, receptLoss, reconsi, RecordTest, reda, REDI, redist, ref.ICAR, refreg, refund, refund.shiny, RegEnrich, reghelper, RegionalST, regioneReloaded, regr.easy, RegrCoeffsExplorer, regressinator, regrrr, regtomean, ReinforcementLearning, Relectoral, reliabilitydiag, RelimpPCR, relsurv, remiod, REN, Replicate, ReporterScore, ReportingTools, reportRmd, reproducer, rerddapXtracto, reReg, reservoirnet, RESI, ResIN, reslr, RESOLVE, resourcecode, RestoreNet, restriktor, resumiR, ReSurv, retimer, retmort, ReturnCurves, RevGadgets, rexposome, Rfastp, rFIA, rfigshare, rfishdraw, rfisheries, rfishnet2, rfm, rfPermute, Rfssa, rfVarImpOOB, RGAP, rgbif, RGCCA, rgm, RGMM, rgnoisefilt, RgnTX, Rgof, RGraphics, RHC, rhierbaps, RHMS, ri2, riAFTBART, RiboCrypt, RiboDiPA, RiboProfiling, ribor, ribosomeProfilingQC, rice, RIdeogram, Riex, rifi, rifiComparative, RImagePalette, rimu, rinat, Rirt, riskCommunicator, RiskMap, riskRegression, riskscores, RITAN, RIVER, RJafroc, rKIN, rKOMICS, RKorAPClient, rlfsm, rliger, RmarineHeatWaves, rmcfs, rmetalog, RMixtComp, RMixtCompUtilities, rmlnomogram, rmoo, rms, rmsb, Rmst, rmweather, RNAAgeCalc, rnaCrosslinkOO, RNAdecay, RNAmodR, RNAsense, RNAseqQC, Rnest, rnmamod, Rnmr1D, rnrfa, roahd, roastgsa, robber, robin, robis, RobKF, RoBMA, robmedExtra, robomit, RoBTT, robvis, Robyn, rocTree, ROKET, romic, ropls, roptions, rosetta, rotations, rotatogram, Routliers, rPACI, Rpadrino, rPBK, rpcss, rphylopic, rplec, RplotterPkg, rpm, RPPanalyzer, RPregression, rprev, rprimer, RprobitB, Rprofet, rpsftm, RQdeltaCT, rQSAR, rreg, rrepast, rrpack, RRPP, rrr, RRRR, rrtable, rrvgo, rSAFE, RSCAT, RSDA, Rsgf, rshift, rsimsum, Rsmlx, RSP, rSRD, RSSL, RSSthemes, rstan, rstanarm, rstanemax, RStoolbox, rStrava, RTCGA, rtemps, rTG, rticulate, rties, RTIGER, RTL, rTLsDeep, rtms, RTNsurvival, Rtpca, rtpcr, rtrek, RTSA, RtsEva, ruin, RulesTools, ruminate, runcharter, rusk, ruv, RVA, RVenn, rvertnet, rwa, rWCVP, rwicc, Rwtss, rxode2, rYWAASB, saemix, saens, saeRobust, saeSim, saeTrafo, SAEval, safetyCharts, SafeVote, sageR, SAME, samesies, sampbias, sampcompR, sampleClassifier, samplr, SAMprior, SangerTools, sansa, santaR, saotd, sapfluxnetr, SARC, saros, satuRn, sbm, SBMSplitMerge, SC3, scanMiR, scanMiRApp, scAnnotatR, scatr, scatterbar, scatterHatch, scattermore, scBFA, scBubbletree, scClassify, sccomp, sccore, scCustomize, SCDA, scDataviz, scDD, scDesign3, scDiagnostics, scDotPlot, scdtb, scFeatureFilter, SCFMonitor, scGate, SCGLR, scGPS, scholar, SchoolDataIT, scHOT, scicomptools, scider, scifer, SCIntRuler, scipub, scistreer, scitb, scITD, scmap, scMappR, scMET, scMitoMut, scMultiSim, SCnorm, Sconify, SCOPRO, scorecard, scorecardModelUtils, scoringutils, SCORPIUS, scp, scpi, scPipe, scplot, scpoisson, scqe, scR, ScreenR, scregclust, scRNAseqApp, scRNAstat, scRNAtools, scruff, scrutiny, scSpatialSIM, scTensor, scTGIF, SCtools, sctransform, scTreeViz, scUtils, SCVA, sdamr, sdcMicro, SDCNway, SDEFSR, SDGdetector, SDModels, SDMtune, SEAHORS, seahtrue, seAMLess, SECFISH, secsse, sectorgap, sedproxy, see, seecolor, SeedMatchR, seedreg, seeds, segclust2d, segen, SEI, SEIRfansy, semfindr, semhelpinghands, semicmprskcoxmsm, semlbci, SemNeT, semtree, sendigR, sensitivity, sensitivityCalibration, SensMap, sensobol, SensoMineR, SensusR, SentimentAnalysis, sentimentr, sentometrics, seqArchR, seqArchRplus, seqCAT, seqcombo, SeqFeatR, SeqNet, SeqSQC, serocalculator, SerolyzeR, serosv, sesame, Seurat, sffdr, sfhelper, sfhotspot, sfislands, sgboost, SGCP, sgd, sglg, sglr, sgmodel, sGMRFmix, sgraph, sgsR, sgstar, shadowtext, SHAPforxgboost, shapley, ShapleyOutlier, shapper, shapviz, SHELF, ShellChron, sherlock, shinipsum, shiny.benchmark, shinyCohortBuilder, shinyepico, ShinyItemAnalysis, shinyKGode, ShinyLink, shinyloadtest, shinyML, ShinyQuickStarter, shinySbm, shinystan, shinyTempSignal, shoredate, ShortForm, shortIRT, shorts, SIAmodules, SIBER, sicegar, sidier, Sie2nts, sievePH, SiFINeT, SigFuge, sights, sigminer, Signac, signatureSearch, signatureSurvival, signeR, siland, sim.BA, SIMAT, SimBIID, SimBu, SimCorrMix, simET, simlandr, SIMle, SimMultiCorrData, simPH, simplecolors, simpleMLP, SimplyAgree, simrel, simulariatools, sincell, singleCellHaystack, singleCellTK, SingleMoleculeFootprinting, singscore, sirus, SISIR, sistmr, sitar, sitePath, sitepickR, sivirep, SixSigma, SiZer, sjPlot, sjSDM, sketchR, skewlmm, skipTrack, slalom, SLCARE, SleepCycles, sleepwalk, SLEMI, slendr, SlideCNA, SLOPE, SLOS, smallsets, SmartEDA, smartid, SMASH, smdi, SMITE, SMITIDstruct, smoof, smoothic, smpic, smplot2, sMSROC, snahelper, snap, snfa, snpAIMeR, SNPannotator, SNPassoc, SNPhood, snplinkage, sNPLS, socialh, soGGi, SoilManageR, soiltestcorr, SomaticSignatures, SOMbrero, SOMNiBUS, SOMnmR, sonicscrewdriver, sorvi, SoupX, SouthParkRshiny, sovereign, SpaCCI, spacejamr, Spaniel, SpaNorm, SPARRAfairness, sparrow, sparseDFM, sparsediscrim, sparsegl, SparseSignatures, SPARTAAS, spaSim, SpatFD, spatgeom, SpatialCPie, SpatialDDLS, spatialDE, spatialHeatmap, spatialLIBD, SpatialOmicsOverlay, SpatialRDD, spatialRF, spatialrisk, spatialsample, spatialTIME, spatialwarnings, SpatMCA, SpatPCA, spatPomp, spatzie, spcosa, spDates, speakr, speaq, speccurvieR, specieschrom, speckle, specr, spectacles, spectralAnalysis, SpectralClMixed, spectralR, Spectran, spectre, Spectrum, spEDM, spef, SPEI, spFSR, SPIAT, spicyR, spikeSlabGAM, spiky, Spillover, spillR, spinBayes, spind, spinifex, spinner, spiro, SpliceWiz, splinetree, SPLINTER, splithalf, SplitKnockoff, splmm, splutil, spmoran, spNetwork, SPONGE, spongecake, spooky, spork, sport, sportyR, SpotClean, SPOTlight, spotoroo, SpotSweeper, spqdep, spreadr, sprtt, spStack, spsur, SpTe2M, sptotal, SPUTNIK, SQMtools, squallms, squant, SqueakR, squid, sr, sRACIPE, sRNAGenetic, SRTsim, ss3sim, ssd4mosaic, SSDM, ssdtools, ssifs, SSIMmap, ssMousetrack, ssMRCD, ssMutPA, SSP, SSplots, sssc, SSVS, stabiliser, stability, StabilizedRegression, stabilo, stacks, stacomiR, standR, StanMoMo, starma, starry, starvz, statar, statcanR, statcheck, statConfR, statebins, STATegRa, statforbiology, statgenGWAS, statgenGxE, statgenHTP, statgenIBD, statgenMPP, statgenSTA, Statial, StatRank, statsr, stdmod, stelfi, StempCens, steppedwedge, StepReg, stevemisc, stevethemes, stgam, stJoincount, stminsights, STMotif, STMr, stochvolTMB, stodom, stpp, stppSim, strand, strandCheckR, StratifiedMedicine, STraTUS, stray, stRoke, StroupGLMM, structToolbox, strvalidator, sts, studentlife, stxplore, SubCellBarCode, SubgrpID, subSeq, suddengains, sugarglider, SUITOR, SUMMER, SUMO, superb, SuperCell, superheat, Superpower, supportR, sure, surfaltr, SurfR, SurrogateSeq, surtvep, surveil, survex, surveydata, surveyexplorer, surveyPrev, surveysd, survidm, survivalAnalysis, SurvivalTests, survivoR, survMisc, survobj, survParamSim, survSens, survstan, susieR, sValues, svars, SVEMnet, SVMMaj, svplots, SWATH2stats, swfscMisc, SWIM, swimplot, swissparl, switchde, SWMPrExtension, SWTools, symphony, symptomcheckR, synergyfinder, SynergyLMM, synlet, synr, syntenet, syntenyPlotteR, SynthETIC, synthpop, sysAgNPs, sysid, Sysrecon, systemPipeR, systemPipeShiny, systemPipeTools, T4cluster, tabledown, tablesgg, tabnet, tabr, tabularmaps, TADCompare, tagtools, TailClassifier, talkr, TangledFeatures, TargetDecoy, tashu, tastypie, TaxaNorm, taylor, TCGAbiolinks, tcgaViz, tci, TCIU, tcpl, tcplfit2, TCseq, TDAkit, TDAstats, teal.modules.clinical, teal.widgets, teamcolors, tectonicr, telefit, telemetR, TELP, telraamStats, Tendril, tensorBSS, tern, tern.mmrm, terrainr, TesiproV, testarguments, testcorr, TestDimorph, TestGenerator, tetraclasse, tetragon, text, text2sdg, texter, TextForecast, TextMiningGUI, tfrmt, tgamtheme, tglkmeans, TGST, theftdlc, thematic, ThermalSampleR, TheSFACE, thief, thinkr, tidyAML, tidybayes, tidyBdE, tidybins, tidyCDISC, tidychangepoint, tidycmprsk, tidycomm, tidyCoverage, TidyDensity, tidydice, tidydr, tidyEdSurvey, tidyestimate, tidyFlowCore, tidygam, tidygate, tidyindex, tidyLPA, tidyMC, tidymodels, tidypaleo, tidyplots, tidyposterior, tidyquant, tidysdm, tidySEM, tidyseurat, tidySingleCellExperiment, tidySpatialExperiment, tidySummarizedExperiment, tidyterra, tidytlg, tidytof, tidyUSDA, tidyverse, tidyvpc, tidywater, tigerstats, tilemaps, timbeR, time.slots, timelineS, timeOmics, timeplyr, TimerQuant, timetk, TimeVizPro, tintin, tinyarray, tinyscholar, tinythemes, tip, tipmap, tipsae, TITAN2, tldr, TLMoments, tLOH, tmod, tmt, tna, tntpr, TOAST, tomoda, tomoseqr, toolmaRk, TooManyCellsR, TOP, topconfects, TopDom, topdownr, topics, TopKSignal, topr, tornado, TOSTER, TOU, toxEval, ToxicoGx, toxpiR, toxSummary, TPMplt, TPP, TPP2D, tracee, track2KBA, trackeR, tradepolicy, tradeSeq, Trading, traineR, traitstrap, TrajectoryGeometry, trajmsm, transcriptogramer, transcriptR, transformerForecasting, transite, transmem, transmogR, transPlotR, TransProR, traumar, trawl, TreatmentPatterns, TreatmentSelection, treeclim, treeclimbR, treeDA, TreeDiagram, treefit, treeheatr, treekoR, treemap, treemapify, treeshap, treesliceR, trekcolors, trelliscopejs, trialr, tricolore, tricycle, tRigon, trinROC, triplot, triptych, tRNA, TSAR, TSCAN, TSCS, tsdataleaks, TSDFGS, tsentiment, tsfgrnn, tsfknn, tsgc, tsiR, tsnet, TSS.RESTREND, TSsmoothing, tsviz, tswge, TUFLOWR, tune, turkeyelections, tvm, tvmediation, TVMM, TVTB, tvthemes, twang, twig, twoddpcr, twowaytests, txshift, ubair, UBayFS, ubiquity, ubms, UComp, UCSCXenaShiny, ufs, ukbtools, Ularcirc, ulrb, ultrapolaRplot, Umatrix, UMI4Cats, umiAnalyzer, umx, UnalR, UncDecomp, UNCOVER, unhcrthemes, unikn, UniprotR, universalmotif, unusualprofile, uotm, UpAndDownPlots, updog, UpDown, UPG, UpSetR, UpSetVP, upstartr, utile.visuals, utsf, vaccine, vaccineff, vachette, VALERIE, valhallr, valr, valueSetCompare, vangogh, vannstats, vanquish, VarCon, VarSelLCM, vchartr, vcmeta, vctsfr, VDAP, vDiveR, VDJdive, VDSM, vecmatch, veesa, VennDetail, VetResearchLMM, vhcub, vICC, vici, vidger, viewpoly, vigicaen, vimpclust, VIMPS, vip, viraldomain, viridis, virtualPollen, Virusparies, visa, viscomp, visdat, ViSe, ViSiElse, VisitorCounts, vissE, vistime, vistributions, visualpred, visvaR, visvow, visxhclust, vital, vivainsights, vivaldi, vivid, vivo, VLTimeCausality, vmeasur, voi, voiceR, volatilityTrader, volcano3D, volcanoPlot, volker, voluModel, voteogram, voxel, Voyager, vpc, vprr, vsn, VSOLassoBag, vsp, vvshiny, VWPre, wacolors, wactor, wakefield, walkboutr, walker, walrus, washi, WASP, waterfalls, Wats, wavClusteR, waves, wdnr.gis, wearables, WeatherSentiment, webr, webSDM, weed, weibulltools, WeightIt, weird, weitrix, welo, wevid, wgaim, WhatsR, whippr, whoa, whomds, wiggleplotr, wikiprofiler, wilson, windows.pls, wingen, WINS, WLogit, WMAP, WordListsAnalytics, wordmap, wordpredictor, workflowsets, WorldMapR, WormTensor, worrrd, wpa, wpm, wppExplorer, wql, WQM, wqspt, wqtrends, wrappedtools, WrensBookshelf, WRI, WRSS, wsjplot, WVPlots, x.ent, xadmix, XDNUTS, xenLite, Xeva, xgrove, xgxr, XINA, xmrr, xpose.nlmixr2, xpose.xtras, xray, xsp, xxdi, xxIRT, yamlet, YatchewTest, ycevo, YEAB, yorkr, ypr, YRmisc, yuimaGUI, zcurve, zebu, zenith, ZetaSuite, zFPKM, zitools, ztype",NA,"abctools, abd, abn, accessibility, acledR, activatr, AdaptGauss, adaptr, adelie, adept, adformR, adjustedCurves, adklakedata, adoptr, adw, afcolours, afdx, afex, affiner, aggregateBioVar, agridat, ags, ahpsurvey, aifeducation, aire.zmvm, airGR, ALDEx2, aldvmm, alfred, AlleleShift, alone, AMAPVox, amazonadsR, amazons3R, amazonspR, ambit, AMISforInfectiousDiseases, AmpGram, amt, animint2, anscombiser, antaresViz, AntibodyForests, antitrust, AntMAN, ao, aopdata, aorsf, api2lm, appeears, appleadsR, appsflyeR, apsimx, AquaBEHER, ar.matrix, arcgeocoder, archetypes, archivist, arctools, arf, ARPobservation, arthistory, ARTool, artpack, ARUtools, ascotraceR, ashapesampler, ashr, ast2ast, ASURAT, asymptor, ATbounds, atime, atrrr, aum, autothresholdr, av, avocado, awinR, awst, babette, bacondecomp, bage, bagyo, bakeoff, bambu, banditpam, bang, bangladesh, Banksy, baRulho, BAS, basemaps, BaseSet, BatchGetSymbols, bayesbio, BayesDissolution, bayesplay, bayesPO, BayesPPD, bayestestR, bayesTFR, bbk, bbmle, bcdata, bcf, bcmaps, beer, belg, bench, benchmarkfdrData2019, benchmarkme, benchr, benthos, bestNormalize, BetaBit, bib2df, bidask, BiDimRegression, bingadsR, binom, binsegRcpp, bioassayR, biobroom, BioCor, biogas, biogram, Bioi, BioQC, biostat3, Biostatistics, BioTIP, biplotEZ, BIS, bistablehistory, bitmexr, blackmarbler, BlandAltmanLeh, blastula, blockCV, bmm, bnns, bnRep, bodenmiller, BOJ, bootCT, bootUR, borrowr, brainGraph, breathteststan, brickset, bridgedist, brokenstick, broom, broom.helpers, broom.mixed, brotli, brpop, bruneimap, brunnermunzel, BSDA, bsitar, bslib, bssm, bsub, btergm, bugphyzz, bulletcp, bwsTools, campaignmanageR, canadamaps, cancensus, CancerGram, Canek, cansim, canvasXpress, caRecall, cartographer, CatastRo, catregs, causalBatch, cbbinom, ccdR, CDatanet, CDMConnector, CellBench, cellmigRation, celltrackR, censcyt, censo2017, censobr, Census2016, centerline, CEOdata, cfr, CGGP, ChangePointTaylor, checkmate, cherryblossom, childsds, chilemapas, ChillModels, choroplethrMaps, chouca, chron, cia, ciftiTools, CircularSilhouette, cito, ciTools, civis, clap, clayringsmiletus, cleaner, clidatajp, clinUtils, CLLmethylation, cloneRate, clugenr, clusternomics, ClusterSignificance, ClustIRR, ClustMC, clustNet, clustTMB, cmhc, cnmap, CNVreg, coda.base, codingMatrices, codyn, CohortCharacteristics, CohortConstructor, CohortSymmetry, collapse, collateral, ColombiAPI, ColOpenData, colorednoise, ColorNameR, colorspace, Colossus, cols4all, comets, COMMA, comparer, COMPASS, complexlm, COMPoissonReg, comtradr, concordexR, concstats, CondCopulas, condiments, confcons, confintROB, conformalbayes, ConformalSmallest, connectapi, ConsensusOPLS, consensusSeekeR, CONSTANd, constellation, constructive, contactdata, container, contoureR, contrast, copre, copulaSim, CornerstoneR, correlation, cosmosR, counterfactuals, covafillr, covidmx, covidnor, CPAT, cpp11, cpsvote, crandep, cricketdata, crimedatasets, crosstable, crosstalk, crsuggest, csdata, cSEM, csmaps, csquares, cstime, CTD, ctxR, curatedAdipoChIP, curatedAdipoRNA, CuratedAtlasQueryR, curatedPCaData, cusum, cvdprevent, cvequality, cxr, cyclomort, Cyclops, czechrates, DAISIE, damAOI, dams, danstat, DAPAR, datamods, dataresqc, datarobot, datasauRus, datawizard, datplot, dawaR, daymetr, ddplot, debkeepr, DeclareDesign, deconvolveR, deconvR, decoupleR, deepdep, DeepLearningCausal, deltatest, DemoKin, densityarea, densvis, denvax, DepInfeR, depmap, derfinder, derivmkts, descstat, designr, desirability2, desla, detrendr, DEXiR, dexter, dexterMST, DGEobj.utils, dggridR, dials, DiDforBigData, diffuStats, DImodelsMulti, Dino, dint, DirectEffects, directlabels, disaggR, DisaggregateTS, disclapmix, discrim, diseasystore, DisImpact, disk.frame, dispositionEffect, distfromq, distributional, divvy, DMCfun, dodgr, domir, doseminer, dplyr, dpseg, drake, drawer, DrBats, droll, DRquality, DrugExposureDiagnostics, drugTargetInteractions, DrugUtilisation, dsb, dscore, DSjobtracker, DSSP, dtrackr, dynamAedes, dynamicSDM, dynConfiR, dynutils, earthtones, easystats, EbayesThresh, ebirdst, ec50estimator, ecb, Ecfun, echo.find, ecoCopula, ecolRxC, economiccomplexity, ecopower, ecostats, ecotox, ecotraj, ecpc, edfReader, edgarWebR, edge, educationR, eemR, eesim, efdm, EFDR, EHR, ehymet, eia, eiCircles, eiopt2, ElectDecomp, EloOptimized, embed, emmeans, EMMIXmfa, emphatic, emuR, enrichViewNet, enrichwith, eph, epialleleR, epicasting, epichains, epidatr, epigraphdb, EpiInvert, epiparameter, epiR, EpiSignalDetection, epitrix, EpiTxDb, eq5d, equatiomatic, ergm.multi, errors, esetVis, etl, etm, etwfe, eurlex, europepmc, evaluate, evreg, ewceData, exact2x2, export, expss, ExtDist, extras, extrasteps, eyelinker, f1dataR, fable.prophet, facebookadsR, facebookleadsR, facebookorganicR, facerec, factory, fakir, familiar, fastcpd, fastglmpca, fastRhockey, FCO, FDboost, fddm, fec16, feisr, fermicatsR, fetchGoogleAnalyticsR, fetchSalesforceR, FFdownload, fgeo.analyze, finalsize, findSVI, fio, fishdata, fitbitScraper, fitdistrplus, fitHeavyTail, fitODBOD, fitode, fitzRoy, fivethirtyeight, fixest, flacco, flexrsurv, flextable, flightsbr, FLOPART, flowml, flowTime, fma, fmesher, FMM, fMRIscrub, fmx, forcats, forceR, forrel, forstringr, forwards, fourierin, fractional, fredr, frenchCurve, frenchdata, frequencyConnectedness, FRESA.CAD, FSelectorRcpp, functiondepends, funData, funrar, funtimes, furrowSeg, fuser, FusionLearn, fuzzyjoin, fwlplot, gaiah, gameR, gapminder, gasanalyzer, gcatest, gcplyr, GDAdata, gear, gemma.R, gender, geneplast, GeneralizedWendland, GENESIS, genieBPC, GenomicDataCommons, geoAr, geobr, geocodebr, geocomplexity, geofi, geohashTools, GeoThinneR, GeRnika, gesso, GetBCBData, GetDFPData, GetDFPData2, GetFREData, GetLattesData, GetQuandlData, GetTDData, ggeffects, ghcm, ghibli, ghypernet, gifski, GIFT, GillespieSSA2, giniVarCI, gips, giscoR, git2rdata, glm.predict, GLMcat, glmGamPoi, glmmTMB, glmpca, gofigR, googleadsR, gplite, graphhopper, graphicalExtremes, graphicalMCP, graphlayouts, grates, gravmagsubs, Greg, greta, gridDebug, gridExtra, gridpattern, GROAN, groupdata2, GroupSeq, growR, growthcurver, growthrates, gsDesign2, GSgalgoR, gsignal, gsloid, GSODR, gstat, GSVA, gt, gtable, gtfs2emis, gtfsrouter, gtfstools, guardianapi, Guerry, gutenbergr, h2o, h3jsr, habtools, hacksig, hal9001, handwriterRF, Haplin, harrietr, hbbr, HCATonsilData, hdbayes, hdcate, HDCytoData, hdfqlr, HDiR, HDShOP, headliner, healthatlas, heddlr, helsinki, heplots, hereR, hermiter, heuristica, hexDensity, HGDMr, HIBAG, highcharter, highOrderPortfolios, hilbertSimilarity, hIRT, HistData, historydata, hmclearn, HMP16SData, HMP2Data, holodeck, hoopR, Horsekicks, horseshoe, hpa, hrf, hsrecombi, HTLR, hubeau, hubEnsembles, HuBMAPR, hues, hutils, huxtable, hwep, hybridts, hypergeo2, hystReet, ialiquor, iBART, ibmdbR, icarus, icr, ICvectorfields, idiogramFISH, ie2miscdata, ifo, igcop, IgGeneUsage, igoR, iGraphMatch, igrf, IHW, imagefluency, imager, imaginator, imgrec, immApex, imputeFin, imuf, incidence2, IncidencePrevalence, incubate, ineAtlas, inlabru, INLAspacetime, insee, instagramadsR, installr, interfacer, interp, inters, InterVA5, iNZightPlots, IPEDS, iperform, ipolygrowth, ipumsr, irg, irt, isoband, isocalcR, isocat, isotracer, ivmte, ivreg, JacobiEigen, jetty, jlmerclusterperm, jmvcore, JointAI, jointest, jSDM, junctions, kalmanfilter, kamila, kDGLM, kdry, keras, keras3, kergp, kernstadapt, kfigr, khroma, kibior, kidsides, kim, kimfilter, kinematics, kiwisR, kko, klsh, kmc, knitrBootstrap, KSD, L2E, labelr, LAGOSNE, Lahman, latentFactoR, latex2exp, latrend, lay, lda, ldsr, learningtower, LearnNonparam, letsR, lfa, lgrdata, lillies, liminal, limonaid, limorhyde, limorhyde2, linkedInadsR, listdown, LKT, lme4, lmls, LMMsolver, LocalControl, LocalCop, localIV, lofifonts, LogisticRCI, logitnorm, logitr, lognorm, longevity, longmixr, loo, LOPART, lotri, lphom, LPWC, lrd, LSMRealOptions, lspline, LTASR, lutz, luz, lzstring, m5, macleish, MAd, maddison, madrat, magick, magrene, maicplus, mailchimpR, makeit, MANOVA.RM, mapchina, mapfit, mapi, mapsapi, mapscanner, mapsFinland, mapSpain, maq, marginaleffects, margins, marked, marketr, markets, markovmix, marqLevAlg, marquee, MARSS, MASSExtra, matchingMarkets, maths.genealogy, matrixStats, matrixStrucTest, matsindf, mcbette, MedDataSets, medExtractR, medicalrisk, medicare, MedLEA, melt, memor, MerfishData, meshed, metabinR, metalite, metalite.table1, MetaStan, meteospain, metevalue, methcon5, methylCC, mets, mfGARCH, mgc, MGDrivE2, MGLM, MGnifyR, Mhorseshoe, miaSim, miceFast, micemd, microbenchmark, MicrobiomeBenchmarkData, MicroMoB, midasHLA, midfieldr, mifa, miic, mikropml, milr, miniPCH, missForestPredict, missMethods, mistr, mixdir, mixIndependR, MixMatrix, mlogit, mlr3pipelines, mlr3resampling, mlr3torch, mlrMBO, MLVSBM, mmb, mmrm, MNLpred, modelbased, modeldata, modelr, modelsummary, modisfast, MODISTools, ModStatR, MOEADr, momentuHMM, mongolite, MonteCarlo, moonBook, morphemepiece, morrowplots, mort, mortAAR, mosaicData, mousetRajectory, move, move2, mpathsenser, MSA2dist, MSG, mstate, mthapower, MTLR, MTPS, mtsta, MultiBD, multifunc, multilevelmod, multipleOutcomes, multiROC, multiverse, munsell, musica, mvGPS, mvinfluence, mvMAPIT, mvSLOUCH, mwshiny, naspaclust, NBAloveR, NBAMSeq, nbapalettes, nbTransmission, nc, ndi, neotoma2, nestedLogit, NestLink, net4pg, NetMix, netplot, netSmooth, nett, networkABC, NeuralEstimators, neurobase, NewWave, ngboostForecast, nhanesA, nhdplusTools, NHSRdatasets, nic, nichetools, NitrogenUptake2016, nlmixr2, nlraa, nls.multstart, nlsr, NlsyLinks, nLTT, NMcalc, NMdata, NMsim, nn2poly, nnSVG, NNTbiomarker, nodeSub, nominatimlite, nomisr, nosoi, NPARC, NPRED, npsurvSS, nseq, nswgeo, ntdr, ntfy, numberofalleles, nuts, NVAR, nzelect, OBIC, oblicubes, occupancy, oddsapiR, OECD, officedown, officer, ohenery, ohsome, OmicNavigator, OmnipathR, omock, OmopSketch, OmopViewer, onbabynames, OncoDataSets, openalexR, opendatatoronto, OpenMx, OpenRange, openrouteservice, OpenSpecy, openxlsx2, OptCirClust, optimizeR, optimLanduse, OptimModel, optimParallel, optiSel, OPWeight, Organism.dplyr, orthosData, outcomerate, outlierensembles, overtureR, OVESEG, oxcAAR, ozbabynames, paar, packcircles, pacu, padma, padr, pafdR, pagenum, pagoda2, paleoDiv, palette, paletteer, palettetown, palmerpenguins, pals, pander, papaja, parallelDist, parameters, ParamHelpers, paramix, paramtest, PaRe, parSim, PartialNetwork, passport, passt, pastclim, Path.Analysis, PatientLevelPrediction, PatientProfiles, PBImisc, pbm, pbox, pcalg, pcaMethods, pcFactorStan, pct, pder, pdi, PDQutils, pdSpecEst, pdxTrees, PeakError, PeakSegDisk, PeakSegDP, PeakSegJoint, PeakSegOptimal, pedalfast.data, penetrance, penppml, perccalc, PerformanceAnalytics, periscope2, permutes, phangorn, PheCAP, PhenotypeR, PHENTHAUproc, phoenix, photobiologyFilters, photobiologyInOut, photobiologyLamps, photobiologyPlants, photobiologySensors, phsmethods, phylosamp, phylosem, phyr, PiC, picohdr, piecepackr, pillar, pinterestadsR, pipeflow, pivotea, pivottabler, pixarfilms, pkgndep, pkgnet, PKNCA, PL94171, planet, plantTracker, PlatformDesign, platowork, pleLMA, plnr, PlotFTIR, plotgardener, plotHMM, plotscale, plotscaper, plspm, plyranges, pmcalibration, PNWColors, pocketapi, pointblank, poldis, polle, pollen, pollster, Polychrome, polymapR, polyRAD, pomp, pompp, PoolDilutionR, poolHelper, popReconstruct, poputils, portalr, portvine, posologyr, posterior, PosteriorBootstrap, power.transform, PPforest, pqsfinder, PRA, PRDA, pre, PredTest, prenoms, prepplot, presenter, presize, prevtoinc, primarycensored, pROC, profr, ProjectTemplate, projmgr, ProteoDisco, PRROC, psborrow2, PSCBS, psd, pseudohouseholds, pseval, psychonetrics, public.ctn0094data, purgeR, pwr, pysd2r, qcmetrics, QFeatures, qlifetable, QSutils, quadcleanR, qualmap, qualvar, QuantBondCurves, quantdr, quantities, QuantNorm, questionr, queuecomputer, quickPlot, quincunx, quoradsR, R2admb, R2D2ordinal, r2pptx, r2rtf, r3PG, R3port, r5r, R6P, radarBoxplot, Rage, ragtop, RAINBOWR, RaMS, RandomForestsGLS, RandomWalker, rangeMapper, rankrate, Raquifer, RAREsim, rasterList, rasterpic, rasterVis, raw, raybevel, rayshader, rb3, rbi, rbmi, rcbayes, RcmdrPlugin.EZR, RcmdrPlugin.MA, rco, Rcompadre, RcppHungarian, RCzechia, rdataretriever, RDHonest, rdhs, rdi, RDML, RDSsamplesize, rdtLite, readabs, readMDTable, readrba, readsdr, rearrr, recipes, Recon, recount, recountmethylation, redditadsR, REddyProc, redistmetrics, regionReport, regions, registr, ReliabilityTheory, relliptical, rem, remap, remotePARTS, rempsyc, reporter, repoRter.nih, representr, reservr, retrodesign, retrofit, retroharmonize, reval, revdbayes, reveneraR, Revticulate, revulyticsR, rex, rfars, rfordummies, RforProteomics, RGENERATEPREC, rgoslin, rhdf5, rhosa, ribd, ricu, ridgetorus, riem, riskParityPortfolio, riverconn, rivr, rKolada, rlc, rLFT, rmacrostrat, rmcorr, rmdfiltr, rmdformats, rmdl, rmdpartials, rnaturalearth, rnbp, rnnmf, rnpn, RoBSA, robust2sls, robustbase, robustlmm, robustmatrix, rODE, roloc, ropenmeteo, rosmium, roundwork, rpact, rpanel, rpf, rplanes, rpmodel, rPref, RQEntangle, rrcov3way, rredlist, RRphylo, rrscale, rsample, rSDI, rsetse, rsofun, rSPDE, rsppfp, rsprite2, rstac, rstpm2, rsvd, rsvg, rsyncrosim, rtematres, rtf, Rthingsboard, rtide, rTPC, RTransferEntropy, rTRM, rtweet, rTwig, rubias, runstats, rvec, rvinecopulib, RWmisc, S4DM, saccadr, sadists, safetyGraphics, SAGMM, salesforcer, SAMBA, sampledatasets, SAMtool, sand, sarks, sbo, SC2API, scales, scanstatistics, ScatterDensity, SCDB, scDblFinder, scdhlm, scDiffCom, schrute, schtools, SCIBER, scico, scimo, scmeth, scone, scoringRules, scPCA, SCpubr, scry, scviR, SDaA, sdmpredictors, sdmTMB, sdmvspecies, sdsfun, seer, seewave, segregation, selectKSigs, semEff, sentopics, seqhandbook, seqtrie, sequenceR, seriation, SEtools, SeuratObject, sf, sfcentral, sfcr, sfd, sfdep, SFM, sfnetworks, sftime, sftrack, shades, shannon, shapr, shidashi, shiny, shiny.fluent, shiny.tailwind, shinybrms, shinydlplot, shinyjqui, shinymeta, shinyMobile, shinyPredict, shinytest2, shinyWidgets, shopifyadsR, sift, SightabilityModel, sigmoid, signnet, signs, siie, simcausal, simDAG, simdata, SimDesign, SimEngine, simglm, simhelpers, simITS, SimNPH, simodels, simphony, simPIC, simpleSeg, simplifyEnrichment, SIMplyBee, simpr, simRestore, simstandard, simstudy, SimSurvey, simTool, SimTOST, simtrial, simulator, simulist, Single.mTEC.Transcriptomes, SingleCaseES, SingleCellAlleleExperiment, SingleCellMultiModal, SingleR, SIT, sitmo, sits, sjmisc, sjstats, skpr, skylight, slackr, slim, smacof, smcfcs, smer, SMFilter, smidm, smile, smof, smoothy, snapchatadsR, snifter, snvecR, socialmixr, sociome, socviz, Sofi, SomaDataIO, SomaticCancerAlterations, sotkanet, SpaceMarkers, SpaDES.core, spant, sparklyr, sparrpowR, sparseMVN, SparseVFC, SpatialEpi, spatialSimGP, spbabel, spbal, spdep, SPECK, spheresmooth, SPIChanges, splatter, SplicingFactory, splots, spmodel, spongebob, squeezy, srvyr, ssmodels, SSN2, SSNbler, SSOSVM, ssPATHS, sspm, stabm, standardlastprofile, starm, stars, StateLevelForest, states, statquotes, stats19, statsExpressions, stenR, stepcount, stors, StratifiedSampling, streamDAG, streamDepletr, stressor, strider, struct, StructuralVariantAnnotation, SubcellularSpatialData, subincomeR, sugarbag, summclust, SunsVoc, SuperLearner, supernova, supersigs, superspreading, Surrogate, surveyCV, surveygraph, surveyvoi, SurvMetrics, survML, svaNUMT, svaRetro, swag, swaRmverse, swfdr, swipeR, synapsis, synaptome.db, T4transport, tableone, taboolaR, TabulaMurisSenisData, tabxplor, TAD, taipan, TAPseq, tayloRswift, tbl2xts, tboot, tbrf, TCGAretriever, TeachingDemos, teal, teal.reporter, tealeaves, TEKRABber, tensorEVD, terminaldigits, testassay, testDriveR, TestFunctions, texreg, textplot, TFEA.ChIP, tfestimators, tfevents, TFutils, tgver, themis, threesixtygiving, tibble, tictactoe, tidybulk, tidycat, tidycensus, tidyEmoji, tidyfit, tidyfst, tidygeocoder, tidyHeatmap, tidyhte, tidyhydat, tidyjson, tidylda, tidylo, TidyMultiqc, tidync, tidyomics, tidysmd, tidytext, tidytransit, tidytreatment, tidyxl, tigris, tiktokadsR, tikzDevice, timeSeriesDataSets, timevarcorr, tint, tinycodet, tinylabels, tinysnapshot, tinytable, tissueTreg, tlars, tmap, Tmisc, tongfen, toolStability, topChef, totalcensus, tourr, trace, tracerer, trackdf, transx, trapezoid, treasury, TreeAndLeaf, treedater, TreeDist, treeio, treespace, treestats, treestructure, TreeSummarizedExperiment, TREG, trending, TRexSelector, TriDimRegression, tRNAscanImport, troopdata, trouBBlme4SolveR, trtswitch, truelies, tsbox, tsfeatures, tsibble, tsibbledata, tsibbletalk, TSrepr, tuberculosis, tufterhandout, TumourMethData, tvgeom, twitteradsR, twoxtwo, UBL, UCell, uci, ukbabynames, ukgasapi, ukpolice, unicol, unitquantreg, units, unmconf, unvotes, USA.state.boundaries, usdata, usdatasets, usefun, usincometaxes, UsingR, usmap, uSORT, utile.tools, vacuum, vagalumeR, VancouvR, VARcpDetectOnline, VariantAnnotation, vcdExtra, vcfR, vdar, vdiffr, VDPO, VecDep, velociraptor, venn, vermeulen, vetiver, vimp, vinereg, vioplot, vipor, viridisLite, VirtualPop, visOmopResults, visreg, vMF, volleystat, vote, vroom, vtree, warbleR, WARDEN, WaveSampling, waydown, waywiser, wbstats, wbwdi, wdpar, weatherOz, wehoop, WeightedROC, wesanderson, where, whereami, whitewater, widyr, wildlifeDI, wildmeta, windfarmGA, windsoraiR, WoodSimulatR, WordR, workloopR, worldbank, woylier, WpProj, WRS2, wrswoR, xaringanthemer, xdvir, xgb2sql, xgboost, XICOR, XLConnect, yardstick, yfR, zenplots, zinbwave, ZIprop, zoo, zoolog, ztpln, ZVCV","AMR, cmocean, jamba, LOLA, parttree, surveillance, tis",NA,10.32614/CRAN.package.ggplot2,TRUE,TRUE,TRUE,FALSE,2
ggplot2.utils,0.3.2,NA,"ggplot2 (>= 3.3.0), R (>= 3.6)","checkmate, EnvStats, ggpp, ggstats, survival",NA,"dplyr, lifecycle, testthat (>= 3.0.0), tibble, vdiffr",NA,Apache License 2.0,NA,NA,NA,NA,e2a86e392c9fd176f22f47253dc171a6,no,NA,"Daniel Sabanés Bové [aut, cre],
  Samer Mouksassi [aut] (wrote original Kaplan-Meier code),
  Michael Sachs [aut] (wrote original Kaplan-Meier code),
  F. Hoffmann-La Roche AG [cph, fnd]","c(
    person(""Daniel"", ""Sabanés Bové"", , ""daniel.sabanes_bove@rconis.com"", role = c(""aut"", ""cre"")),
    person(""Samer"", ""Mouksassi"", role = ""aut"",
           comment = ""wrote original Kaplan-Meier code""),
    person(""Michael"", ""Sachs"", role = ""aut"",
           comment = ""wrote original Kaplan-Meier code""),
    person(""F. Hoffmann-La Roche AG"", role = c(""cph"", ""fnd""))
  )",NA,https://github.com/insightsengineering/ggplot2.utils/issues,NA,NA,NA,NA,NA,NA,NA,NA,NA,NA,NA,"'geom_km.R' 'geom_km_ticks.R' 'geom_table.R' 'ggproto.R'
'package.R' 'stat_km_compute.R' 'stat_km.R' 'stat_km_ticks.R'
'stat_n_text.R' 'stat_prop.R' 'table_themes.R' 'ttheme_set.R'",NA,NA,NA,NA,2024-06-25,2024-06-25 21:10:02 UTC,"Selected utilities, in particular 'geoms' and 'stats'
    functions, extending the 'ggplot2' package. This package imports
    functions from 'EnvStats' <doi:10.1007/978-1-4614-8456-1> by Millard
    (2013), 'ggpp' <https://CRAN.R-project.org/package=ggpp> by Aphalo et
    al. (2023) and 'ggstats' <doi:10.5281/zenodo.10183964> by Larmarange
    (2023), and then exports them. This package also contains modified
    code from 'ggquickeda' <https://CRAN.R-project.org/package=ggquickeda>
    by Mouksassi et al. (2023) for Kaplan-Meier lines and ticks additions
    to plots.  All functions are tested to make sure that they work
    reliably.",UTF-8,NA,en-US,NA,NA,NA,NA,Daniel Sabanés Bové <daniel.sabanes_bove@rconis.com>,NA,2024-06-25 20:16:04 UTC; sabanesd,NA,NA,NA,NA,Selected Utilities Extending 'ggplot2',Package,https://insightsengineering.github.io/ggplot2.utils/,NA,NA,NA,NA,NA,2024-06-25,NA,NA,NA,NA,NA,NA,10.32614/CRAN.package.ggplot2.utils,TRUE,TRUE,TRUE,FALSE,2
ggplot2movies,0.0.1,NA,R (>= 2.10.0),NA,NA,NA,NA,GPL-3,NA,NA,NA,NA,cdb07bdf83c680ac2c2c4c6d867a08d3,no,NA,"Hadley Wickham [aut, cre],
  RStudio [cph]","c(
    person(""Hadley"", ""Wickham"", , ""hadley@rstudio.com"", role = c(""aut"", ""cre"")),
    person(""RStudio"", role = ""cph"")
  )",NA,NA,NA,NA,NA,NA,NA,NA,NA,NA,NA,NA,NA,NA,NA,NA,NA,NA,NA,2015-08-25 16:05:24,"A dataset about movies. This was previously contained in ggplot2,
   but has been moved its own package to reduce the download size of ggplot2.",NA,NA,NA,true,NA,NA,NA,Hadley Wickham <hadley@rstudio.com>,NA,2015-08-25 13:37:51 UTC; hadley,NA,NA,NA,NA,Movies Data,NA,NA,NA,NA,NA,NA,NA,2015-08-25,NA,NA,NA,"animint2, ComplexUpset, ggformula, ggmulti, ggplot2, ggridges, loon.ggplot, plotluck",NA,NA,10.32614/CRAN.package.ggplot2movies,TRUE,TRUE,TRUE,FALSE,2
ggplotAssist,0.1.3,NA,R (>= 2.10),"shiny (>= 0.13), miniUI (>= 0.1.1), rstudioapi (>= 0.5),
shinyWidgets, shinyAce, stringr, tidyverse, ggplot2, dplyr,
magrittr, tibble, scales, ggthemes, gcookbook, moonBook,
editData",NA,"knitr, rmarkdown, markdown",NA,GPL-3,NA,NA,NA,NA,e1d16e3272ab114c5bc86057bf78c670,no,NA,"Keon-Woong Moon [aut, cre]","person(""Keon-Woong"", ""Moon"", email = ""cardiomoon@gmail.com"",
    role = c(""aut"", ""cre""))",NA,https://github.com/cardiomoon/ggplotAssist/issues,NA,NA,NA,NA,NA,NA,NA,NA,NA,NA,NA,NA,NA,NA,NA,NA,NA,2017-11-12 12:24:46 UTC,"An 'RStudio' addin for teaching and learning making plot using the 'ggplot2' package.
    You can learn each steps of making plot by clicking your mouse without coding.
    You can get resultant code for the plot.",UTF-8,NA,NA,true,NA,NA,NA,Keon-Woong Moon <cardiomoon@gmail.com>,NA,2017-11-12 12:16:17 UTC; cardiomoon,NA,NA,NA,NA,'RStudio' Addin for Teaching and Learning 'ggplot2',Package,https://github.com/cardiomoon/ggplotAssist,NA,knitr,NA,NA,NA,2017-11-12,NA,NA,NA,NA,NA,NA,10.32614/CRAN.package.ggplotAssist,TRUE,TRUE,TRUE,FALSE,2
ggplotgui,1.0.0,NA,R (>= 3.3.2),"plotly, shiny, ggplot2, stringr, readr, haven, readxl,
RColorBrewer",NA,NA,NA,GPL-3,NA,NA,NA,NA,3c7327190dad1cdf222ae4684c22f237,no,NA,"Gert Stulp [aut, cre]","person(""Gert"", ""Stulp"", email = ""g.stulp@rug.nl"", role = c(""aut"", ""cre""))",NA,https://github.com/gertstulp/ggplotgui/issues,NA,NA,NA,NA,NA,NA,NA,NA,NA,NA,NA,NA,NA,NA,NA,NA,NA,2017-07-08 03:25:44 UTC,Easily explore data by creating ggplots through a (shiny-)GUI. R-code to recreate graph provided.   ,UTF-8,NA,NA,true,NA,NA,NA,Gert Stulp <g.stulp@rug.nl>,NA,2017-07-07 16:24:50 UTC; gert,NA,NA,NA,NA,Create Ggplots via a Graphical User Interface,NA,https://github.com/gertstulp/ggplotgui/,NA,NA,NA,NA,NA,2017-07-08,NA,NA,NA,NA,NA,NA,10.32614/CRAN.package.ggplotgui,TRUE,TRUE,TRUE,FALSE,2
ggplotify,0.1.2,NA,R (>= 3.4.0),"ggplot2, graphics, grDevices, grid, gridGraphics, yulab.utils",NA,"aplot, colorspace, cowplot, ggimage, knitr, rmarkdown,
lattice, prettydoc, vcd, utils",NA,Artistic-2.0,NA,NA,NA,NA,3bd4a51a0406a4b44f456aa75a8093df,no,NA,"Guangchuang Yu [aut, cre] (<https://orcid.org/0000-0002-6485-8781>)","c(person(""Guangchuang"", ""Yu"", email = ""guangchuangyu@gmail.com"", role = c(""aut"", ""cre""), comment = c(ORCID = ""0000-0002-6485-8781"")))",NA,https://github.com/GuangchuangYu/ggplotify/issues,NA,NA,NA,NA,NA,true,NA,NA,NA,NA,NA,NA,NA,NA,NA,NA,NA,2023-08-09 22:50:05 UTC,"Convert plot function call (using expression or formula) to 'grob' or 'ggplot' object that compatible to the 'grid' and 'ggplot2' ecosystem. With this package, we are able to e.g. using 'cowplot' to align plots produced by 'base' graphics, 'ComplexHeatmap', 'eulerr', 'grid', 'lattice', 'magick', 'pheatmap', 'vcd' etc. by converting them to 'ggplot' objects.",UTF-8,NA,NA,NA,NA,NA,NA,Guangchuang Yu <guangchuangyu@gmail.com>,NA,2023-08-08 15:24:01 UTC; HUAWEI,NA,NA,NA,NA,Convert Plot to 'grob' or 'ggplot' Object,NA,https://github.com/GuangchuangYu/ggplotify,NA,knitr,NA,NA,NA,2023-08-09,NA,"aplot, baggr, BasketballAnalyzeR, broadSeq, clickableImageMap, cmcR, eoffice, foqat, FuseSOM, GABB, GenAI, GenomicPlot, ggbreak, ggimage, ggreveal, granulator, interflex, LipidomicsR, MOSClip, MultiRNAflow, plotgardener, RevGadgets, RplotterPkg, SeaVal, seqsetvis, singleCellTK, spatialHeatmap, VALERIE, wikiprofiler",NA,"BindingSiteFinder, ChIPseeker, CleanUpRNAseq, dce, enrichplot, genekitr, ggfun, ggtree, NeuralEstimators, OlinkAnalyze, PCAtools, plotbb, protGear, SCpubr, sigminer, SpaDES.core, sugarglider, tinyarray",NA,NA,10.32614/CRAN.package.ggplotify,TRUE,TRUE,TRUE,FALSE,2
ggplotlyExtra,0.0.1,NA,R (>= 3.5.0),"ggplot2, plotly, rlang",NA,NA,NA,GPL-3,NA,NA,NA,NA,ee2a8f7ec04dd20436aa9b89a8c8f9f0,no,NA,Omar I. Elashkar <omar.ibrahim@miuegypt.edu.eg>,NA,NA,NA,NA,NA,NA,NA,NA,NA,NA,NA,NA,NA,NA,NA,NA,NA,NA,NA,NA,2019-12-02 16:20:06 UTC,Convenience functions for smooth conversion from 'ggplot' to 'plotly' where the conversion using ggplotly() usually gives an unexpected labels. The package ease the process of making a 'plotly' figures generated from 'ggplot2' object more aesthetic in terms of labels and customizability. ,UTF-8,NA,NA,true,NA,NA,NA,Omar I. Elashkar <omar.ibrahim@miuegypt.edu.eg>,NA,2019-11-29 11:00:41 UTC; xxxmar,NA,NA,NA,NA,Extra Convenience Functions for 'Plotly',NA,NA,NA,NA,NA,NA,NA,2019-12-02,NA,NA,NA,NA,NA,NA,10.32614/CRAN.package.ggplotlyExtra,TRUE,TRUE,TRUE,FALSE,2
ggpmisc,0.6.1,NA,"R (>= 4.0.0), ggpp (>= 0.5.8)","grid, stats, ggplot2 (>= 3.5.0), scales (>= 1.3.0), rlang (>=
1.1.3), generics (>= 0.1.3), MASS (>= 7.3-60.0.1), confintr (>=
1.0.2), polynom (>= 1.4-1), quantreg (>= 5.97), lmodel2 (>=
1.7-3), splus2R (>= 1.3-5), multcomp (>= 1.4-25), multcompView
(>= 0.1-10), tibble (>= 3.2.1), plyr (>= 1.8.9), dplyr (>=
1.1.4), lubridate (>= 1.9.3)",NA,"knitr (>= 1.45), rmarkdown (>= 2.25), ggrepel (>= 0.9.5),
broom (>= 1.0.3), broom.mixed (>= 0.2.9.5), nlme (>= 3.1-160),
gginnards (>= 0.1.0-1), ggtext (>= 0.1.2), testthat, vdiffr",NA,GPL (>= 2),NA,NA,NA,NA,1535dc89bf7c6a72d7f01cad1823ccd4,no,NA,"Pedro J. Aphalo [aut, cre] (<https://orcid.org/0000-0003-3385-972X>),
  Kamil Slowikowski [ctb] (<https://orcid.org/0000-0002-2843-6370>),
  Samer Mouksassi [ctb] (<https://orcid.org/0000-0002-7152-6654>)","
    c(
    person(""Pedro J."", ""Aphalo"", email = ""pedro.aphalo@helsinki.fi"", role = c(""aut"", ""cre""), comment = c(ORCID = ""0000-0003-3385-972X"")),
    person(""Kamil"", ""Slowikowski"", role = ""ctb"", comment = c(ORCID = ""0000-0002-2843-6370"")),
    person(""Samer"", ""Mouksassi"", email = ""samermouksassi@gmail.com"", role = ""ctb"", comment = c(ORCID = ""0000-0002-7152-6654""))
    )",NA,https://github.com/aphalo/ggpmisc/issues,NA,NA,NA,NA,NA,TRUE,NA,NA,NA,NA,NA,NA,NA,NA,NA,NA,2024-11-13,2024-11-14 09:00:01 UTC,"Extensions to 'ggplot2' respecting the grammar of graphics
    paradigm. Statistics: locate and tag peaks and valleys; label plot with the
    equation of a fitted polynomial or other types of models; labels
    with P-value, R^2 or adjusted R^2 or information criteria for fitted models;
    label with ANOVA table for fitted models; label with summary for fitted
    models. Model fit classes for which suitable methods are provided by package
    'broom' and 'broom.mixed' are supported. Scales and stats to build volcano
    and quadrant plots based on outcomes, fold changes, p-values and false 
    discovery rates.",UTF-8,NA,NA,NA,NA,TRUE,NA,Pedro J. Aphalo <pedro.aphalo@helsinki.fi>,NA,2024-11-13 23:12:08 UTC; aphalo,NA,NA,NA,NA,Miscellaneous Extensions to 'ggplot2',Package,"https://docs.r4photobiology.info/ggpmisc/,
https://github.com/aphalo/ggpmisc",NA,knitr,NA,NA,NA,2024-11-14,NA,"CEMiTool, CRMetrics, explainer, forestmangr, ggquickeda, hydroroute, methylclock, neutralitytestr, qPCRtools, RQdeltaCT, shinyTempSignal, simET, teal.modules.general, visa",NA,"chem16S, coveffectsplot, MetaNet, pcutils, rTwig",NA,NA,10.32614/CRAN.package.ggpmisc,TRUE,TRUE,TRUE,FALSE,2
ggPMX,1.2.11,NA,R (>= 3.5),"data.table, yaml, R6, gtable, ggplot2 (>= 3.4.0), ggforce,
magrittr, stringr, assertthat, GGally, zoo, knitr, rmarkdown,
tidyr, dplyr, purrr, readr, rlang, checkmate, scales",NA,"testthat, xtable, vdiffr, rxode2, nlmixr2, nlmixr2data,
lixoftConnectors, xgxr, withr, lifecycle",NA,GPL-2,NA,NA,NA,NA,25b4316af4e13d774838b6019c51007d,no,NA,"Amine Gassem [aut],
  Bruno Bieth [aut],
  Irina Baltcheva [aut],
  Thomas Dumortier [aut],
  Christian Bartels [aut],
  Souvik Bhattacharya [aut],
  Inga Ludwig [aut],
  Ines Paule [aut],
  Didier Renard [aut],
  Matthew Fidler [aut, cre] (<https://orcid.org/0000-0001-8538-6691>),
  Seid Hamzic [aut],
  Benjamin Guiastrennec [ctb],
  Kyle T Baron [ctb] (<https://orcid.org/0000-0001-7252-5656>),
  Qing Xi Ooi [ctb],
  Novartis Pharma AG [cph]","c(
              person(""Amine"", ""Gassem"", email=""contact@ag-study.com"", role=c(""aut"")),
              person(""Bruno"", ""Bieth"", email=""biethb@hotmail.com"", role=""aut""),
              person(""Irina"", ""Baltcheva"", email=""irina.baltcheva@gmail.com"", role=""aut""),
              person(""Thomas"", ""Dumortier"", email="" thomas.dumortier@novartis.com"", role=""aut""),
              person(""Christian"", ""Bartels"", email=""christian.bartels@novartis.com"", role=""aut""),
              person(""Souvik"", ""Bhattacharya"", email=""souvik.bhattacharya@novartis.com"", role=""aut""),
              person(""Inga"", ""Ludwig"", email=""inga.ludwig@novartis.com"", role=""aut""),
              person(""Ines"", ""Paule"", email=""ines.paule@novartis.com"", role=""aut""),
              person(""Didier"", ""Renard"", email=""didier.renard@novartis.com"", role=""aut""),
	      person(""Matthew"",""Fidler"", role = c(""aut"", ""cre""), email = ""matt.fidler@novartis.com"", comment=c(ORCID=""0000-0001-8538-6691"")),
	      person(""Seid"", ""Hamzic"", email = ""se.hamzic@gmail.com"",role =""aut""),
              person(""Benjamin"", ""Guiastrennec"", email = ""guiastrennec@gmail.com"",role =""ctb""),
              person(""Kyle T"", ""Baron"", email = ""kyleb@metrumrg.com"",role =""ctb"", comment = c(ORCID = ""0000-0001-7252-5656"")),
              person(""Qing Xi"", ""Ooi"", email=""ooi.qingxi@gmail.com"", role=""ctb""),
              person(""Novartis Pharma AG"", role = c(""cph""))
            )",NA,https://github.com/ggPMXdevelopment/ggPMX/issues,NA,NA,NA,NA,NA,NA,NA,NA,NA,NA,NA,NA,NA,NA,NA,NA,NA,2023-11-30 16:10:06 UTC,"At Novartis, we aimed at standardizing the set of diagnostic plots used for modeling
  activities in order to reduce the overall effort required for generating such plots.
  For this, we developed a guidance that proposes an adequate set of diagnostics and a toolbox,
  called 'ggPMX' to execute them. 'ggPMX' is a toolbox that can generate all diagnostic plots at a quality sufficient
  for publication and submissions using few lines of code. This package focuses on plots recommended by ISoP
  <doi:10.1002/psp4.12161>. While not required, you can get/install the 'R' 'lixoftConnectors'
    package in the 'Monolix' installation, as described at the following url
    <https://monolix.lixoft.com/monolix-api/lixoftconnectors_installation/>.
    When 'lixoftConnectors' is available, 'R' can use 'Monolix' directly to create the required
    Chart Data instead of exporting it from the 'Monolix' gui.",UTF-8,NA,NA,NA,NA,NA,NA,Matthew Fidler <matt.fidler@novartis.com>,NA,2023-11-30 14:42:42 UTC; matt,NA,NA,NA,NA,"'ggplot2' Based Tool to Facilitate Diagnostic Plots for NLME
Models",NA,https://github.com/ggPMXdevelopment/ggPMX,NA,knitr,NA,NA,NA,2023-11-30,NA,NA,NA,nlmixr2rpt,NA,NA,10.32614/CRAN.package.ggPMX,TRUE,TRUE,FALSE,FALSE,1
ggpointdensity,0.1.0,NA,R (>= 3.2),ggplot2,NA,"viridis, dplyr",NA,GPL-3 | file LICENSE,NA,NA,NA,NA,dbcd919d5bb59f03bb68eed1370aa5c9,yes,NA,"Lukas P. M. Kremer [aut, cre] (<https://orcid.org/0000-0003-3170-6295>),
  Simon Anders [ctb] (<https://orcid.org/0000-0003-4868-1805>)","c(person(""Lukas P. M."", ""Kremer"", email = ""L-Kremer@web.de"", role = c(""aut"", ""cre""), comment = c(ORCID = ""0000-0003-3170-6295"")),
    person(""Simon"", ""Anders"", role = ""ctb"", comment = c(ORCID = ""0000-0003-4868-1805"")))",NA,https://github.com/LKremer/ggpointdensity/issues,NA,NA,NA,NA,NA,NA,NA,NA,NA,NA,NA,NA,NA,NA,NA,NA,NA,2019-08-28 14:30:02 UTC,"A cross between a 2D density plot and a scatter plot,
    implemented as a 'ggplot2' geom. Points in the scatter plot are 
    colored by the number of neighboring points. This is useful to
    visualize the 2D-distribution of points in case of overplotting.",UTF-8,NA,NA,true,NA,NA,NA,Lukas P. M. Kremer <L-Kremer@web.de>,NA,2019-08-28 13:02:49 UTC; lukas,NA,NA,NA,NA,A Cross Between a 2D Density Plot and a Scatter Plot,Package,https://github.com/LKremer/ggpointdensity,NA,NA,NA,NA,NA,2019-08-28,NA,"escape, RNAseqQC, SingleMoleculeFootprinting",NA,"BindingSiteFinder, FlowSOM, inferCSN",NA,NA,10.32614/CRAN.package.ggpointdensity,TRUE,TRUE,TRUE,FALSE,2
ggpointless,0.1.0,NA,"ggplot2 (>= 3.4.0), R (>= 3.3)","lifecycle, rlang",NA,"knitr, covr, testthat (>= 3.0.0), rmarkdown, ragg, scales,
ggtext, ggrepel, vdiffr (>= 1.0.0), spelling",NA,MIT + file LICENSE,NA,NA,NA,NA,cdac964efb92300231c6b5e949dcbd6b,no,NA,"Markus Döring [aut, cre, cph]","
    person(
     given = ""Markus"",
     family = ""Döring"",
     email = ""m4rkus.doering@gmail.com"",
     role = c(""aut"", ""cre"", ""cph""))",NA,https://github.com/flrd/ggpointless/issues,NA,NA,NA,NA,NA,NA,NA,NA,NA,NA,NA,"'aaa.R' 'data.R' 'geom-catenary.R' 'geom-chaikin.R'
'legend-draw.R' 'geom-lexis.R' 'geom-pointless.R'
'ggpointless-package.R' 'stat-catenary.R' 'stat-lexis.R'
'stat-pointless.R' 'stat_chaikin.R' 'utils.R'",NA,NA,NA,NA,NA,2024-02-09 00:30:15 UTC,"An (aspirational) collection of additional geometries and 
    statistics for 'ggplot2'. ",UTF-8,NA,en-US,true,NA,NA,NA,Markus Döring <m4rkus.doering@gmail.com>,NA,2024-02-08 15:54:38 UTC; markusdoring,NA,NA,NA,NA,Additional Geometries and Stats for 'ggplot2',NA,"https://flrd.github.io/ggpointless/,
https://github.com/flrd/ggpointless",NA,knitr,NA,NA,NA,2024-02-09,NA,NA,NA,NA,NA,NA,10.32614/CRAN.package.ggpointless,TRUE,TRUE,TRUE,FALSE,2
ggpol,0.0.7,NA,"ggplot2 (>= 3.3.0), R (>= 3.4.0)","grid, gtable, grDevices, plyr, rlang, dplyr, tibble, glue",NA,"knitr, rmarkdown",NA,MIT + file LICENSE,NA,NA,NA,NA,307725f5c76c8f3c7964a318684a31d3,no,NA,"Frederik Tiedemann [aut, cre]","person(""Frederik"", ""Tiedemann"", email = ""fj.tiedemann@googlemail.com"", role = c(""aut"", ""cre""))",NA,NA,NA,NA,NA,NA,NA,NA,NA,NA,NA,NA,NA,"'facet_share.R' 'utilities.R' 'geom_arcbar.R' 'geom_bartext.R'
'geom_boxjitter.R' 'geom_circle.R' 'geom_confmat.R'
'geom_parliament.R' 'geom_tshighlight.R' 'ggproto-classes.R'
'stat-arcbar.R' 'stat-boxjitter.R' 'stat-circle.R'
'stat-confmat.R' 'stat-parliament.R'",NA,NA,NA,NA,NA,2020-11-08 13:40:02 UTC,A 'ggplot2' extension for implementing parliament charts and several other useful visualizations. ,UTF-8,NA,NA,true,NA,NA,NA,Frederik Tiedemann <fj.tiedemann@googlemail.com>,NA,2020-11-08 13:24:59 UTC; fjtie,NA,NA,NA,NA,Visualizing Social Science Data with 'ggplot2',NA,https://github.com/erocoar/ggpol,NA,NA,NA,NA,NA,2020-11-08,NA,turkeyelections,NA,afex,NA,NA,10.32614/CRAN.package.ggpol,TRUE,TRUE,TRUE,TRUE,3
ggpolar,0.2.2,NA,ggplot2,rlang,NA,"ezcox, ggnewscale, knitr, rmarkdown, survival, cli",NA,GPL (>= 3),NA,NA,NA,NA,9e8d2c95b8d7788b58e3c93d94539dc5,no,NA,"Shixiang Wang [aut, cre] (<https://orcid.org/0000-0001-9855-7357>)","
    person(""Shixiang"", ""Wang"", , ""w_shixiang@163.com"", role = c(""aut"", ""cre""),
           comment = c(ORCID = ""0000-0001-9855-7357""))",NA,https://github.com/ShixiangWang/polar/issues,NA,NA,NA,NA,NA,NA,NA,NA,NA,NA,NA,NA,NA,NA,NA,NA,NA,2022-10-10 10:50:02 UTC,"Provides basic graphing functions to fully demonstrate
    point-to-point connections in a polar coordinate space.",UTF-8,NA,NA,NA,NA,NA,NA,Shixiang Wang <w_shixiang@163.com>,NA,2022-10-10 10:40:16 UTC; Administrator,NA,NA,NA,NA,Dots and Their Connections in Polar Coordinate System,Package,https://github.com/ShixiangWang/polar,NA,knitr,NA,NA,NA,2022-10-10,NA,NA,NA,NA,NA,NA,10.32614/CRAN.package.ggpolar,TRUE,TRUE,FALSE,FALSE,1
ggpolypath,0.3.0,NA,"R (>= 3.1), ggplot2 (>= 2.1.0)",NA,NA,"rmarkdown, knitr",NA,GPL-3,NA,NA,NA,NA,42b10bc86671071262cac118a2314e31,no,NA,"Michael D. Sumner [aut, cre],
  Kohske Takahashi [ctb] (original author of 'geom_holygon')","c(person(""Michael D."",""Sumner"",
    role = c(""aut"", ""cre""), email = ""mdsumner@gmail.com""),
    person(given = ""Kohske"", family = ""Takahashi"",
       email = ""takahashi.kohske@gmail.com"",
       role = ""ctb"", comment = ""original author of 'geom_holygon'""))",NA,https://github.com/mdsumner/ggpolypath/issues/,NA,NA,NA,NA,NA,NA,NA,NA,NA,NA,NA,NA,NA,NA,NA,NA,NA,2023-09-25 05:20:02 UTC,"Tools for working with polygons with holes in 'ggplot2', with a
    new 'geom' for drawing a 'polypath' applying the 'evenodd' or 'winding'
    rules.",UTF-8,NA,NA,yes,NA,NA,NA,Michael D. Sumner <mdsumner@gmail.com>,NA,2023-09-25 00:36:59 UTC; mdsumner,NA,NA,NA,NA,Polygons with Holes for the Grammar of Graphics,Package,"https://mdsumner.github.io/ggpolypath/,
http://rpubs.com/kohske/3522/",NA,knitr,NA,NA,NA,2023-09-25,NA,RSDA,NA,venn,NA,NA,10.32614/CRAN.package.ggpolypath,TRUE,TRUE,TRUE,FALSE,2
ggpp,0.5.8-1,NA,"R (>= 4.0.0), ggplot2 (>= 3.5.0)","stats, grid, grDevices, rlang (>= 1.0.6), vctrs (>= 0.6.0),
magrittr (>= 2.0.1), glue (>= 1.6.0), gridExtra (>= 2.3),
scales (>= 1.2.0), tibble (>= 3.1.8), dplyr (>= 1.1.0), xts (>=
0.13.0), zoo (>= 1.8-11), MASS (>= 7.3-58), polynom (>= 1.4-0),
lubridate (>= 1.9.0), stringr (>= 1.4.0)",NA,"knitr (>= 1.40), rmarkdown (>= 2.20), ggrepel (>= 0.9.2),
gginnards(>= 0.1.1), magick (>= 2.7.3), testthat (>= 3.1.5),
vdiffr (>= 1.0.5)",NA,GPL (>= 2),NA,NA,NA,NA,e23dca820ce29c460ab9b5371330c0f6,no,NA,"Pedro J. Aphalo [aut, cre] (<https://orcid.org/0000-0003-3385-972X>),
  Kamil Slowikowski [ctb] (<https://orcid.org/0000-0002-2843-6370>),
  Michał Krassowski [ctb] (<https://orcid.org/0000-0002-9638-7785>),
  Daniel Sabanés Bové [ctb],
  Stella Banjo [ctb]","
    c(
    person(""Pedro J."", ""Aphalo"", email = ""pedro.aphalo@helsinki.fi"", role = c(""aut"", ""cre""), comment = c(ORCID = ""0000-0003-3385-972X"")),
    person(""Kamil"", ""Slowikowski"", role = ""ctb"", comment = c(ORCID = ""0000-0002-2843-6370"")),
    person(""Michał"", ""Krassowski"", role = ""ctb"", comment = c(ORCID = ""0000-0002-9638-7785"")),
    person(""Daniel"", ""Sabanés Bové"", role = ""ctb""),
    person(""Stella"", ""Banjo"", role = ""ctb"")
    )",NA,https://github.com/aphalo/ggpp/issues,NA,NA,NA,NA,NA,TRUE,NA,NA,NA,NA,NA,"'annotate.r' 'compute-npc.r' 'dark-or-light.R'
'example-data.R' 'geom-grob.R' 'ggpp-legend-draw.R'
'utilities.R' 'ggp2-margins.R' 'geom-label-linked.r'
'geom-label-npc.r' 'geom-label-pairwise.r'
'geom-margin-arrow.r' 'geom-margin-grob.r'
'geom-margin-point.r' 'geom-plot.R' 'geom-point-linked.r'
'geom-quadrant-lines.R' 'geom-table.R' 'geom-text-linked.r'
'geom-text-npc.r' 'geom-text-pairwise.R' 'ggpp.R'
'position-nudge-center.R' 'position-nudge-dodge.R'
'position-nudge-dodge2.R' 'position-nudge-jitter.R'
'position-nudge-line.R' 'position-nudge-stack.R'
'position-nudge-to.R' 'scale-continuous-npc.r' 'stat-apply.R'
'stat-dens1d-filter.r' 'stat-dens1d-labels.r'
'stat-dens2d-filter.r' 'stat-dens2d-labels.r'
'stat-format-table.R' 'stat-functions.R' 'stat-panel-counts.R'
'stat-quadrant-counts.R' 'try-data-frame.R' 'weather-data.R'
'wrap-labels.R'",NA,NA,NA,NA,2024-06-30,2024-07-01 07:40:02 UTC,"Extensions to 'ggplot2' respecting the grammar of graphics 
    paradigm. Geometries: geom_table(), geom_plot() and geom_grob() add insets to 
    plots using native data coordinates, while geom_table_npc(), geom_plot_npc()
    and geom_grob_npc() do the same using ""npc"" coordinates through new 
    aesthetics ""npcx"" and ""npcy"". Statistics: select observations based on 2D 
    density. Positions: radial nudging away from a center point and nudging away
    from a line or curve; combined stacking and nudging; combined dodging and
    nudging.",UTF-8,NA,NA,TRUE,NA,TRUE,NA,Pedro J. Aphalo <pedro.aphalo@helsinki.fi>,NA,2024-06-30 21:25:57 UTC; aphalo,NA,NA,NA,NA,Grammar Extensions to 'ggplot2',Package,"https://docs.r4photobiology.info/ggpp/,
https://github.com/aphalo/ggpp",NA,knitr,NA,NA,NA,2024-07-01,ggpmisc,"carbonr, crosshap, ggplot2.utils, ggrain, GseaVis, metrica, RevGadgets, soiltestcorr, teal.modules.general, vecmatch",NA,"adjustedCurves, ggrepel, MicrobiotaProcess",NA,NA,10.32614/CRAN.package.ggpp,TRUE,TRUE,TRUE,FALSE,2
ggprism,1.0.5,NA,R (>= 3.2),"digest, ggplot2 (>= 3.2.0), glue, grid, gtable (>= 0.1.1),
rlang (>= 0.3.0), scales (>= 0.5.0), stats, tibble, utils",NA,"covr, dplyr, ggbeeswarm, ggnewscale, knitr, magrittr,
patchwork, rmarkdown, rstatix, tidyr, tinytest",NA,GPL (>= 3.0),NA,NA,NA,NA,b800779500b9ae02d30505175ffc02ad,no,NA,"Charlotte Dawson [aut, cre] (<https://orcid.org/0000-0002-7151-5971>)","
    person(given = ""Charlotte"",
           family = ""Dawson"",
           role = c(""aut"", ""cre""),
           email = ""csdaw@outlook.com"",
           comment = c(ORCID = ""0000-0002-7151-5971""))",NA,https://github.com/csdaw/ggprism/issues,NA,NA,NA,NA,NA,NA,NA,NA,NA,NA,NA,NA,NA,NA,NA,NA,NA,2024-03-21 10:50:02 UTC,"Provides various themes, palettes, and other functions
    that are used to customise ggplots to look like they were made in 'GraphPad 
    Prism'. The 'Prism'-look is achieved with theme_prism() and 
    scale_fill|colour_prism(), axes can be changed with custom guides like 
    guide_prism_minor(), and significance indicators added with add_pvalue().",UTF-8,NA,NA,true,NA,NA,NA,Charlotte Dawson <csdaw@outlook.com>,NA,2024-03-21 10:15:34 UTC; csd51,NA,NA,NA,NA,A 'ggplot2' Extension Inspired by 'GraphPad Prism',NA,"https://csdaw.github.io/ggprism/, https://github.com/csdaw/ggprism",NA,knitr,NA,NA,NA,2024-03-21,NA,"BiVariAn, CEDA, scCustomize, shinyTempSignal",NA,NA,NA,NA,10.32614/CRAN.package.ggprism,TRUE,TRUE,TRUE,FALSE,2
ggpubr,0.6.0,NA,"R (>= 3.1.0), ggplot2 (>= 3.4.0)","ggrepel (>= 0.9.2), grid, ggsci, stats, utils, tidyr (>=
1.3.0), purrr, dplyr (>= 0.7.1), cowplot (>= 1.1.1), ggsignif,
scales, gridExtra, glue, polynom, rlang (>= 0.4.6), rstatix (>=
0.7.2), tibble, magrittr",NA,"grDevices, knitr, RColorBrewer, gtable, testthat",NA,GPL (>= 2),NA,NA,NA,NA,95bf0dd0bb7114412aa283799c42c90a,no,NA,"Alboukadel Kassambara [aut, cre]","c(
    person(""Alboukadel"", ""Kassambara"", role = c(""aut"", ""cre""), email = ""alboukadel.kassambara@gmail.com""))",NA,https://github.com/kassambara/ggpubr/issues,NA,NA,NA,NA,NA,NA,NA,NA,NA,NA,NA,"'utilities_color.R' 'utilities_base.R' 'desc_statby.R'
'utilities.R' 'add_summary.R' 'annotate_figure.R' 'as_ggplot.R'
'as_npc.R' 'axis_scale.R' 'background_image.R' 'bgcolor.R'
'border.R' 'compare_means.R' 'create_aes.R' 'diff_express.R'
'facet.R' 'font.R' 'gene_citation.R' 'gene_expression.R'
'geom_bracket.R' 'geom_exec.R' 'utils-aes.R'
'utils_stat_test_label.R' 'geom_pwc.R' 'get_breaks.R'
'get_coord.R' 'get_legend.R' 'get_palette.R' 'ggadd.R'
'ggadjust_pvalue.R' 'ggarrange.R' 'ggballoonplot.R' 'ggpar.R'
'ggbarplot.R' 'ggboxplot.R' 'ggdensity.R' 'ggpie.R'
'ggdonutchart.R' 'stat_conf_ellipse.R' 'stat_chull.R'
'ggdotchart.R' 'ggdotplot.R' 'ggecdf.R' 'ggerrorplot.R'
'ggexport.R' 'gghistogram.R' 'ggline.R' 'ggmaplot.R'
'ggpaired.R' 'ggparagraph.R' 'ggpubr-package.R' 'ggpubr_args.R'
'ggpubr_options.R' 'ggqqplot.R' 'utilities_label.R'
'stat_cor.R' 'stat_stars.R' 'ggscatter.R' 'ggscatterhist.R'
'ggstripchart.R' 'ggsummarystats.R' 'ggtext.R' 'ggtexttable.R'
'ggviolin.R' 'gradient_color.R' 'grids.R' 'npc_to_data_coord.R'
'reexports.R' 'rotate.R' 'rotate_axis_text.R' 'rremove.R'
'set_palette.R' 'show_line_types.R' 'show_point_shapes.R'
'stat_anova_test.R' 'stat_central_tendency.R'
'stat_compare_means.R' 'stat_friedman_test.R'
'stat_kruskal_test.R' 'stat_mean.R'
'stat_overlay_normal_density.R' 'stat_pvalue_manual.R'
'stat_regline_equation.R' 'stat_welch_anova_test.R'
'text_grob.R' 'theme_pubr.R' 'theme_transparent.R'
'utils-geom-signif.R' 'utils-pipe.R' 'utils-tidyr.R'",NA,NA,NA,NA,2023-02-05,2023-02-10 16:20:02 UTC,"The 'ggplot2' package is excellent and flexible for elegant data
    visualization in R. However the default generated plots requires some formatting
    before we can send them for publication. Furthermore, to customize a 'ggplot',
    the syntax is opaque and this raises the level of difficulty for researchers
    with no advanced R programming skills. 'ggpubr' provides some easy-to-use
    functions for creating and customizing 'ggplot2'- based publication ready plots.",UTF-8,NA,NA,TRUE,NA,NA,NA,Alboukadel Kassambara <alboukadel.kassambara@gmail.com>,NA,2023-02-06 02:39:47 UTC; kassambara,NA,NA,NA,NA,'ggplot2' Based Publication Ready Plots,Package,https://rpkgs.datanovia.com/ggpubr/,NA,NA,NA,NA,NA,2023-02-10,"broadSeq, clustEff, SCOUTer, SKFCPD, survminer","ADAMgui, adestr, AdverseEvents, agriutilities, ale, AnanseSeurat, AnnoProbe, APCI, APCtools, asmbPLS, autoslider.core, baker, BayesChange, BayesianPlatformDesignTimeTrend, BayesMultiMode, bayMDS, bdl, BEAMR, BinMat, BioM2, bmstdr, BNPmix, BREADR, bSi, calibmsm, CeTF, ClassifyR, ClusROC, coda4microbiome, CompAREdesign, compSPOT, conformalInference.fd, convergEU, corx, CovidMutations, Coxmos, crctStepdown, CRMetrics, crosslag, csa, csmpv, cvCovEst, dae, ddtlcm, DeductiveR, DeepTarget, DEGRE, DESpace, DFD, dfoliatR, did, diversityForest, dominoSignal, dPCP, drugsens, dtComb, easier, ecocbo, EEAaq, EGAnet, ELMER, ENMTools, entropart, epidecodeR, epigraHMM, esmtools, explainer, factoextra, fastai, fastml, finnsurveytext, FlowSOM, FRK, FuncNN, FuseSOM, GABB, geneHapR, GenomicPlot, GenomicSuperSignature, geocausal, gfoRmula, ggESDA, ggheatmap, ggquickeda, ggScatRidges, GimmeMyPlot, giniCI, glmmSeq, GNAR, GrafGen, grapesAgri1, HanStat, hdcuremodels, hdpGLM, heiscore, hilldiv, hipathia, hJAM, HYPEtools, iCellR, IDEATools, iglu, ImFoR, immunarch, iNEXT.4steps, insane, InTAD, iPath, IRon, jskm, jsmodule, JWileymisc, knfi, kollaR, LeadSense, lehuynh, LinkHD, lmap, longreadvqs, LorMe, LTCDM, mappoly, mastR, mc2d, meconetcomp, mecoturn, MERO, metaviz, MethReg, methylclock, MF.beta4, miceRanger, microbial, MICSQTL, MIRit, missingHE, MSigSeg, MSPRT, MSstatsLiP, multid, musicatk, neatStats, neonPlantEcology, nlmixr2rpt, OenoKPM, ofpetrial, OhdsiReportGenerator, OlinkAnalyze, orthogene, orthos, OSLdecomposition, outqrf, parafac4microbiome, ParBayesianOptimization, pathlinkR, pbcc, pctax, PDXpower, PhosR, plotGrouper, PLSDAbatch, popstudy, powdR, PRECAST, pRecipe, predRupdate, promotionImpact, ProtE, protGear, pseudoCure, ptairMS, PUMP, qPCRhelper, QuadratiK, QurvE, RCTrep, reappraised, RegrCoeffsExplorer, reportRmd, reservoirnet, rfVarImpOOB, riskCommunicator, rKOMICS, rmlnomogram, RnaSeqSampleSize, rnmamod, rPACI, rrtable, rSAFE, RVA, scITD, scSpatialSIM, SEIRfansy, serocalculator, sgdGMF, SHAPforxgboost, ShellChron, sievePH, sigminer, signeR, simET, smplot2, SouthParkRshiny, SpatialDDLS, SPONGE, SqueakR, SRTsim, surtvep, SWTools, symptomcheckR, sysAgNPs, TADCompare, TargetDecoy, tcgaViz, TCIU, TestGardener, tidyplots, tipsae, TransProR, trawl, tRigon, TSAR, UCSCXenaShiny, UNCOVER, UniprotR, vaccine, VALERIE, vannstats, vDiveR, vecmatch, vici, viewpoly, vmeasur, voiceR, volcano3D, vsd, vvshiny, WINS, Xplortext",NA,"afex, airship, ammiBayes, biomod2, catregs, causalBatch, CelliD, cfDNAPro, ciftiTools, circRNAprofiler, clustNet, cmpsR, CohortCharacteristics, CohortConstructor, comparer, cophescan, cpr, dataquieR, demuxSNP, Dino, discourseGT, dsem, ecpc, EpiInvert, escheR, evapoRe, expertsurv, FEAST, flexFitR, formods, geneplast, geocmeans, GeoTox, GeRnika, GUniFrac, heatwaveR, iBART, idiogramFISH, inferCSN, JointAI, LMMstar, lpirfs, MerfishData, MetaNet, microeco, midasHLA, mlr, mmb, MOFA2, mxfda, nestedcv, NeuralEstimators, nipalsMCIA, NMRphasing, nuts, pafr, pcutils, pedbp, PerformanceAnalytics, PhenotypeR, plotthis, r4ss, rBiasCorrection, rcausim, RecordTest, remiod, rempsyc, RSAtools, rstatix, rTwig, scCustomize, scPCA, SIAMCAT, smartid, SpotSweeper, spStack, standR, SurvMetrics, SWIM, tabxplor, TAD, TEKRABber, TextMiningGUI, tinyarray, tpSVG, treesliceR, wrGraph, wxgenR",NA,NA,10.32614/CRAN.package.ggpubr,TRUE,TRUE,TRUE,FALSE,2
ggpval,0.2.5,NA,NA,"ggplot2, data.table",NA,"knitr, rmarkdown, markdown, testthat",NA,GPL-3,NA,NA,NA,NA,1fa9002c5a21e5a990d27a7d584538aa,no,NA,"Jun Cheng [aut, cre]","person(""Jun"", ""Cheng"", email = ""s6juncheng@gmail.com"", role = c(""aut"", ""cre""))",NA,NA,NA,NA,NA,NA,NA,NA,NA,NA,NA,NA,NA,NA,NA,NA,NA,NA,NA,2022-07-11 17:10:02 UTC,"Automatically performs desired statistical tests (e.g. wilcox.test(), t.test()) to compare between groups, 
    and adds the resulting p-values to the plot with an annotation bar.
    Visualizing group differences are frequently performed by boxplots, bar plots, etc.
    Statistical test results are often needed to be annotated on these plots. 
    This package provides a convenient function that works on 'ggplot2' objects, 
    performs the desired statistical test between groups of interest and annotates the test results on the plot.",UTF-8,NA,NA,NA,NA,NA,NA,Jun Cheng <s6juncheng@gmail.com>,NA,2022-07-11 16:48:59 UTC; Jun,NA,NA,NA,NA,Annotate Statistical Tests for 'ggplot2',Package,https://github.com/s6juncheng/ggpval,NA,knitr,NA,NA,NA,2022-07-11,NA,NA,NA,NA,NA,NA,10.32614/CRAN.package.ggpval,TRUE,TRUE,TRUE,FALSE,2
ggQC,0.0.31,NA,R (>= 2.10),"ggplot2, stats, dplyr, tidyr",NA,"testthat, gridExtra, knitr, rmarkdown, reshape2, plyr",NA,GPL-3 | file LICENSE,NA,NA,NA,NA,8a2165f44850dcd8481e5faefc28a577,no,NA,Kenith Grey,NA,NA,NA,NA,NA,NA,NA,NA,NA,NA,NA,NA,NA,NA,NA,NA,NA,NA,NA,NA,2018-12-01 05:20:27 UTC,"Plot single and faceted type quality control charts
  for 'ggplot'.  ",UTF-8,NA,NA,true,NA,NA,NA,Kenith Grey <kenithgrey@r-bar.net>,NA,2018-12-01 01:41:15 UTC; billy,NA,NA,NA,NA,Quality Control Charts for 'ggplot',Package,NA,NA,knitr,NA,NA,NA,2018-12-01,NA,NA,NA,NA,NA,NA,10.32614/CRAN.package.ggQC,TRUE,TRUE,TRUE,FALSE,2
ggQQunif,0.1.5,NA,NA,"scales, ggplot2, dplyr",NA,NA,NA,GPL-3,NA,NA,NA,NA,82e59909281555ed282ed33b738530f8,no,NA,"Robert Corty [aut, cre]","person(""Robert"", ""Corty"", email = ""rcorty@gmail.com"", role = c(""aut"", ""cre""))",NA,NA,NA,NA,NA,NA,NA,NA,NA,NA,NA,NA,NA,NA,NA,NA,NA,NA,NA,2018-03-14 09:20:45 UTC,"A quantile-quantile plot can be used to compare a sample of p-values 
  to the uniform distribution.  But when the dataset is big (i.e. > 1e4 p-values),
  plotting the quantile-quantile plot can be slow.  geom_QQ uses all the data to
  calculate the quantiles, but thins it out in a way that focuses on points near zero 
  before plotting to speed up plotting and decrease file size, when vector graphics are stored.  ",UTF-8,NA,NA,true,NA,NA,NA,Robert Corty <rcorty@gmail.com>,NA,2018-03-13 00:32:05 UTC; rcorty,NA,NA,NA,NA,Compare Big Datasets to the Uniform Distribution,Package,NA,NA,NA,NA,NA,NA,2018-03-14,NA,NA,NA,NA,NA,NA,10.32614/CRAN.package.ggQQunif,TRUE,TRUE,FALSE,FALSE,1
ggquickeda,0.3.1,NA,R (>= 4.1.0),"colourpicker, dplyr, data.table, DT, Formula, GGally (>=
2.1.0), ggbeeswarm, ggh4x, ggplot2 (>= 3.4.0), ggpmisc, ggrepel
(>= 0.7.0), ggpubr, ggstance, glue, gridExtra, Hmisc, markdown,
methods, plotly, quantreg, rlang, scales, shiny (>= 1.0.4),
shinyjs (>= 1.1), shinyjqui, stringr, survival, survminer,
tidyr, table1 (>= 1.4.2), zoo, shinyFiles, RPostgres, forcats,
ggridges, rms, tibble, patchwork (>= 1.2.0)",NA,"knitr, rmarkdown",NA,MIT + file LICENSE,NA,NA,NA,NA,ce1f98bd9e8572f7fc1d462b70edf237,no,NA,"Samer Mouksassi [aut, cre] (<https://orcid.org/0000-0002-7152-6654>),
  Dean Attali [aut],
  James Craig [aut] (implemented bookmarking and created pkgdown website),
  Benjamin Rich [aut] (provided summary stats tables table1 tab code),
  Michael Sachs [aut] (provided ggkm initial code)","c(
    person(""Samer"", ""Mouksassi"", email = ""samermouksassi@gmail.com"",
      role = c(""aut"", ""cre""),comment = c(ORCID = ""https://orcid.org/0000-0002-7152-6654"")),
    person(""Dean"", ""Attali"", email = ""daattali@gmail.com"",
      role = c(""aut"")),
    person(""James"", ""Craig"", email = ""james.craig@certara.com"",
      role = c(""aut""), comment = ""implemented bookmarking and created pkgdown website""),
    person(""Benjamin"", ""Rich"", email = ""mail@benjaminrich.net"",
      role = c(""aut""), comment = ""provided summary stats tables table1 tab code""), 
    person(""Michael"", ""Sachs"", email = ""sachsmc@gmail.com"",
      role = c(""aut""), comment = ""provided ggkm initial code"")
    )",NA,https://github.com/smouksassi/ggquickeda/issues,NA,NA,NA,NA,NA,NA,NA,NA,NA,NA,NA,NA,NA,NA,NA,NA,NA,2024-01-15 10:20:02 UTC,"Quickly and easily perform exploratory data analysis by uploading your
     data as a 'csv' file. Start generating insights using 'ggplot2' plots and
     'table1' tables with descriptive stats, all using an easy-to-use point and click 
     'Shiny' interface.",UTF-8,NA,NA,true,NA,NA,NA,Samer Mouksassi <samermouksassi@gmail.com>,NA,2024-01-15 09:36:53 UTC; smouksas,NA,NA,NA,pandoc with https support,"Quickly Explore Your Data Using 'ggplot2' and 'table1' Summary
Tables",NA,"https://github.com/smouksassi/ggquickeda,
https://smouksassi.github.io/ggquickeda/",NA,knitr,NA,NA,NA,2024-01-15,NA,NA,NA,NA,NA,NA,10.32614/CRAN.package.ggquickeda,TRUE,TRUE,TRUE,FALSE,2
ggquiver,0.3.3,NA,R (>= 3.2.0),ggplot2,NA,"dplyr, maps, sf, pkgdown, testthat",NA,GPL-3,NA,NA,NA,NA,d25ca6c8aa4a705b92eab619499d8a97,no,NA,"Mitchell O'Hara-Wild [aut, cre]","person(""Mitchell"", ""O'Hara-Wild"", email = ""mail@mitchelloharawild.com"", role = c(""aut"", ""cre""))",NA,https://github.com/mitchelloharawild/ggquiver/issues,NA,NA,NA,NA,NA,true,NA,NA,NA,NA,NA,NA,NA,NA,NA,NA,NA,2023-11-17 11:30:06 UTC,"An extension of 'ggplot2' to provide quiver plots to visualise vector fields. 
    This functionality is implemented using a geom to produce a new graphical layer, which
    allows aesthetic options. This layer can be overlaid on a map to improve visualisation
    of mapped data.",UTF-8,NA,NA,NA,NA,NA,NA,Mitchell O'Hara-Wild <mail@mitchelloharawild.com>,NA,2023-11-17 10:59:35 UTC; mitchell,NA,NA,NA,NA,Quiver Plots for 'ggplot2',NA,"https://github.com/mitchelloharawild/ggquiver,
https://pkg.mitchelloharawild.com/ggquiver/",NA,NA,NA,NA,NA,2023-11-17,NA,CoSMoS,NA,eks,NA,NA,10.32614/CRAN.package.ggquiver,TRUE,TRUE,TRUE,TRUE,3
ggragged,0.2.0,NA,ggplot2,"grid, gtable, rlang, vctrs",NA,"covr, knitr, nlme, ragg, rmarkdown, roxygen2, testthat (>=
3.0.0), vdiffr",NA,MIT + file LICENSE,NA,NA,NA,NA,d469c9456202bf56e4b0ec90e8a5a736,no,NA,"Mikko Marttila [aut, cre, cph]","
    person(""Mikko"", ""Marttila"", , ""mikkmart@protonmail.com"", role = c(""aut"", ""cre"", ""cph""))",NA,https://github.com/mikmart/ggragged/issues,NA,NA,NA,NA,NA,NA,NA,NA,NA,NA,NA,"'facet_ragged.R' 'facet_ragged_rows.R' 'facet_ragged_cols.R'
'ggragged-package.R' 'grid.R' 'gtable.R' 'layout.R'",NA,NA,NA,NA,NA,2024-10-09 17:10:02 UTC,"Extend 'ggplot2' facets to panel layouts arranged in a grid
    with ragged edges. facet_ragged_rows() groups panels into rows that
    can vary in length, facet_ragged_cols() does the same but for columns.
    These can be useful, for example, to represent nested or partially
    crossed relationships between faceting variables.",UTF-8,NA,NA,NA,NA,NA,NA,Mikko Marttila <mikkmart@protonmail.com>,NA,2024-10-09 16:56:09 UTC; Mikko,NA,NA,NA,NA,Ragged Grids for 'ggplot2',NA,"https://github.com/mikmart/ggragged,
https://mikmart.github.io/ggragged/",NA,knitr,NA,NA,NA,2024-10-09,NA,NA,NA,NA,NA,NA,10.32614/CRAN.package.ggragged,TRUE,TRUE,TRUE,FALSE,2
ggrain,0.0.4,NA,"ggplot2 (>= 3.4.0), R (>= 3.4.0)","grid, gghalves, ggpp (>= 0.5.6), rlang, vctrs (>= 0.5.0), cli",NA,"knitr, rmarkdown",NA,MIT + file LICENSE,NA,NA,NA,NA,8e24f1f21eac678fe6b1951e61022701,no,NA,"Nicholas Judd [aut, cre] (<https://orcid.org/0000-0002-0196-9871>),
  Jordy van Langen [aut] (<https://orcid.org/0000-0003-2504-2381>),
  Micah Allen [ctb] (<https://orcid.org/0000-0001-9399-4179>),
  Rogier Kievit [aut] (<https://orcid.org/0000-0003-0700-4568>)","c(
    person(""Nicholas"", ""Judd"", , ""nickkjudd@gmail.com"", role = c(""aut"", ""cre""),
           comment = c(ORCID = ""0000-0002-0196-9871"")),
    person(""Jordy"", ""van Langen"", , ""jordyvanlangen@gmail.com"", role = c(""aut""),
           comment = c(ORCID = ""0000-0003-2504-2381"")),
    person(""Micah"", ""Allen"", , """", role = c(""ctb""),
           comment = c(ORCID = ""0000-0001-9399-4179"")),
    person(""Rogier"", ""Kievit"", , """", role = c(""aut""),
           comment = c(ORCID = ""0000-0003-0700-4568"")))",NA,https://github.com/njudd/ggrain/issues,NA,NA,NA,NA,NA,NA,NA,NA,NA,NA,NA,NA,NA,NA,NA,NA,NA,2024-01-23 11:50:02 UTC,The 'geom_rain()' function adds different geoms together using 'ggplot2' to create raincloud plots. ,UTF-8,NA,NA,NA,NA,NA,NA,Nicholas Judd <nickkjudd@gmail.com>,NA,2024-01-23 10:46:27 UTC; njudd,NA,NA,NA,NA,A Rainclouds Geom for 'ggplot2',NA,https://github.com/njudd/ggrain,NA,knitr,NA,NA,NA,2024-01-23,NA,NA,NA,NA,NA,NA,10.32614/CRAN.package.ggrain,TRUE,TRUE,TRUE,FALSE,2
ggRandomForests,2.2.1,NA,"R (>= 3.5.0), randomForestSRC (>= 1.5.5), randomForest","survival, parallel, tidyr, ggplot2",NA,"testthat, rmdformats, bookdown, RColorBrewer, MASS, dplyr,
knitr, rmarkdown, plot3D, lintr, datasets",NA,GPL (>= 3),NA,NA,NA,NA,c0f46746669418e8480189467b92b90b,no,NA,John Ehrlinger <john.ehrlinger@gmail.com>,NA,NA,https://github.com/ehrlinger/ggRandomForests/issues,NA,NA,NA,NA,NA,NA,NA,NA,NA,NA,NA,NA,NA,NA,NA,NA,2022-08-31,2022-09-01 09:10:45 UTC,"Graphic elements for exploring Random Forests using the 'randomForest' or
    'randomForestSRC' package for survival, regression and classification forests and
    'ggplot2' package plotting.",UTF-8,NA,en-US,NA,NA,NA,NA,John Ehrlinger <john.ehrlinger@gmail.com>,NA,2022-08-31 19:11:49 UTC; jehrling,NA,NA,NA,NA,Visually Exploring Random Forests,Package,https://github.com/ehrlinger/ggRandomForests,NA,knitr,NA,NA,NA,2022-09-01,NA,NA,NA,NA,NA,NA,10.32614/CRAN.package.ggRandomForests,TRUE,TRUE,TRUE,FALSE,2
ggraph,2.2.1,NA,"R (>= 2.10), ggplot2 (>= 3.5.0)","dplyr, ggforce (>= 0.3.1), grid, igraph (>= 1.0.0), scales,
MASS, ggrepel, utils, stats, viridis, rlang, tidygraph,
graphlayouts (>= 1.1.0), withr, cli, vctrs, lifecycle, memoise",cpp11,"network, knitr, rmarkdown, purrr, tibble, seriation, deldir,
gganimate, covr, sf, sfnetworks",NA,MIT + file LICENSE,NA,NA,NA,NA,cacb7920286e8197ea44a31749319981,yes,NA,"Thomas Lin Pedersen [cre, aut]
    (<https://orcid.org/0000-0002-5147-4711>),
  RStudio [cph]","
    c(person(given = ""Thomas Lin"",
             family = ""Pedersen"",
             role = c(""cre"", ""aut""),
             email = ""thomasp85@gmail.com"",
             comment = c(ORCID = ""0000-0002-5147-4711"")),
      person(given = ""RStudio"",
             role = ""cph""))",NA,https://github.com/thomasp85/ggraph/issues,NA,NA,NA,NA,NA,NA,NA,NA,NA,NA,NA,NA,NA,NA,NA,NA,NA,2024-03-07 12:40:02 UTC,"The grammar of graphics as implemented in ggplot2 is a poor fit for
    graph and network visualizations due to its reliance on tabular data input.
    ggraph is an extension of the ggplot2 API tailored to graph visualizations
    and provides the same flexible approach to building up plots layer by layer.",UTF-8,NA,NA,TRUE,NA,NA,NA,Thomas Lin Pedersen <thomasp85@gmail.com>,NA,2024-03-07 08:24:28 UTC; thomas,NA,NA,NA,NA,An Implementation of Grammar of Graphics for Graphs and Networks,Package,"https://ggraph.data-imaginist.com,
https://github.com/thomasp85/ggraph",NA,knitr,NA,NA,NA,2024-03-07,"clustree, ggkegg, GOxploreR, miaViz","akc, AnimalSequences, apisensr, arulesViz, bartMan, basket, CausalQueries, CBNplot, CCPlotR, ceRNAnetsim, chemodiv, CIARA, CIMICE, cisp, CiteFuse, CKMRpop, clevRvis, clustringr, corrViz, dce, dsem, dyngen, epiCo, epiregulon.extra, finnsurveytext, fobitools, foodingraph, genBaRcode, genekitr, ggdag, goat, HospitalNetwork, HTT, imcRtools, immunarch, inferCSN, LabApplStat, manynet, MEGENA, miloR, mnda, moranajp, motifr, mulea, multinma, NAIR, netcom, NetFACS, netropy, numbat, pathfindR, pathlinkR, pGRN, phylepic, phylopath, PLEXI, ReactomePA, saotd, scClassify, scholar, scRepertoire, scTreeViz, SiFINeT, snahelper, spacejamr, specr, sSNAPPY, stminsights, tidytof, TOP, TransProR, vissE, vivainsights, whomds, wpa",NA,"amt, atrrr, cito, clustNet, correlation, crosstalkr, cspp, debkeepr, deepdep, drake, ecoCopula, EcoNetGen, economiccomplexity, ecpc, eHDPrep, epicmodel, fairadapt, ggokabeito, ghypernet, goldfish, greed, industRial, isotracer, khroma, malan, MetaNet, multifear, multimedia, netplot, OmnipathR, PaRe, particles, pcutils, plotthis, POMA, purgeR, ReporterScore, rSDI, rsetse, rvinecopulib, see, sfcr, signnet, spreadr, svines, TextMiningGUI, textplot, tgver, tidySEM, visNetwork, widyr",NA,NA,10.32614/CRAN.package.ggraph,TRUE,TRUE,TRUE,TRUE,3
ggraptR,1.3,NA,"dplyr (>= 0.7.5), ggplot2 (>= 2.2.0), pacman (>= 0.4.6),
purrr(>= 0.2.4), shiny (>= 0.12.2)",NA,NA,"knitr, markdown",NA,GPL (>= 2),NA,NA,NA,NA,8ff9925fa841f7eedd0b22d350be900a,no,NA,"Eugene Dubossarsky [aut, cph, cre],
  Julius Neggo [ctb] (Lead Developer),
  Howard Song [aut] (Developer),
  Susan Wang [ctb] (Project Manager),
  Jason Widjaja [ctb] (Vignette),
  Jose Magana [ctb] (Package Manager and Developer),
  Sergey Skripko [ctb] (Developer)","
    c(person(""Eugene"", ""Dubossarsky"", role=c(""aut"", ""cph"", ""cre""),
             email=""eugene@presciient.com""),
	     person(""Julius"", ""Neggo"", role=""ctb"", comment=""Lead Developer""),
	     person(""Howard"", ""Song"", role=""aut"", comment=""Developer""),
	     person(""Susan"", ""Wang"", role=""ctb"", comment=""Project Manager""),
	     person(""Jason"", ""Widjaja"", role=""ctb"", comment=""Vignette""),
	     person(""Jose"", ""Magana"", role=""ctb"", comment=""Package Manager and Developer""),
	     person(""Sergey"", ""Skripko"", role=""ctb"", comment=""Developer""))",NA,https://github.com/cargomoose/raptR/issues,NA,NA,NA,NA,NA,NA,NA,NA,NA,NA,NA,NA,NA,NA,NA,NA,NA,2020-06-24 05:00:03 UTC,"Intended for both technical and non-technical users to create
    interactive data visualizations through a web browser GUI without writing any
    code.",NA,NA,NA,NA,NA,NA,NA,Eugene Dubossarsky <eugene@presciient.com>,NA,2020-06-24 01:11:17 UTC; juliux,NA,NA,NA,NA,"Allows Interactive Visualization of Data Through a Web Browser
GUI",Package,NA,NA,knitr,NA,NA,NA,2020-06-24,NA,NA,NA,NA,NA,NA,10.32614/CRAN.package.ggraptR,TRUE,TRUE,FALSE,FALSE,1
ggrasp,1.2,NA,R(>= 3.1.0),"ggplot2, mixtools, ape, bgmm, colorspace, methods",NA,NA,NA,GPL-2,NA,NA,NA,NA,a4ffca12b051ec20e799c5ffb3f0a124,no,NA,"Thomas Clarke [aut, cre]","person(""Thomas"", ""Clarke"", email = ""tclarke@jcvi.org"", role = c(""aut"", ""cre""))",NA,NA,NA,NA,NA,NA,NA,NA,NA,NA,NA,NA,NA,NA,NA,NA,NA,NA,NA,2022-04-21 15:30:02 UTC,"Given a group of genomes and their relationship with each other, the package clusters the genomes and selects the most representative members of each cluster. Additional data can be provided to the prioritize certain genomes. The results can be printed out as a list or a new phylogeny with graphs of the trees and distance distributions also available. For detailed introduction see: Thomas H Clarke, Lauren M Brinkac, Granger Sutton, and Derrick E Fouts (2018), GGRaSP: a R-package for selecting representative genomes using Gaussian mixture models, Bioinformatics, bty300, <doi:10.1093/bioinformatics/bty300>.",NA,NA,NA,False,NA,NA,NA,Thomas Clarke <tclarke@jcvi.org>,NA,2022-04-21 15:10:43 UTC; tclarke,NA,NA,NA,NA,"Gaussian-Based Genome Representative Selector with
Prioritization",Package,NA,NA,NA,NA,NA,NA,2022-04-21,NA,NA,NA,NA,NA,NA,10.32614/CRAN.package.ggrasp,TRUE,TRUE,FALSE,FALSE,1
ggrastr,1.0.2,NA,R (>= 3.2.2),"ggplot2 (>= 2.1.0), Cairo (>= 1.5.9), ggbeeswarm, grid, png,
ragg",NA,"knitr, maps, rmarkdown, sf",NA,MIT + file LICENSE,NA,NA,NA,NA,c255ae3787f2c84223965f64d0c58e3a,no,NA,"Viktor Petukhov [aut, cph],
  Teun van den Brand [aut],
  Evan Biederstedt [cre, aut]","c(person(""Viktor"", ""Petukhov"", email = ""viktor.s.petukhov@ya.ru"", role = c(""aut"", ""cph"")), person(""Teun"", ""van den Brand"", email = ""t.vd.brand@nki.nl"", role=c(""aut"")), person(""Evan"", ""Biederstedt"", email = ""evan.biederstedt@gmail.com"", role=c(""cre"", ""aut"")))",NA,https://github.com/VPetukhov/ggrastr/issues,NA,NA,NA,NA,NA,NA,NA,NA,NA,NA,NA,NA,NA,NA,NA,NA,NA,2023-06-01 06:10:02 UTC,Rasterize only specific layers of a 'ggplot2' plot while simultaneously keeping all labels and text in vector format. This allows users to keep plots within the reasonable size limit without loosing vector properties of the scale-sensitive information. ,UTF-8,NA,NA,NA,NA,NA,NA,Evan Biederstedt <evan.biederstedt@gmail.com>,NA,2023-06-01 05:31:06 UTC; evanbiederstedt,NA,NA,NA,NA,Rasterize Layers for 'ggplot2',Package,https://github.com/VPetukhov/ggrastr,NA,knitr,NA,NA,NA,2023-06-01,NA,"bulkAnalyseR, ClustAssess, HetSeq, HiContacts, NanoMethViz, Nebulosa, scater, scCustomize, tidyplots",NA,"BindingSiteFinder, conos, dittoSeq, dittoViz, EnhancedVolcano, epiregulon.extra, ggalign, grandR, hahmmr, MOFA2, numbat, RNAseqQC, sccore, SCpubr, Seurat, symphony",NA,NA,10.32614/CRAN.package.ggrastr,TRUE,TRUE,TRUE,FALSE,2
ggrcs,0.4.3,NA,R (>= 4.2.0),"rms, ggplot2, scales, cowplot",NA,"knitr, rmarkdown",NA,GPL-3,NA,NA,NA,NA,4fc731e47456f4b1b71a0c2aa72d0bf4,no,NA,"Qiang LIU [aut, cre]","person(""Qiang"", ""LIU"", email = ""dege857@163.com"",
                  role = c(""aut"", ""cre""))",NA,NA,NA,NA,NA,NA,NA,NA,NA,NA,NA,NA,NA,NA,NA,NA,NA,NA,NA,2025-02-12 12:00:11 UTC,"You can use this function to easily draw a combined histogram and restricted cubic spline. 
    The function draws the graph through 'ggplot2'. RCS fitting requires the use of the rcs() function of the 'rms' package. 
    Can fit cox regression, logistic regression. This method was described by Per Kragh (2003) <doi:10.1002/sim.1497>.",UTF-8,NA,NA,true,NA,NA,NA,Qiang LIU <dege857@163.com>,NA,2025-02-12 01:18:47 UTC; liu,NA,NA,NA,NA,Draw Histograms and Restricted Cubic Splines (RCS),Package,NA,NA,knitr,NA,NA,NA,2025-02-12,NA,NA,NA,NA,NA,NA,10.32614/CRAN.package.ggrcs,TRUE,TRUE,TRUE,FALSE,2
ggredist,0.0.2,NA,R (>= 2.10),"grDevices, ggplot2, scales",NA,"sf, geos, redist",NA,MIT + file LICENSE,NA,NA,NA,NA,a2d51014bb48a37b0be6aa3eebb46fd9,no,NA,"Cory McCartan [aut],
  Christopher T. Kenny [aut, cre]
    (<https://orcid.org/0000-0002-9386-6860>)","c(
    person(""Cory"", ""McCartan"", email = ""cmccartan@g.harvard.edu"", role = ""aut""),
    person(""Christopher T."", ""Kenny"", email = ""christopherkenny@fas.harvard.edu"", 
    role = c(""aut"", ""cre""), comment = c(ORCID = ""0000-0002-9386-6860"")))",NA,https://github.com/alarm-redist/ggredist/issues,NA,NA,NA,NA,NA,NA,NA,NA,NA,NA,NA,NA,NA,NA,NA,NA,NA,2022-11-23 11:20:02 UTC,"Provides 'ggplot2' extensions for political map making. Implements
    new geometries for groups of simple feature geometries. Adds palettes and scales 
    for red to blue color mapping and for discrete maps. Implements tools for easy 
    label generation and placement, automatic map coloring, and themes.",UTF-8,NA,NA,true,NA,NA,NA,Christopher T. Kenny <christopherkenny@fas.harvard.edu>,NA,2022-11-23 01:31:33 UTC; chris,NA,NA,NA,NA,"Scales, Geometries, and Extensions of 'ggplot2' for Election
Mapping",NA,"https://github.com/alarm-redist/ggredist,
https://alarm-redist.org/ggredist/",NA,NA,NA,NA,NA,2022-11-23,NA,redistverse,NA,NA,NA,NA,10.32614/CRAN.package.ggredist,TRUE,TRUE,TRUE,TRUE,3
ggrepel,0.9.6,NA,"R (>= 3.0.0), ggplot2 (>= 2.2.0)","grid, Rcpp, rlang (>= 0.3.0), scales (>= 0.5.0), withr (>=
2.5.0)",Rcpp,"knitr, rmarkdown, testthat, svglite, vdiffr, gridExtra, ggpp,
patchwork, devtools, prettydoc, ggbeeswarm, dplyr, magrittr,
readr, stringr",NA,GPL-3 | file LICENSE,NA,NA,NA,NA,d84bbecfeb624fe1ec70f11712596b13,yes,NA,"Kamil Slowikowski [aut, cre] (<https://orcid.org/0000-0002-2843-6370>),
  Alicia Schep [ctb] (<https://orcid.org/0000-0002-3915-0618>),
  Sean Hughes [ctb] (<https://orcid.org/0000-0002-9409-9405>),
  Trung Kien Dang [ctb] (<https://orcid.org/0000-0001-7562-6495>),
  Saulius Lukauskas [ctb],
  Jean-Olivier Irisson [ctb] (<https://orcid.org/0000-0003-4920-3880>),
  Zhian N Kamvar [ctb] (<https://orcid.org/0000-0003-1458-7108>),
  Thompson Ryan [ctb] (<https://orcid.org/0000-0002-0450-8181>),
  Dervieux Christophe [ctb] (<https://orcid.org/0000-0003-4474-2498>),
  Yutani Hiroaki [ctb],
  Pierre Gramme [ctb],
  Amir Masoud Abdol [ctb],
  Malcolm Barrett [ctb] (<https://orcid.org/0000-0003-0299-5825>),
  Robrecht Cannoodt [ctb] (<https://orcid.org/0000-0003-3641-729X>),
  Michał Krassowski [ctb] (<https://orcid.org/0000-0002-9638-7785>),
  Michael Chirico [ctb] (<https://orcid.org/0000-0003-0787-087X>),
  Pedro Aphalo [ctb] (<https://orcid.org/0000-0003-3385-972X>),
  Francis Barton [ctb]","c(
    person(""Kamil"", ""Slowikowski"", email = ""kslowikowski@gmail.com"", role = c(""aut"", ""cre""), comment = c(ORCID = ""0000-0002-2843-6370"")),
    person(""Alicia"", ""Schep"", role = ""ctb"", comment = c(ORCID = ""0000-0002-3915-0618"")),
    person(""Sean"", ""Hughes"", role = ""ctb"", comment = c(ORCID = ""0000-0002-9409-9405"")),
    person(""Trung Kien"", ""Dang"", role = ""ctb"", comment = c(ORCID = ""0000-0001-7562-6495"")),
    person(""Saulius"", ""Lukauskas"", role = ""ctb""),
    person(""Jean-Olivier"", ""Irisson"", role = ""ctb"", comment = c(ORCID = ""0000-0003-4920-3880"")),
    person(""Zhian N"", ""Kamvar"", role = ""ctb"", comment = c(ORCID = ""0000-0003-1458-7108"")),
    person(""Thompson"", ""Ryan"", role = ""ctb"", comment = c(ORCID = ""0000-0002-0450-8181"")),
    person(""Dervieux"", ""Christophe"", role = ""ctb"", comment = c(ORCID = ""0000-0003-4474-2498"")),
    person(""Yutani"", ""Hiroaki"", role = ""ctb""),
    person(""Pierre"", ""Gramme"", role = ""ctb""),
    person(""Amir Masoud"", ""Abdol"", role = ""ctb""),
    person(""Malcolm"", ""Barrett"", role = ""ctb"", comment = c(ORCID = ""0000-0003-0299-5825"")),
    person(""Robrecht"", ""Cannoodt"", role = ""ctb"", comment = c(ORCID = ""0000-0003-3641-729X"")),
    person(""Michał"", ""Krassowski"", role = ""ctb"", comment = c(ORCID = ""0000-0002-9638-7785"")),
    person(""Michael"", ""Chirico"", role = ""ctb"", comment = c(ORCID = ""0000-0003-0787-087X"")),
    person(""Pedro"", ""Aphalo"", role = ""ctb"", comment = c(ORCID = ""0000-0003-3385-972X"")),
    person(""Francis"", ""Barton"", role = ""ctb"")
    )",NA,https://github.com/slowkow/ggrepel/issues,NA,NA,NA,NA,NA,NA,NA,NA,NA,NA,NA,NA,NA,NA,NA,NA,NA,2024-09-07 21:50:02 UTC,"Provides text and label geoms for 'ggplot2' that help to avoid
    overlapping text labels. Labels repel away from each other and away from the
    data points.",UTF-8,NA,NA,NA,NA,NA,NA,Kamil Slowikowski <kslowikowski@gmail.com>,NA,2024-09-07 20:12:01 UTC; ks38,NA,NA,NA,NA,"Automatically Position Non-Overlapping Text Labels with
'ggplot2'",NA,"https://ggrepel.slowkow.com/, https://github.com/slowkow/ggrepel",NA,knitr,NA,NA,NA,2024-09-07,"CAvariants, EnhancedVolcano, FactoClass, func2vis, lmap, metapone, PCAtools, SetMethods","ADAMgui, ADAPT, adproclus, AdverseEvents, affinitymatrix, agriutilities, AgroR, AgroTech, amanida, Anaconda, AneuFinder, APAlyzer, APL, apm, artMS, ATACseqTFEA, auditor, autoGO, autonomics, autostsm, baggr, bandle, BasketballAnalyzeR, bayesammi, bibliometrix, BioNAR, BioNERO, bulkAnalyseR, CA3variants, CAESAR.Suite, CAinterprTools, canadianmaps, caplot, caresid, CATALYST, celda, CellTrails, CEMiTool, CeTF, CGPfunctions, ChemoSpecUtils, ChromSCape, cinaR, CleanUpRNAseq, CLONETv2, ClustAssess, clustrd, clustree, colorrepel, CoNI, conos, conquestr, conserveR, cophescan, CoreMicrobiomeR, correlationfunnel, corrr, COTAN, Coxmos, CRMetrics, CTexploreR, cTRAP, CytoGLMM, CytoMDS, D2MCS, dampack, DEET, DEGRE, DEGreport, densityClust, DEP, DiffBind, diffUTR, dilp, discourseGT, dittoSeq, dittoViz, dmbc, douconca, dreamlet, dtwclust, dualScale, dyngen, easier, eat, EIX, ELMER, enrichplot, EntropicStatistics, epimutacions, epiomics, EpiTest, EvoPhylo, extraChIPs, factoextra, FactoMineR, Factoshiny, fastTopics, ferrn, fgeo.plot, FindIT2, flightplot, flowGraph, FRASER, FunnelPlotR, GABB, GDAtools, GeneTonic, geofacet, geosimilarity, germinationmetrics, gfer, gg4way, ggbrain, ggdag, ggdemetra, ggfacto, ggFishPlots, gghalfnorm, gghighlight, ggmanh, ggmosaic, ggnetwork, ggpie, ggpubr, ggquickeda, ggraph, ggScatRidges, ggseqplot, ggspavis, ggspectra, ggstatsplot, ggtangle, ggvolcano, giniCI, GladiaTOX, gMOIP, GOCompare, gosset, GPA, graphPAF, GseaVis, GUniFrac, gwaRs, gwasforest, gWQS, healthyR.ai, hermes, HetSeq, hidecan, HIPPO, HLMdiag, Holomics, HYPEtools, iCellR, icertool, ideal, idm, immunarch, influenceAUC, interca, inTextSummaryTable, iNZightRegression, ISAnalytics, iSEE, isobxr, iwaqr, jmv, jointVIP, jrSiCKLSNMF, jsmodule, keyATM, kindisperse, klovan, knowYourCG, konfound, LDABiplots, limpca, LipidomicsR, locuszoomr, LRcell, LSX, MACSQuantifyR, MAGeCKFlute, manhplot, MassWateR, matuR, MBAnalysis, MCAvariants, MEGENA, MesKit, metaGE, MetAlyzer, metan, MetaNet, MetaPhOR, metaprotr, mFD, mglasso, miaViz, MicrobiomeStat, MicrobiotaProcess, miloR, mixOmics, mixpoissonreg, mizer, mobileRNA, MOCHA, MOFA2, morepls, mosdef, MSEtool, MSstats, MSstatsPTM, MSstatsShiny, MultiDataSet, MultiGroupO, MultiRNAflow, MultiTraits, multiWGCNA, MuPETFlow, musicatk, NACHO, necountries, NetworkChange, NetworkInference, NeuralSens, nzilbb.vowels, o2plsda, ODMeans, OlinkAnalyze, omicRexposome, oncomix, OncoSimulR, ordr, orthos, otargen, OUTRIDER, overviewR, OVtool, PAC, pacta.multi.loanbook, palaeoSig, pathlinkR, PathwaySpace, patterncausality, pcaExplorer, PCBS, pctax, phenomis, plinkQC, plotthis, politeness, POMA, pooling, progeny, projectR, promor, ProteoMM, protti, psichomics, PsychWordVec, PvSTATEM, qtl2ggplot, quanteda.textplots, r2dii.plot, r4lineups, radiant.model, radiant.multivariate, RamanMP, randomForestExplainer, rbiom, RCPA, regioneReloaded, ReporterScore, rexposome, RGCCA, ribosomeProfilingQC, rifiComparative, rnaCrosslinkOO, RNAseqQC, rnmamod, rosetta, rpcss, rrvgo, RSDA, rSRD, scater, sccomp, sccore, scCustomize, scDataviz, scp, scRNAseqApp, scrutiny, semfindr, semhelpinghands, semlbci, sensitivityCalibration, SensoMineR, SerolyzeR, Seurat, shapviz, shoredate, ShortForm, singleCellTK, SingleMoleculeFootprinting, singscore, sistmr, sitePath, skewlmm, snplinkage, sNPLS, soc.ca, SpaCCI, SPARRAfairness, SparseBiplots, SpatialCPie, spatialDE, Spectran, spotoroo, StabilizedRegression, statgenSTA, statVisual, StepReg, stminsights, SubCellBarCode, success, suddengains, SurfR, swfscMisc, synergyfinder, systemPipeTools, teal.modules.clinical, teal.modules.general, tetraclasse, text, tidyestimate, tidyplots, tidywater, timeOmics, tmod, tomoda, TOP, topr, triptych, ufs, Ularcirc, UnalR, unhcrthemes, vannstats, vidger, visae, vissE, vistime, visualpred, visvow, vivainsights, wilson, wordmap, WormTensor, wpa, Xplortext",NA,"AlleleShift, AlpsNMR, AntibodyForests, AquaBEHER, aum, avocado, baseballr, biplotEZ, bmstdr, brainGraph, card, CelliD, Census2016, circumplex, clustifyr, ClustIRR, ConsensusOPLS, coveffectsplot, covid19br, csalert, csmaps, cubble, DALEXtra, dartR.base, DataVisualizations, decoupleR, deeptime, DepInfeR, DEqMS, easybio, ecocomDP, epiregulon.extra, ergm.multi, esetVis, ezplot, fairmodels, fastRhockey, feasts, FlowSOM, fobitools, forrel, FossilSim, GauPro, gemma.R, genekitr, geofi, ggalluvial, ggautomap, ggDoE, ggeffects, ggfocus, ggfortify, gggenomes, ggiraph, ggmapinset, ggpmisc, ggpointless, ggpp, ggspark, ggspatial, ggwordcloud, grandR, Guerry, harmony, hoopR, httk, ibawds, IgGeneUsage, kidsides, lcars, limonaid, lipidr, logitr, LorMe, marginaleffects, MARVEL, mastR, microeco, MIRit, mosaic, multimedia, mvMAPIT, nestedmodels, NHSRdatasets, numbat, nuts, oddsapiR, opticskxi, padma, parsnip, pcutils, pixarfilms, pkgndep, plasmut, Platypus, precisely, ProFAST, profiplots, projpred, psycModel, r4ds.tutorials, rempsyc, repoRter.nih, ribd, rioplot, rliger, rmacrostrat, rnaturalearth, robustmatrix, rTPC, rtrek, rxode2, schex, SCpubr, see, sesame, sigminer, Signac, signs, sjPlot, sotkanet, spinifex, SPONGE, standR, starvz, streamDAG, symphony, talkr, TCGAbiolinks, TextMiningGUI, textplot, TFEA.ChIP, threesixtygiving, tidybayes, tidybulk, tidygeocoder, tidytof, topicmodels.etm, ubiquity, UCSCXenaShiny, usmap, wehoop, wrappedtools, ZIprop",NA,NA,10.32614/CRAN.package.ggrepel,TRUE,TRUE,TRUE,FALSE,2
ggResidpanel,0.3.0,NA,R (>= 3.0.0),"cowplot, ggplot2, grDevices, grid, MASS, plotly, qqplotr,
stats, stringr",NA,"dplyr, forcats, knitr, lme4, lmerTest, nlme, randomForest,
rmarkdown, rpart, testthat, vdiffr, wesanderson",NA,MIT + file LICENSE,NA,NA,NA,NA,f75f16685adff67acca11f668fa90009,no,NA,"Katherine Goode [aut, cre],
  Kathleen Rey [aut]","c(person(""Katherine"", ""Goode"", email = ""kgoode@iastate.edu"", role = c(""aut"", ""cre"")),
    person(""Kathleen"", ""Rey"", email = ""kprey@iastate.edu"", role = c(""aut"")))",NA,NA,NA,NA,NA,NA,NA,NA,NA,NA,NA,NA,NA,NA,NA,NA,NA,NA,NA,2019-05-31 23:20:04 UTC,"An R package for creating panels of diagnostic plots for residuals from a model 
    using ggplot2 and plotly to analyze residuals and model assumptions from a variety of 
    viewpoints. It also allows for the creation of interactive diagnostic plots.",UTF-8,NA,NA,true,NA,NA,NA,Katherine Goode <kgoode@iastate.edu>,NA,2019-05-31 22:03:46 UTC; kgoode,NA,NA,NA,NA,"Panels and Interactive Versions of Diagnostic Plots using
'ggplot2'",Package,https://goodekat.github.io/ggResidpanel/,NA,knitr,NA,NA,NA,2019-05-31,NA,NA,NA,afex,NA,NA,10.32614/CRAN.package.ggResidpanel,TRUE,TRUE,TRUE,FALSE,2
ggreveal,0.1.4,NA,NA,"cli, dplyr, ggplot2, ggplotify, rlang, stringr, tidyr",NA,"testthat (>= 3.0.0), withr, vdiffr, mockery",NA,MIT + file LICENSE,NA,NA,NA,NA,3027fafd2b156a3d68920890878feb0a,no,NA,"Weverthon Machado [aut, cre, cph]
    (<https://orcid.org/0000-0001-9919-4738>)","
    person(""Weverthon"", ""Machado"", , ""weverthonmachado@gmail.com"", role = c(""aut"", ""cre"", ""cph""),
           comment = c(ORCID = ""0000-0001-9919-4738""))",NA,https://github.com/weverthonmachado/ggreveal/issues,NA,NA,NA,NA,NA,NA,NA,NA,NA,NA,NA,NA,NA,NA,NA,NA,NA,2024-11-10 17:10:06 UTC,"Provides functions that make it easy to reveal 'ggplot2' graphs incrementally. The functions take a plot produced with 'ggplot2' and return a list of plots showing data incrementally by panels, layers, groups, the values in an axis or any arbitrary aesthetic.",UTF-8,NA,NA,NA,NA,NA,NA,Weverthon Machado <weverthonmachado@gmail.com>,NA,2024-11-10 15:10:07 UTC; Macha010,NA,NA,NA,NA,Reveal a 'ggplot' Incrementally,NA,"http://www.weverthon.com/ggreveal/,
https://github.com/weverthonmachado/ggreveal",NA,NA,NA,NA,NA,2024-11-10,NA,NA,NA,NA,NA,NA,10.32614/CRAN.package.ggreveal,TRUE,TRUE,TRUE,FALSE,2
ggridges,0.5.6,NA,R (>= 3.2),"ggplot2 (>= 3.4.0), grid (>= 3.0.0), scales (>= 0.4.1), withr
(>= 2.1.1)",NA,"covr, dplyr, patchwork, ggplot2movies, forcats, knitr,
rmarkdown, testthat, vdiffr",NA,GPL-2 | file LICENSE,NA,NA,NA,NA,9b895be15340fa000d0e7ebf1045bd33,no,NA,"Claus O. Wilke [aut, cre] (<https://orcid.org/0000-0002-7470-9261>)","
    person(
      given = ""Claus O."",
      family = ""Wilke"",
      role = c(""aut"", ""cre""),
      email = ""wilke@austin.utexas.edu"",
      comment = c(ORCID = ""0000-0002-7470-9261"")
    )",NA,https://github.com/wilkelab/ggridges/issues,NA,NA,NA,NA,NA,NA,NA,NA,NA,NA,NA,"'data.R' 'ggridges.R' 'geoms.R' 'geomsv.R' 'geoms-gradient.R'
'geom-density-line.R' 'position.R' 'scale-cyclical.R'
'scale-point.R' 'scale-vline.R' 'stats.R' 'theme.R'
'utils_ggplot2.R' 'utils.R'",NA,NA,NA,NA,NA,2024-01-23 05:40:10 UTC,Ridgeline plots provide a convenient way of visualizing changes in distributions over time or space. This package enables the creation of such plots in 'ggplot2'.,UTF-8,NA,NA,true,NA,NA,NA,Claus O. Wilke <wilke@austin.utexas.edu>,NA,2024-01-23 01:28:20 UTC; clauswilke,NA,NA,NA,NA,Ridgeline Plots in 'ggplot2',Package,https://wilkelab.org/ggridges/,NA,knitr,NA,NA,NA,2024-01-23,"ggformula, ggjoy, spqn","atRisk, barcodetrackR, bayesplot, BayesPostEst, Bchron, benchdamic, besthr, BGGM, brms.mmrm, CATALYST, CEDA, CellMixS, CiteFuse, dextergui, DiscreteDLM, dittoSeq, dittoViz, easyalluvial, escape, ethnobotanyR, exploratory, ezr, footBayes, forestecology, gamlss.ggplots, GeneTonic, GenomeAdmixR, GeoTox, ggFishPlots, ggquickeda, ggScatRidges, gINTomics, gravitas, hdpGLM, HDStIM, HistDAWass, jmv, MesKit, MICSQTL, MOCHA, nullranges, pcvr, RADstackshelpR, rexposome, Robyn, rsimsum, scatr, scDiagnostics, scGate, scRNAseqApp, seahtrue, Seurat, SGCP, SHELF, shoredate, Spectran, SPONGE, ssMutPA, stxplore, SUMMER, TITAN2, trackeR, tRigon, ufs",NA,"AlphaPart, bartMan, bench, bsitar, clayringsmiletus, coveffectsplot, datplot, dispositionEffect, ec50estimator, enrichplot, epifitter, excluderanges, flowStats, genekitr, ggcyto, grwat, hatchR, iNZightPlots, melt, MIRit, mosaic, oxcAAR, phyr, Platypus, plotthis, r4ds.tutorials, reservr, SCpubr, see, sentopics, sjPlot, specr, spotifyr, tidytof, tntpr, trialr, WpProj, wxgenR",jamba,NA,10.32614/CRAN.package.ggridges,TRUE,TRUE,TRUE,FALSE,2
ggrisk,1.3,NA,R (>= 2.10),"ggplot2, survival, egg, do, set, cutoff, grid, rms,
nomogramFormula, reshape2",NA,NA,NA,GPL-2,NA,NA,NA,NA,ea6fce4d90768de096e57d1b809d15f5,no,NA,"Jing Zhang [aut, cre],
  Zhi Jin [aut]","
    c(
    person(""Jing"",""Zhang"",role = c(""aut"", ""cre""),
            email = ""zj391120@163.com""),
    person(""Zhi"", ""Jin"", role=""aut"")
    )",NA,https://github.com/yikeshu0611/ggrisk/issues,NA,NA,NA,NA,NA,NA,NA,NA,NA,NA,NA,NA,NA,NA,NA,NA,NA,2021-08-09 07:40:06 UTC,"The risk plot may be one of the most commonly used figures in 
    tumor genetic data analysis. We can conclude the following two points: 
    Comparing the prediction results of the model with the real survival situation 
    to see whether the survival rate of the high-risk group is lower than that of the 
    low-level group, and whether the survival time of the high-risk group is 
    shorter than that of the low-risk group. The other is to compare the heat 
    map and scatter plot to see the correlation between the predictors and the 
    outcome.",UTF-8,NA,NA,true,NA,NA,NA,Jing Zhang <zj391120@163.com>,NA,2021-08-07 14:40:20 UTC; asus,NA,NA,NA,NA,Risk Score Plot for Cox Regression,NA,https://github.com/yikeshu0611/ggrisk,NA,NA,NA,NA,NA,2021-08-09,NA,NA,NA,NA,NA,NA,10.32614/CRAN.package.ggrisk,TRUE,TRUE,FALSE,FALSE,1
ggrounded,0.0.3,NA,NA,"ggplot2, grid, gridGeometry",NA,"covr, testthat (>= 3.0.0), vdiffr",NA,MIT + file LICENSE,NA,NA,NA,NA,9bb6d3bfc1edb427168df3f899f4602a,no,NA,"Botan Ağın [aut, cre, cph]","
    person(""Botan"", ""Ağın"", , ""aginbotan@gmail.com"", role = c(""aut"", ""cre"", ""cph""))",NA,https://github.com/botan/ggrounded/issues,NA,NA,NA,NA,NA,NA,NA,NA,NA,NA,NA,NA,NA,NA,NA,NA,NA,2023-05-11 07:10:09 UTC,"Creates bar plots with rounded corners using 'ggplot2'.
    The code in this package was adapted from a solution provided by 
    Stack Overflow user 'sthoch' in the following post
    <https://stackoverflow.com/questions/62176038/r-ggplot2-bar-chart-with-round-corners-on-top-of-bar>.",UTF-8,NA,NA,NA,NA,NA,NA,Botan Ağın <aginbotan@gmail.com>,NA,2023-05-10 21:50:09 UTC; botan,NA,NA,NA,NA,Rounded Bar Plots,NA,"https://github.com/botan/ggrounded,
https://botan.github.io/ggrounded/",NA,NA,NA,NA,NA,2023-05-11,NA,NA,NA,NA,NA,NA,10.32614/CRAN.package.ggrounded,TRUE,TRUE,TRUE,FALSE,2
ggRtsy,0.1.0,NA,R (>= 2.10),"purrr, stringr, ggplot2, tibble, magrittr, grDevices, dplyr",NA,"rmarkdown, knitr, testthat (>= 3.0.0)",NA,CC0,NA,NA,NA,NA,510a3f4d6f2c0fa0bdb9166911165edc,no,NA,"Katelyn Diaz [aut, cre] (<https://orcid.org/0000-0001-6108-1682>),
  Silas Weden [aut],
  Tess Goldmann [aut],
  Aushanae Haller [edt] (<https://orcid.org/0000-0002-2090-1952>),
  Kathleen Hablutzel [edt] (<https://orcid.org/0000-0002-7802-6353>)","c(
  person(""Katelyn"", ""Diaz"", email = ""katndiaz@gmail.com"", role = c(""aut"", ""cre""), comment = c(ORCID = ""0000-0001-6108-1682"")),
  person(""Silas"", ""Weden"", email = ""sweden@smith.edu"", role = ""aut""),
  person(""Tess"", ""Goldmann"", email = ""tgoldmann@smith.edu"", role = ""aut""),
  person(""Aushanae"", ""Haller"", email = ""aushanaenhaller@gmail.com"", role = ""edt"", comment = c(ORCID = ""0000-0002-2090-1952"")),
  person(""Kathleen"", ""Hablutzel"", email = ""krhablutzel@gmail.com"", role = ""edt"", comment = c(ORCID = ""0000-0002-7802-6353""))
    )",NA,NA,NA,NA,NA,NA,NA,NA,NA,NA,NA,NA,NA,NA,NA,NA,NA,NA,NA,2023-09-15 19:12:05 UTC,"Works with 'ggplot2' to add a Van Gogh color palette to the user’s repertoire.
 It also has a function that work alongside 'ggplot2' to create more interesting data visualizations and add contextual information to the user’s plots.",UTF-8,NA,NA,true,NA,NA,NA,Katelyn Diaz <katndiaz@gmail.com>,NA,2023-09-14 16:34:54 UTC; katelyndiaz,NA,NA,NA,NA,Add Some Van Gogh Colors and Overlay Colors on Your 'ggplot()',Package,NA,NA,knitr,NA,NA,NA,2023-09-15,NA,NA,NA,NA,NA,NA,10.32614/CRAN.package.ggRtsy,TRUE,TRUE,TRUE,FALSE,2
ggsankeyfier,0.1.8,NA,R (>= 4.1.0),"dplyr, ggplot2 (>= 3.4.4), grid (>= 4.1.0), gridBezier,
methods, rlang, scales, stats, tidyr, vwline",NA,"knitr, rmarkdown, stringr, svglite, testthat (>= 3.0.0),
vdiffr",NA,GPL (>= 3),NA,NA,NA,NA,6d3543ab8515848cbaefcb2a1bfe7a6d,no,NA,"Pepijn de Vries [aut, cre, dtc]
    (<https://orcid.org/0000-0002-7961-6646>),
  Gerjan Piet [dtc] (<https://orcid.org/0000-0003-0702-1624>),
  Ruud Jongbloed [dtc] (<https://orcid.org/0000-0002-9378-5382>),
  Anne Grundlehner [dtc] (<https://orcid.org/0000-0003-3375-3511>),
  Jacqueline Tamis [dtc] (<https://orcid.org/0000-0002-8206-5830>)","c(person(""Pepijn"", ""de Vries"", role = c(""aut"", ""cre"", ""dtc""),
    email = ""pepijn.devries@outlook.com"",
    comment = c(ORCID = ""0000-0002-7961-6646"")),
    person(""Gerjan"", ""Piet"", role = c(""dtc""),
    comment = c(ORCID = ""0000-0003-0702-1624"")),
    person(""Ruud"", ""Jongbloed"", role = c(""dtc""),
    comment = c(ORCID = ""0000-0002-9378-5382"")),
    person(""Anne"", ""Grundlehner"", role = c(""dtc""),
    comment = c(ORCID = ""0000-0003-3375-3511"")),
    person(""Jacqueline"", ""Tamis"", role = c(""dtc""),
    comment = c(ORCID = ""0000-0002-8206-5830"")))",NA,https://github.com/pepijn-devries/ggsankeyfier/issues,NA,NA,NA,NA,NA,NA,NA,NA,NA,NA,NA,"'draw_edges.r' 'draw_key.r' 'ecosystem_services.r'
'geom_segment.r' 'scale_waist.r' 'geom_edge.r'
'position_helpers.r' 'geom_node.r' 'ggsankeyfier-package.r'
'imports.r' 'pivot_stages.r' 'position.r' 'short_cuts.r'
'stat_edge.r' 'stat_node_helpers.r' 'stat_node.r'",NA,NA,NA,NA,2024-04-08,2024-04-08 13:30:07 UTC,"Sankey and alluvial diagrams visualise flows of quantities across
    stages in stacked bars. This package makes it easy to create such
    diagrams using 'ggplot2'.",UTF-8,NA,NA,true,NA,NA,NA,Pepijn de Vries <pepijn.devries@outlook.com>,NA,2024-04-08 11:38:48 UTC; vries171,NA,NA,NA,NA,Create Sankey and Alluvial Diagrams Using 'ggplot2',Package,"https://pepijn-devries.github.io/ggsankeyfier/,
https://github.com/pepijn-devries/ggsankeyfier/",NA,knitr,NA,NA,NA,2024-04-08,NA,NA,NA,NA,NA,NA,10.32614/CRAN.package.ggsankeyfier,TRUE,TRUE,TRUE,FALSE,2
ggScatRidges,0.1.1,NA,NA,"ggplot2, cowplot, ggpubr, ggridges, viridis, hrbrthemes,
ggrepel",NA,NA,NA,GPL-3,NA,NA,NA,NA,db1a7967fe84848249ea3999aa93effb,no,NA,"Matthieu Bourgery [aut, cre] (<https://orcid.org/0000-0001-9156-2807>)","person(given = ""Matthieu"", family = ""Bourgery"",
                    role = c(""aut"", ""cre""),
                    email = ""matthieu.bourgery@gmail.com"",
                    comment = c(ORCID = ""0000-0001-9156-2807""))",NA,https://github.com/matbou85/ggScatRidges/issues,NA,NA,NA,NA,NA,NA,NA,NA,NA,NA,NA,NA,NA,NA,NA,NA,2024-03-25,2024-03-25 10:20:05 UTC,The function combines a scatter plot with ridgelines to better visualise the distribution between sample groups. The plot is created with 'ggplot2'.,UTF-8,NA,NA,NA,NA,NA,NA,Matthieu Bourgery <matthieu.bourgery@gmail.com>,NA,2024-03-25 09:46:09 UTC; matbou,NA,NA,NA,NA,Scatter Plot Combined with Ridgelines in 'ggplot2',Package,"https://github.com/matbou85/ggScatRidges,",NA,NA,NA,NA,NA,2024-03-25,NA,NA,NA,NA,NA,NA,10.32614/CRAN.package.ggScatRidges,TRUE,TRUE,TRUE,FALSE,2
ggsci,3.2.0,NA,R (>= 3.5.0),"ggplot2 (>= 2.0.0), grDevices, scales",NA,"gridExtra, knitr, ragg, rmarkdown",NA,GPL (>= 3),NA,NA,NA,NA,d61da25ec28351019d31983703e6e0e9,no,NA,"Nan Xiao [aut, cre] (<https://orcid.org/0000-0002-0250-5673>),
  Joshua Cook [ctb],
  Clara Jégousse [ctb],
  Hui Chen [ctb],
  Miaozhu Li [ctb]","c(
    person(""Nan"", ""Xiao"", email = ""me@nanx.me"", role = c(""aut"", ""cre""),
           comment = c(ORCID = ""0000-0002-0250-5673"")),
    person(""Joshua"", ""Cook"", email = ""joshuacook0023@gmail.com"", role = ""ctb""),
    person(""Clara"", ""Jégousse"", email = ""cat3@hi.is"", role = ""ctb""),
    person(""Hui"", ""Chen"", email = ""huichen@zju.edu.cn"", role = ""ctb""),
    person(""Miaozhu"", ""Li"", email = ""miaozhu.li@duke.edu"", role = ""ctb"")
    )",NA,https://github.com/nanxstats/ggsci/issues,NA,NA,NA,NA,NA,NA,NA,NA,NA,NA,NA,NA,NA,NA,NA,NA,NA,2024-06-18 00:20:02 UTC,"A collection of 'ggplot2' color palettes inspired by
    plots in scientific journals, data visualization libraries,
    science fiction movies, and TV shows.",UTF-8,NA,NA,NA,NA,NA,NA,Nan Xiao <me@nanx.me>,NA,2024-06-17 22:47:29 UTC; nanx,NA,NA,NA,NA,"Scientific Journal and Sci-Fi Themed Color Palettes for
'ggplot2'",Package,"https://nanx.me/ggsci/, https://github.com/nanxstats/ggsci",NA,knitr,NA,NA,NA,2024-06-18,NA,"BioM2, biotmle, causalQual, CDI, CEDA, dabestr, DuplexDiscovereR, ExpGenetic, GenomicPlot, ggpubr, gompertztrunc, GseaVis, itol.toolkit, jrt, LightLogR, limpca, LipidomicsR, mappoly, mvSUSY, orthos, plutor, scDotPlot, sRNAGenetic, UniprotR",NA,"AlleleShift, causalCmprsk, diffuStats, drord, EpiForsk, genekitr, gMOIP, MetabolSSMF, mlr3spatiotempcv, pcutils, psm3mkv, TOP, WpProj",NA,NA,10.32614/CRAN.package.ggsci,TRUE,TRUE,TRUE,FALSE,2
ggscidca,0.2.3,NA,R (>= 2.10),"cmprsk, e1071, ggplot2, kernlab, randomForest, reshape2,
survival",NA,NA,NA,GPL-3,NA,NA,NA,NA,cf6e0f6268984f493b0425d9bc6fb004,no,NA,"Qiang Liu [aut, cre]","person(""Qiang"", ""Liu"", email = ""dege857@163.com"",
                  role = c(""aut"", ""cre""))",NA,NA,NA,NA,NA,NA,NA,NA,NA,NA,NA,NA,NA,NA,NA,NA,NA,NA,NA,2024-05-20 02:20:08 UTC,"Decision curve analysis is a method for evaluating and comparing prediction models that incorporates clinical consequences, requires only the data set on which the models are tested, and can be applied to models that have either continuous or dichotomous results. The 'ggscidca' package adds coloured bars of discriminant relevance to the traditional decision curve. Improved practicality and aesthetics. This method was described by Balachandran VP (2015) <doi:10.1016/S1470-2045(14)71116-7>.",UTF-8,NA,NA,true,NA,NA,NA,Qiang Liu <dege857@163.com>,NA,2024-05-20 00:30:53 UTC; liu,NA,NA,NA,NA,Plotting Decision Curve Analysis with Coloured Bars,Package,NA,NA,NA,NA,NA,NA,2024-05-20,NA,NA,NA,NA,NA,NA,10.32614/CRAN.package.ggscidca,TRUE,TRUE,FALSE,FALSE,1
ggseas,0.5.4,NA,"R (>= 3.1.2), ggplot2 (>= 2.0.0)","seasonal, rlang, stats, zoo",NA,"testthat, knitr, rmarkdown",NA,GPL-3,NA,NA,NA,NA,ad913e33909525f424d881de2e0d85a9,no,NA,"Peter Ellis [aut, cre],
  Christophe Sax [ctb]","c(
   person(""Peter"", ""Ellis"", , ""peter.ellis2013nz@gmail.com"", c(""aut"", ""cre"")),
   person(""Christophe"", ""Sax"", role = ""ctb"")
   )",NA,https://github.com/ellisp/ggseas/issues,NA,NA,NA,NA,NA,NA,NA,NA,NA,NA,NA,NA,NA,NA,NA,NA,NA,2018-06-12 13:33:33 UTC,"Provides 'ggplot2' 'stats' that estimate seasonally adjusted series 
    and rolling summaries such as rolling average on the fly for time series.",NA,NA,NA,true,NA,NA,NA,Peter Ellis <peter.ellis2013nz@gmail.com>,NA,2018-06-11 20:04:30 UTC; Peter,NA,NA,NA,NA,'stats' for Seasonal Adjustment on the Fly with 'ggplot2',NA,NA,NA,knitr,NA,NA,NA,2018-06-12,NA,NA,NA,NA,NA,NA,10.32614/CRAN.package.ggseas,TRUE,TRUE,TRUE,FALSE,2
ggsector,1.7.0,NA,"ggplot2, grid","dplyr, magrittr, Matrix, prettydoc, rlang, Seurat, stats,
tibble, tidyr",NA,"BiocManager, ComplexHeatmap, knitr, rmarkdown, reshape2,
utils",NA,Artistic-2.0,NA,NA,NA,NA,2e813a434748804776a6000a1809b903,no,NA,"Pengdong Yan [aut, cre, cph] (<https://orcid.org/0000-0002-2425-7930>)","
    person(given = ""Pengdong"",
           family = ""Yan"",
           role = c(""aut"", ""cre"", ""cph""),
           email = ""yanpd01@gmail.com"",
           comment = c(ORCID = ""0000-0002-2425-7930""))",NA,https://github.com/yanpd01/ggsector/issues,NA,NA,NA,NA,NA,NA,NA,NA,NA,NA,NA,NA,NA,NA,NA,NA,NA,2024-10-31 06:50:02 UTC,"Some useful functions that can use 'grid' and 'ggplot2' to plot sectors and interact with 'Seurat' to plot gene expression percentages. Also, there are some examples of how to draw sectors in 'ComplexHeatmap'.",UTF-8,NA,NA,NA,NA,NA,NA,Pengdong Yan <yanpd01@gmail.com>,NA,2024-10-31 06:27:34 UTC; ypd,NA,NA,NA,NA,Draw Sectors,NA,NA,NA,knitr,NA,NA,NA,2024-10-31,NA,NA,NA,NA,NA,NA,10.32614/CRAN.package.ggsector,TRUE,TRUE,TRUE,FALSE,2
ggseg,1.6.5,NA,R (>= 3.3),"ggplot2 (>= 3.3), dplyr (>= 1.0.0), tidyr (>= 1.0.0), sf (>=
0.9-2), stats, grid, utils, vctrs",NA,"knitr, here, rmarkdown, covr, vdiffr, devtools, testthat (>=
2.1.0), spelling",NA,MIT + file LICENSE,NA,NA,NA,NA,fd0307efcf9033f782efbbc46c48b81f,no,NA,"Athanasia Mo Mowinckel [aut, cre]
    (<https://orcid.org/0000-0002-5756-0223>),
  Didac Vidal-Piñeiro [aut] (<https://orcid.org/0000-0001-9997-9156>)","c(
    person(""Athanasia Mo"", ""Mowinckel"", 
            email = ""a.m.mowinckel@psykologi.uio.no"", 
            role = c(""aut"", ""cre""),
            comment = c(ORCID = ""0000-0002-5756-0223"")),
    person(""Didac"", ""Vidal-Piñeiro"", 
            email = ""d.v.pineiro@psykologi.uio.no"", 
            role = c(""aut""),
        comment = c(ORCID = ""0000-0001-9997-9156""))
        )",NA,https://github.com/ggseg/ggseg/issues,NA,NA,NA,NA,NA,NA,NA,NA,NA,NA,NA,NA,NA,NA,NA,NA,NA,2022-06-13 11:10:02 UTC,"Contains 'ggplot2' geom for plotting brain atlases using 
    simple features. The largest component of the package is the data 
    for the two built-in atlases. Mowinckel & Vidal-Piñeiro (2020)
    <doi:10.1177/2515245920928009>.",UTF-8,NA,en-US,true,xz,NA,NA,Athanasia Mo Mowinckel <a.m.mowinckel@psykologi.uio.no>,NA,2022-06-13 10:19:42 UTC; athanasm,NA,NA,NA,"C++11, GDAL (>= 2.0.1), GEOS (>= 3.4.0), PROJ (>=
4.8.0)",Plotting Tool for Brain Atlases,NA,https://github.com/ggseg/ggseg,NA,knitr,NA,NA,NA,2022-06-13,NA,neuroimaGene,NA,NA,NA,NA,10.32614/CRAN.package.ggseg,TRUE,TRUE,TRUE,FALSE,2
ggsem,0.2.4,NA,R (>= 3.4.0),"ggplot2, igraph, shiny, DT, colourpicker, grid, svglite,
grDevices, stats, smplot2, utils, lavaan, Rtsne, umap",NA,"semPlot, dplyr",NA,GPL-2,NA,NA,NA,NA,7a4bbe7f2ec2a95ddb4dca706210885d,no,NA,"Seung Hyun Min [aut, cre]","person(
      given = ""Seung Hyun"",
      family = ""Min"",
      role = c(""aut"", ""cre""),
      email = ""seung.min@mail.mcgill.ca""
    )",NA,https://github.com/smin95/ggsem/issues/,NA,NA,NA,NA,NA,NA,NA,NA,NA,NA,NA,NA,NA,NA,NA,NA,NA,2025-02-02 22:50:02 UTC,"It is an R package and web-based application, allowing users to perform interactive and reproducible visualizations of path diagrams for structural equation modeling (SEM) and networks using the 'ggplot2' engine. Its app (built with 'shiny') provides an interface that allows extensive customization, and creates CSV outputs, which can then be used to recreate the figures either using the web app or script-based workflow.",UTF-8,NA,NA,NA,NA,NA,NA,Seung Hyun Min <seung.min@mail.mcgill.ca>,NA,2025-02-02 01:45:40 UTC; sammi,NA,NA,NA,NA,Interactively Visualize Structural Equation Modeling Diagrams,Package,https://smin95.github.io/ggsem/,NA,NA,NA,NA,NA,2025-02-02,NA,NA,NA,NA,NA,NA,10.32614/CRAN.package.ggsem,TRUE,TRUE,TRUE,FALSE,2
ggseqlogo,0.2,NA,NA,ggplot2,NA,"knitr, rmarkdown",NA,LGPL,NA,NA,NA,NA,fc56efe0d4c088af705a5db076bc432d,no,NA,Omar Wagih,NA,NA,https://github.com/omarwagih/ggseqlogo/issues,NA,NA,NA,NA,NA,NA,NA,NA,NA,NA,NA,NA,NA,NA,NA,NA,2024-02-08,2024-02-09 00:20:08 UTC,"The extensive range of functions provided by this package makes it possible to draw highly versatile sequence logos. Features include, but not limited to, modifying colour schemes and fonts used to draw the logo, generating multiple logo plots, and aiding the visualisation with annotations. Sequence logos can easily be combined with other plots 'ggplot2' plots.",UTF-8,NA,NA,NA,NA,NA,NA,Omar Wagih <omarwagih@gmail.com>,NA,2024-02-08 17:47:13 UTC; omarwagih,NA,NA,NA,NA,"A 'ggplot2' Extension for Drawing Publication-Ready Sequence
Logos",Package,https://github.com/omarwagih/ggseqlogo,NA,knitr,NA,NA,NA,2024-02-09,NA,"ClusTCR2, decompTumor2Sig, immunarch, memes, omicsViewer, Platypus, seqArchR",NA,"CAGEr, phangorn, Signac, universalmotif",NA,NA,10.32614/CRAN.package.ggseqlogo,TRUE,TRUE,TRUE,FALSE,2
ggseqplot,0.8.5,NA,"R (>= 4.1.0), TraMineR (>= 2.2-5), ggplot2 (>= 3.4.0)","cli, colorspace, dplyr (>= 1.1.0), forcats (>= 1.0.0), ggh4x,
ggrepel, ggtext, glue, haven, patchwork, purrr, Rdpack, rlang,
tidyr, usethis",NA,"covr, ggthemes, hrbrthemes, knitr, rmarkdown, testthat (>=
3.0.0)",NA,GPL (>= 3),NA,NA,NA,NA,5432e850cb8e5411b6c65833c78f3c1f,no,NA,"Marcel Raab [aut, cre] (<https://orcid.org/0000-0002-3097-1591>)","
  person(""Marcel"", ""Raab"", , ""marcel.raab@gmail.com"", role = c(""aut"", ""cre""),
         comment = c(ORCID = ""0000-0002-3097-1591""))",NA,https://github.com/maraab23/ggseqplot/issues,NA,NA,NA,NA,NA,NA,NA,NA,NA,NA,NA,NA,NA,NA,NA,NA,NA,2024-10-29 16:30:02 UTC,"A set of wrapper functions that mainly re-produces most of the 
  sequence plots rendered with TraMineR::seqplot(). Whereas 'TraMineR' uses base 
  R to produce the plots this library draws on 'ggplot2'. 
  The plots are produced on the basis of a sequence object defined  
  with TraMineR::seqdef(). The package automates the reshaping and plotting 
  of sequence data. Resulting plots are of class 'ggplot', i.e. components 
  can be added and tweaked using '+' and regular 'ggplot2' functions. ",UTF-8,NA,NA,NA,NA,NA,NA,Marcel Raab <marcel.raab@gmail.com>,NA,2024-10-29 16:16:33 UTC; ba3gh6,Rdpack,NA,NA,NA,Render Sequence Plots using 'ggplot2',NA,"https://maraab23.github.io/ggseqplot/,
https://github.com/maraab23/ggseqplot",NA,knitr,NA,NA,NA,2024-10-29,NA,NA,NA,NA,NA,NA,10.32614/CRAN.package.ggseqplot,TRUE,TRUE,TRUE,FALSE,2
ggshadow,0.0.5,NA,R (>= 3.4.0),"stats, ggplot2 (>= 3.3.0), grid, scales, rlang, glue, vctrs,
cli",NA,"rmarkdown, knitr",NA,GPL-2,NA,NA,NA,NA,54128d73b01c2e36533b65a108676401,no,NA,"Marc Menem [aut, cre]","person(""Marc"", ""Menem"", email = ""marc.menem@m4x.org"", role = c(""aut"", ""cre""))",NA,https://github.com/marcmenem/ggshadow/issues,NA,NA,NA,NA,NA,NA,NA,NA,NA,NA,NA,"'geom-glowpath.r' 'geom-glowpoint.r' 'geom-shadowpath.r'
'geom-shadowpoint.r' 'internal-doc.r' 'scale-shadow.r'",NA,NA,NA,NA,NA,2022-11-20 22:50:08 UTC,"A collection of Geoms for R's 'ggplot2' library. geom_shadowpath(), geom_shadowline(), 
    geom_shadowstep() and geom_shadowpoint() functions draw a shadow below lines to make busy plots more 
    aesthetically pleasing. geom_glowpath(), geom_glowline(), geom_glowstep() and geom_glowpoint() add a 
    neon glow around lines to get a steampunk style.",UTF-8,NA,NA,NA,NA,NA,NA,Marc Menem <marc.menem@m4x.org>,NA,2022-11-20 22:31:36 UTC; marc,NA,NA,NA,NA,Shadow and Glow Geoms for 'ggplot2',NA,https://github.com/marcmenem/ggshadow/,NA,knitr,NA,NA,NA,2022-11-20,NA,NA,NA,NA,NA,NA,10.32614/CRAN.package.ggshadow,TRUE,TRUE,TRUE,FALSE,2
ggside,0.3.1,NA,ggplot2 (>= 3.5.0),"grid, gtable, rlang, scales (>= 1.3.0), cli, glue, stats,
tibble, vctrs",NA,"tidyr, dplyr, testthat (>= 3.0.3), knitr, rmarkdown, vdiffr
(>= 1.0.0), ggdendro, viridis, waldo",NA,MIT + file LICENSE,NA,NA,NA,NA,0517315be9a85bb14f87860c767c22b7,no,NA,"Justin Landis [aut, cre] (<https://orcid.org/0000-0001-5501-4934>)","
    person(given = ""Justin"",
           family = ""Landis"",
           role = c(""aut"", ""cre""),
           email = ""jtlandis314@gmail.com"",
           comment = c(ORCID = ""0000-0001-5501-4934""))",NA,https://github.com/jtlandis/ggside/issues,NA,NA,NA,NA,NA,NA,NA,NA,NA,NA,NA,"'z-depricated.R' 'utils-ggproto.R' 'utils-calls.R'
'utils-ggplot2-reimpl-.R' 'utils-constructors.R' 'side-layer.R'
'constructor-.R' 'utils-.R' 'ggside.R' 'utils-side-facet.R'
'side-facet_.R' 'side-layout-.r' 'utils-side-coord.R'
'side-coord-cartesian.R' 'plot-construction.R' 'ggplot_add.R'
'add_gg.R' 'geom-sideabline.r' 'geom-sidebar.r'
'geom-sideboxplot.r' 'geom-sidecol.r' 'geom-sidedensity.r'
'geom-sidefreqpoly.r' 'geom-sidefunction.r'
'geom-sidehistogram.r' 'geom-sidehline.r' 'geom-sidelabel.r'
'geom-sideline.r' 'geom-sidepath.r' 'geom-sidepoint.r'
'geom-sidesegment.r' 'geom-sidetext.r' 'geom-sidetile.r'
'geom-sideviolin.r' 'geom-sidevline.r' 'ggside-ggproto.r'
'ggside-package.r' 'ggside-themes.R' 'position_rescale.r'
'scales-sides-.R' 'scales-xycolour.R' 'scales-xyfill.R'
'utils-ggplot2-reimpl-facet.R' 'side-facet-wrap.R'
'side-facet-grid.R' 'side-facet-null.R' 'stats.r' 'zzz.R'",NA,NA,NA,NA,NA,2024-03-01 09:12:37 UTC,"The grammar of graphics as shown in 'ggplot2' has provided
  an expressive API for users to build plots. 'ggside' extends 'ggplot2' 
  by allowing users to add graphical information about one of the main panel's
  axis using a familiar 'ggplot2' style API with tidy data. This package is
  particularly useful for visualizing metadata on a discrete axis, or summary
  graphics on a continuous axis such as a boxplot or a density distribution.",UTF-8,NA,NA,NA,NA,NA,NA,Justin Landis <jtlandis314@gmail.com>,NA,2024-02-29 15:35:07 UTC; jtlandis,NA,NA,NA,NA,Side Grammar Graphics,Package,https://github.com/jtlandis/ggside,NA,knitr,NA,NA,NA,2024-03-01,extraChIPs,"ggspavis, ggstatsplot, GWlasso, microSTASIS",NA,"MicrobiotaProcess, see",NA,NA,10.32614/CRAN.package.ggside,TRUE,TRUE,TRUE,FALSE,2
ggsignif,0.6.4,NA,NA,ggplot2 (>= 3.3.5),NA,"knitr, rmarkdown, testthat, vdiffr (>= 1.0.2)",NA,GPL-3 | file LICENSE,NA,NA,NA,NA,0321f3399b29485e880c3ce3dd980b9b,no,NA,"Constantin Ahlmann-Eltze [aut, cre, ctb]
    (<https://orcid.org/0000-0002-3762-068X>, @const_ae),
  Indrajeet Patil [aut, ctb] (<https://orcid.org/0000-0003-1995-6531>,
    @patilindrajeets)","
  c(
    person(given = ""Constantin"",
           family = ""Ahlmann-Eltze"",
           role = c(""aut"", ""cre"", ""ctb""),
           email = ""artjom31415@googlemail.com"",
           comment = c(ORCID = ""0000-0002-3762-068X"", Twitter = ""@const_ae"")),
    person(given = ""Indrajeet"",
           family = ""Patil"",
           role = c(""aut"", ""ctb""),
           email = ""patilindrajeet.science@gmail.com"",
           comment = c(ORCID = ""0000-0003-1995-6531"", Twitter = ""@patilindrajeets""))
  )",NA,NA,NA,NA,NA,NA,NA,NA,NA,NA,NA,NA,NA,NA,NA,NA,NA,NA,NA,2022-10-13 14:41:57 UTC,"Enrich your 'ggplots' with group-wise comparisons.
    This package provides an easy way to indicate if two groups are
    significantly different. Commonly this is shown by a bracket on top
    connecting the groups of interest which itself is annotated with the
    level of significance (NS, *, **, ***).  The package provides a single
    layer (geom_signif()) that takes the groups for comparison and the
    test (t.test(), wilcox.text() etc.) as arguments and adds the
    annotation to the plot.",UTF-8,NA,en-US,NA,NA,NA,NA,Constantin Ahlmann-Eltze <artjom31415@googlemail.com>,NA,2022-10-13 13:31:09 UTC; ahlmanne,NA,NA,NA,NA,Significance Brackets for 'ggplot2',Package,"https://const-ae.github.io/ggsignif/,
https://github.com/const-ae/ggsignif",NA,knitr,NA,NA,NA,2022-10-13,NA,"ADAMgui, GenomicPlot, ggpubr, ggstatsplot, LTCDM, microbiomeMarker, MicrobiotaProcess, RQdeltaCT",NA,"AntibodyForests, rempsyc, SCpubr",NA,NA,10.32614/CRAN.package.ggsignif,TRUE,TRUE,TRUE,FALSE,2
ggsmc,0.1.2.0,NA,R (>= 3.5.0),"poorman, ggplot2, gganimate",NA,"knitr, rmarkdown, testthat",NA,MIT + file LICENSE,NA,NA,NA,NA,0f1300dc5ae41cf5d5797a352a9b20cc,no,NA,"Richard G Everitt [aut, cre] (<https://orcid.org/0000-0002-0822-5648>)","
    person(given = c(""Richard"",""G""),
           family = ""Everitt"",
           role = c(""aut"", ""cre""),
           email = ""richard.g.everitt@gmail.com"",
           comment = c(ORCID = ""0000-0002-0822-5648""))",NA,https://github.com/richardgeveritt/ggsmc/issues,NA,NA,NA,NA,NA,NA,NA,NA,NA,NA,NA,NA,NA,NA,NA,NA,NA,2024-07-27 17:00:02 UTC,"Functions for plotting, and animating, the output of importance samplers, sequential Monte Carlo samplers (SMC) and ensemble-based methods. The package can be used to plot and animate histograms, densities, scatter plots and time series, and to plot the genealogy of an SMC or ensemble-based algorithm. These functions all rely on algorithm output to be supplied in tidy format. A function is provided to transform algorithm output from matrix format (one Monte Carlo point per row) to the tidy format required by the plotting and animating functions.",UTF-8,NA,NA,true,NA,NA,NA,Richard G Everitt <richard.g.everitt@gmail.com>,NA,2024-07-23 20:26:03 UTC; richard,NA,NA,NA,NA,"Visualising Output from Sequential Monte Carlo Samplers and
Ensemble-Based Methods",Package,"https://github.com/richardgeveritt/ggsmc,
https://richardgeveritt.github.io/ggsmc/",NA,knitr,NA,NA,NA,2024-07-27,NA,NA,NA,NA,NA,NA,10.32614/CRAN.package.ggsmc,TRUE,TRUE,FALSE,FALSE,1
ggsoccer,0.2.0,NA,R (>= 3.3.0),"ggplot2, rlang",NA,"testthat (>= 2.1.0), pkgdown",NA,MIT + file LICENSE,NA,NA,NA,NA,86fac49636886085dfd4f47bb08551e6,no,NA,"Ben Torvaney [aut, cre]","person(""Ben"", ""Torvaney"", email = ""torvaney@protonmail.com"", role = c(""aut"", ""cre""))",NA,https://github.com/Torvaney/ggsoccer/issues,NA,NA,NA,NA,NA,NA,NA,NA,NA,NA,NA,NA,NA,NA,NA,NA,NA,2024-10-06 22:00:01 UTC,"The 'ggplot2' package provides a powerful set of tools
  for visualising and investigating data. The 'ggsoccer' package provides a
  set of functions for elegantly displaying and exploring soccer event data
  with 'ggplot2'. Providing extensible layers and themes, it is designed to
  work smoothly with a variety of popular sports data providers.",UTF-8,NA,en-GB,NA,NA,NA,NA,Ben Torvaney <torvaney@protonmail.com>,NA,2024-10-06 21:49:35 UTC; ben,NA,NA,NA,NA,Plot Soccer Event Data,NA,"https://torvaney.github.io/ggsoccer/,
https://github.com/Torvaney/ggsoccer",NA,NA,NA,NA,NA,2024-10-06,NA,ggfootball,NA,NA,NA,NA,10.32614/CRAN.package.ggsoccer,TRUE,TRUE,TRUE,FALSE,2
ggsolvencyii,0.1.2,NA,R (>= 3.5.0),"dplyr, ggplot2, magrittr, tidyr",NA,"covr, ggmap, knitr, rmarkdown, testthat",NA,GPL-3,NA,NA,NA,NA,0d1e9c66a4519d55a99397f703719519,no,NA,"Marco van Zanden [aut, cre]","person(""Marco"", ""van Zanden"", email = ""git@vanzanden.nl"", role = c(""aut"", ""cre""))",NA,https://github.com/vanzanden/ggsolvencyii/issues,NA,NA,NA,NA,NA,NA,NA,NA,NA,NA,NA,NA,NA,NA,NA,NA,2019-01-02,2019-01-04 12:10:03 UTC,"An implementation of 'ggplot2'-methods to present the composition of Solvency II Solvency Capital Requirement (SCR) as a series of concentric circle-parts. 
 Solvency II (Solvency 2) is European insurance legislation, coming in force by the delegated acts of October 10, 2014.
 <https://eur-lex.europa.eu/legal-content/EN/TXT/?uri=OJ%3AL%3A2015%3A012%3ATOC>. 
 Additional files, defining the structure of the Standard Formula (SF) method of the SCR-calculation are provided.
 The structure files can be adopted for localization or for insurance companies who use Internal Models (IM).
 Options are available for combining smaller components, horizontal and vertical scaling, rotation, and plotting only some circle-parts.
 With outlines and connectors several SCR-compositions can be compared, for example in ORSA-scenarios (Own Risk and Solvency Assessment).",UTF-8,NA,NA,true,NA,NA,NA,Marco van Zanden <git@vanzanden.nl>,NA,2019-01-03 18:35:58 UTC; micro,NA,NA,NA,NA,A 'ggplot2'-Plot of Composition of Solvency II SCR: SF and IM,NA,https://github.com/vanzanden/ggsolvencyii,NA,knitr,NA,NA,NA,2019-01-04,NA,NA,NA,NA,NA,NA,10.32614/CRAN.package.ggsolvencyii,TRUE,TRUE,TRUE,FALSE,2
ggsom,0.4.0,NA,R (>= 3.4.0),"dplyr, magrittr, tidyr, ggplot2, kohonen, assertthat,
data.table, entropy, tibble",NA,"devtools, knitr, rmarkdown",NA,MIT + file LICENSE,NA,NA,NA,NA,62a12226d34ea94f2dc02d04acab5de8,no,NA,"Felipe Carvalho [aut, cre],
  Rafael Santos [ctb],
  Karine Reis [ctb]","c(person(""Felipe"",""Carvalho"", role=c(""aut"",""cre""), email=""lipecaso@gmail.com""),
  person(""Rafael"", ""Santos"", role=""ctb"", email=""rafael.santos@inpe.br""),
  person(""Karine"", ""Reis"", role=""ctb"", email=""karine.ferreira@inpe.br""))",NA,NA,NA,NA,NA,NA,NA,NA,NA,NA,NA,NA,NA,"'ggsom.R' 'ggsom_aes.R' 'ggsom_entropy.R' 'ggsom_plot.R'
'ggsom_utils.R' 'zzz.R'",NA,NA,NA,NA,NA,2020-01-15 20:40:02 UTC,The aim of this package is to offer more variability of graphics based on the self-organizing maps.,UTF-8,NA,NA,true,NA,NA,NA,Felipe Carvalho <lipecaso@gmail.com>,NA,2020-01-15 20:21:31 UTC; felipe,NA,NA,NA,NA,New Data Visualisations for SOMs Networks,Package,https://github.com/oldlipe/ggsom,NA,NA,NA,NA,NA,2020-01-15,NA,NA,NA,NA,NA,NA,10.32614/CRAN.package.ggsom,TRUE,TRUE,FALSE,FALSE,1
ggspark,0.0.2,NA,NA,ggplot2,NA,"tinytest, tinysnapshot, rsvg, svglite, ggrepel, fontquiver",NA,GPL (>= 2),NA,NA,NA,NA,51aef9ad9cd20f5de020659664286930,no,NA,"Marc Bosch Matas [aut, cre, cph]","c(person(""Marc"", ""Bosch Matas"", role = c(""aut"", ""cre"",""cph""),email = ""mboschmatas@gmail.com""))",NA,https://github.com/marcboschmatas/ggspark/issues,NA,NA,NA,NA,NA,NA,NA,NA,NA,NA,NA,NA,NA,NA,NA,NA,2024-05-09,2024-05-13 11:43:12 UTC,"Functions to help with creating sparklines in the style of Edward Tufte <https://www.edwardtufte.com/bboard/q-and-a-fetch-msg?msg_id=0001OR&topic_id=1> in 'ggplot2'. It computes ribbon geoms with the interquartile ranges and points and/or labels at the beginning, end, max, and min points.",UTF-8,NA,en-GB,NA,NA,NA,NA,Marc Bosch Matas <mboschmatas@gmail.com>,NA,2024-05-11 12:44:22 UTC; marc,NA,NA,NA,NA,'ggplot2' Functions to Create Tufte Style Sparklines,Package,https://github.com/marcboschmatas/ggspark,NA,NA,NA,NA,NA,2024-05-13,NA,NA,NA,NA,NA,NA,10.32614/CRAN.package.ggspark,TRUE,TRUE,TRUE,FALSE,2
ggspatial,1.1.9,NA,R (>= 2.10),"sf, ggplot2 (>= 3.0.0), rosm (>= 0.2), abind, methods, tibble,
scales, tidyr, rlang, grid, glue",NA,"prettymapr, knitr, rmarkdown, sp, raster, terra, testthat (>=
3.0.0), dplyr, withr, ggrepel, stars, covr, vdiffr, lwgeom",NA,GPL-3,NA,NA,NA,NA,fe4d3a48027bd84c80d422b7479f9e69,no,NA,"Dewey Dunnington [aut, cre] (<https://orcid.org/0000-0002-9415-4582>),
  Brent Thorne [ctb] (<https://orcid.org/0000-0002-1099-3857>),
  Diego Hernangómez [ctb] (<https://orcid.org/0000-0001-8457-4658>)","c(
    person(""Dewey"", ""Dunnington"",
           email = ""dewey@fishandwhistle.net"", 
           role = c(""aut"", ""cre""), 
           comment = c(ORCID = ""0000-0002-9415-4582"")
    ),
    person(""Brent"", ""Thorne"", role = ""ctb"", comment = c(ORCID = ""0000-0002-1099-3857"")),
    person(""Diego"", ""Hernangómez"", role = ""ctb"", comment = c(ORCID = ""0000-0001-8457-4658""))
  )",NA,https://github.com/paleolimbot/ggspatial/issues,NA,NA,NA,NA,NA,NA,NA,NA,NA,NA,NA,NA,NA,NA,NA,NA,NA,2023-08-17 15:32:38 UTC,"Spatial data plus the power of the ggplot2 framework means easier mapping when input 
  data are already in the form of spatial objects.",UTF-8,NA,NA,NA,NA,NA,NA,Dewey Dunnington <dewey@fishandwhistle.net>,NA,2023-08-15 19:24:53 UTC; deweydunnington,NA,NA,NA,NA,Spatial Data Framework for ggplot2,Package,"https://paleolimbot.github.io/ggspatial/,
https://github.com/paleolimbot/ggspatial",NA,NA,NA,NA,NA,2023-08-17,NA,"agricolaeplotr, BeeBDC, CSHShydRology, gbm.auto, geouy, ggmapcn, mapmixture, MassWateR, openairmaps, rStrava, SAEval, SCDA, SDLfilter, shoredate, SWTools, UnalR, valhallr",NA,"bioRad, bmstdr, clustTMB, eks, ggOceanMaps, mapboxapi, move2, pcutils, pseudohouseholds, rmacrostrat, sfhotspot",NA,NA,10.32614/CRAN.package.ggspatial,TRUE,TRUE,TRUE,FALSE,2
ggspectra,0.3.15,NA,"R (>= 4.1.0), photobiology (>= 0.11.4), ggplot2 (>= 3.5.0)","photobiologyWavebands (>= 0.5.2), scales (>= 1.2.0), ggrepel
(>= 0.9.2), lubridate (>= 1.9.0), rlang (>= 1.0.2), tibble (>=
3.1.5)",NA,"knitr (>= 1.38), rmarkdown (>= 2.13), magrittr (>= 2.0.3)",NA,GPL (>= 2),NA,NA,NA,NA,0d0d583d1c7adcc4c5206507628e1dce,no,NA,"Pedro J. Aphalo [aut, cre] (<https://orcid.org/0000-0003-3385-972X>),
  Titta K. Kotilainen [ctb] (<https://orcid.org/0000-0002-2822-9734>)","
   c(
    person(""Pedro J."", ""Aphalo"", email = ""pedro.aphalo@helsinki.fi"", role = c(""aut"", ""cre""), comment = c(ORCID = ""0000-0003-3385-972X"")),
    person(""Titta K."", ""Kotilainen"", role = ""ctb"", comment = c(ORCID = ""0000-0002-2822-9734""))
    )",NA,https://github.com/aphalo/ggspectra/issues/,NA,NA,NA,NA,NA,TRUE,NA,NA,NA,NA,NA,NA,NA,NA,NA,NA,2025-01-08,2025-01-08 14:50:02 UTC,"Additional annotations, stats, geoms and scales for plotting 
    ""light"" spectra with 'ggplot2', together with specializations of ggplot()
    and autoplot() methods for spectral data and waveband definitions
    stored in objects of classes defined in package 'photobiology'. Part of the 
    'r4photobiology' suite, Aphalo P. J. (2015) <doi:10.19232/uv4pb.2015.1.14>.",UTF-8,NA,NA,NA,NA,TRUE,NA,Pedro J. Aphalo <pedro.aphalo@helsinki.fi>,NA,2025-01-08 13:13:38 UTC; aphalo,NA,NA,NA,NA,Extensions to 'ggplot2' for Radiation Spectra,Package,"https://docs.r4photobiology.info/ggspectra/,
https://github.com/aphalo/ggspectra/",NA,knitr,NA,NA,NA,2025-01-08,NA,NA,NA,"photobiologyFilters, photobiologyInOut, photobiologyLamps, photobiologyLEDs, photobiologyPlants, photobiologySensors, photobiologySun",NA,NA,10.32614/CRAN.package.ggspectra,TRUE,TRUE,TRUE,FALSE,2
ggstackplot,0.4.1,NA,R (>= 4.1.0),"rlang, cli, methods, lifecycle, tidyselect, dplyr, tidyr,
ggplot2, cowplot, RColorBrewer",NA,"knitr, rmarkdown, testthat (>= 3.0.0), vdiffr, scales,
pangaear",NA,MIT + file LICENSE,NA,NA,NA,NA,cca0843f596a4cb7ad912c8193ff81de,no,NA,"Sebastian Kopf [aut, cre, cph]
    (<https://orcid.org/0000-0002-2044-0201>),
  Tristan Caro [aut] (<https://orcid.org/0000-0001-6177-7444>),
  Jamie McFarlin [aut] (<https://orcid.org/0000-0002-8185-8185>),
  Jon Raberg [aut] (<https://orcid.org/0000-0003-2959-3631>)","
  c(person(
      given = ""Sebastian"", family = ""Kopf"", 
      email = ""sebastian.kopf@colorado.edu"", 
      role = c(""aut"", ""cre"", ""cph""), 
      comment = c(ORCID = ""0000-0002-2044-0201"")),
  person(
      given = ""Tristan"", family = ""Caro"", 
      email = ""tristan.caro@colorado.edu"", 
      role = c(""aut""), 
      comment = c(ORCID = ""0000-0001-6177-7444"")),
  person(
      given = ""Jamie"", family = ""McFarlin"", 
      email = ""jamie.mcfarlin@uwyo.edu"", 
      role = c(""aut""), 
      comment = c(ORCID = ""0000-0002-8185-8185"")),
  person(
      given = ""Jon"", family = ""Raberg"", 
      email = ""Jonathan.Raberg@colorado.edu"", 
      role = c(""aut""), 
      comment = c(ORCID = ""0000-0003-2959-3631""))
  )",NA,https://github.com/kopflab/ggstackplot/issues,NA,NA,NA,NA,NA,NA,NA,NA,NA,NA,NA,NA,NA,NA,NA,NA,NA,2025-01-31 09:00:02 UTC,"
  Easily create overlapping grammar of graphics plots for scientific data visualization. 
  This style of plotting is particularly common in climatology and oceanography research communities.",UTF-8,NA,NA,NA,NA,NA,NA,Sebastian Kopf <sebastian.kopf@colorado.edu>,NA,2025-01-31 08:40:12 UTC; sk,NA,NA,NA,NA,Create Overlapping Stacked Plots,NA,"https://ggstackplot.kopflab.org/,
https://github.com/kopflab/ggstackplot",NA,knitr,NA,NA,NA,2025-01-31,NA,NA,NA,NA,NA,NA,10.32614/CRAN.package.ggstackplot,TRUE,TRUE,FALSE,FALSE,1
ggstance,0.3.7,NA,R (>= 3.6.0),"cli (>= 3.4.1), ggplot2 (>= 3.4.0), plyr, rlang, withr (>=
2.0.0)",NA,"covr, Hmisc, quantreg, testthat, vdiffr (>= 1.0.4)",NA,GPL-3,NA,NA,NA,NA,bab2132d864a8235591846fe837d51e8,no,NA,"Lionel Henry [aut, cre],
  Hadley Wickham [aut],
  Winston Chang [aut],
  RStudio [cph]","c(
    person(""Lionel"", ""Henry"", , ""lionel@rstudio.com"", role = c(""aut"", ""cre"")),
    person(""Hadley"", ""Wickham"", , ""hadley@rstudio.com"", ""aut""),
    person(""Winston"", ""Chang"", , ""winston@rstudio.com"", ""aut""),
    person(""RStudio"", role = ""cph"")
    )",NA,https://github.com/lionel-/ggstance/issues,NA,NA,NA,NA,NA,NA,NA,NA,NA,NA,NA,"'flip-aes.R' 'geom-barh.R' 'legend-draw.R' 'geom-boxploth.R'
'geom-colh.R' 'geom-crossbarh.R' 'geom-errorbarh.R'
'geom-histogramh.R' 'geom-linerangeh.R' 'geom-pointrangeh.R'
'geom-violinh.R' 'ggstance.R' 'position-dodgev.R'
'position-dodge2v.R' 'position-jitterdodgev.R'
'position-stackv.R' 'position.R' 'stat-binh.R'
'stat-boxploth.R' 'stat-counth.R' 'stat-summaryh.R'
'stat-xdensity.R'",NA,NA,NA,NA,NA,2024-04-05 15:23:02 UTC,"A 'ggplot2' extension that provides flipped components:
    horizontal versions of 'Stats' and 'Geoms', and vertical versions
    of 'Positions'. This package is now superseded by 'ggplot2' itself
    which now has full native support for horizontal layouts. It
    remains available for backward compatibility.",UTF-8,NA,NA,NA,NA,NA,NA,Lionel Henry <lionel@rstudio.com>,NA,2024-04-05 10:13:28 UTC; lionel,NA,NA,NA,NA,Horizontal 'ggplot2' Components,NA,https://github.com/lionel-/ggstance,NA,NA,NA,NA,NA,2024-04-05,NA,"dotwhisker, ggquickeda, scatr, tidypaleo",NA,"autostats, coveffectsplot, mosaic, TidyConsultant",NA,NA,10.32614/CRAN.package.ggstance,TRUE,TRUE,TRUE,TRUE,3
ggstar,1.0.4,NA,R (>= 3.5),"grid, utils, ggplot2, scales, gridExtra, cli",NA,"knitr, markdown, rmarkdown, prettydoc",NA,Artistic-2.0,NA,NA,NA,NA,bf91c49939cf67a29d82bb526451ef6b,no,NA,"Shuangbin Xu [aut, cre] (<https://orcid.org/0000-0003-3513-5362>)","
    person(given = ""Shuangbin"",
           family = ""Xu"",
           role = c(""aut"", ""cre""),
           email = ""xshuangbin@163.com"",
           comment = c(ORCID=""0000-0003-3513-5362""))",NA,https://github.com/xiangpin/ggstar/issues,NA,NA,NA,NA,NA,NA,NA,NA,NA,NA,NA,NA,NA,NA,NA,NA,NA,2022-11-08 09:40:06 UTC,"To create the multiple polygonal point layer for easily discernible shapes, 
             we developed the package, it is like the 'geom_point' of 'ggplot2'.
             It can be used to draw the scatter plot.",UTF-8,NA,NA,NA,NA,NA,NA,Shuangbin Xu <xshuangbin@163.com>,NA,2022-11-08 03:55:26 UTC; xushuangbin,NA,NA,NA,NA,Multiple Geometric Shape Point Layer for 'ggplot2',NA,https://github.com/xiangpin/ggstar/,NA,knitr,NA,NA,NA,2022-11-08,NA,"aplotExtra, MicrobiotaProcess",NA,"enrichplot, ggtreeExtra",NA,NA,10.32614/CRAN.package.ggstar,TRUE,TRUE,TRUE,FALSE,2
ggstats,0.9.0,NA,R (>= 4.2),"cli, dplyr, forcats, ggplot2 (>= 3.4.0), lifecycle, patchwork,
purrr, rlang, scales, stats, stringr, utils, tidyr",NA,"betareg, broom, broom.helpers (>= 1.20.0), emmeans, glue,
gtsummary, knitr, labelled (>= 2.11.0), reshape, rmarkdown,
nnet, parameters, pscl, testthat (>= 3.0.0), spelling, survey,
survival, vdiffr",NA,GPL (>= 3),NA,NA,NA,NA,574df8d8ca1126f79652d4c8b889fd91,no,NA,"Joseph Larmarange [aut, cre] (<https://orcid.org/0000-0001-7097-700X>)","c(
    person(
      ""Joseph"", ""Larmarange"", ,
      ""joseph@larmarange.net"",
      role = c(""aut"", ""cre""),
      comment = c(ORCID = ""0000-0001-7097-700X"")
    )
  )",NA,https://github.com/larmarange/ggstats/issues,NA,NA,NA,NA,NA,NA,NA,NA,NA,NA,NA,NA,NA,NA,NA,NA,NA,2025-03-10 11:20:02 UTC,"Provides new statistics, new geometries and new positions for 
    'ggplot2' and a suite of functions to facilitate the creation of 
    statistical plots.",UTF-8,NA,en-US,NA,NA,NA,NA,Joseph Larmarange <joseph@larmarange.net>,NA,2025-03-10 10:35:16 UTC; josep,NA,NA,NA,NA,Extension to 'ggplot2' for Plotting Stats,Package,"https://larmarange.github.io/ggstats/,
https://github.com/larmarange/ggstats",NA,knitr,NA,NA,NA,2025-03-10,NA,"GGally, ggplot2.utils",NA,"broom.helpers, gtsummary",NA,NA,10.32614/CRAN.package.ggstats,TRUE,TRUE,TRUE,FALSE,2
ggstatsplot,0.13.0,NA,R (>= 4.3.0),"correlation (>= 0.8.6), datawizard (>= 0.13.0), dplyr (>=
1.1.4), ggcorrplot (>= 0.1.4.1), ggplot2 (>= 3.5.1), ggrepel
(>= 0.9.6), ggside (>= 0.3.1), ggsignif (>= 0.6.4), glue (>=
1.8.0), insight (>= 1.0.0), paletteer (>= 1.6.0), parameters
(>= 0.24.0), patchwork (>= 1.3.0), performance (>= 0.12.4),
purrr (>= 1.0.2), rlang (>= 1.1.4), statsExpressions (>=
1.6.2), tidyr (>= 1.3.1), utils",NA,"afex, BayesFactor (>= 0.9.12-4.7), gapminder, knitr, lme4 (>=
1.1-35.2), MASS, metaBMA, metafor, metaplus, psych, rmarkdown,
rstantools, stats, survival, testthat (>= 3.2.1), tibble,
vdiffr (>= 1.0.8), withr, WRS2",NA,GPL-3 | file LICENSE,NA,NA,NA,NA,207c703f6be2a0e9ae19f920a9b26135,no,NA,"Indrajeet Patil [cre, aut, cph]
    (<https://orcid.org/0000-0003-1995-6531>),
  Chuck Powell [ctb] (<https://orcid.org/0000-0002-3606-2188>)","
    c(person(given = ""Indrajeet"",
             family = ""Patil"",
             role = c(""cre"", ""aut"", ""cph""),
             email = ""patilindrajeet.science@gmail.com"",
             comment = c(ORCID = ""0000-0003-1995-6531"")),
      person(given = ""Chuck"",
             family = ""Powell"",
             email = ""ibecav@gmail.com"",
             role = ""ctb"",
             comment = c(ORCID = ""0000-0002-3606-2188"")))",NA,https://github.com/IndrajeetPatil/ggstatsplot/issues,NA,NA,NA,NA,NA,NA,NA,NA,NA,NA,NA,NA,NA,NA,NA,NA,NA,2024-12-04 15:10:02 UTC,"Extension of 'ggplot2', 'ggstatsplot' creates graphics with
    details from statistical tests included in the plots themselves. It
    provides an easier syntax to generate information-rich plots for
    statistical analysis of continuous (violin plots, scatterplots,
    histograms, dot plots, dot-and-whisker plots) or categorical (pie and
    bar charts) data. Currently, it supports the most common types of
    statistical approaches and tests: parametric, nonparametric, robust,
    and Bayesian versions of t-test/ANOVA, correlation analyses,
    contingency table analysis, meta-analysis, and regression analyses.
    References: Patil (2021) <doi:10.21105/joss.03236>.",UTF-8,NA,en-US,true,NA,NA,NA,Indrajeet Patil <patilindrajeet.science@gmail.com>,NA,2024-12-04 14:13:42 UTC; indrajeetpatil,NA,NA,NA,NA,'ggplot2' Based Plots with Statistical Details,Package,"https://indrajeetpatil.github.io/ggstatsplot/,
https://github.com/IndrajeetPatil/ggstatsplot",NA,knitr,NA,NA,NA,2024-12-04,NA,BioM2,NA,UCSCXenaShiny,NA,NA,10.32614/CRAN.package.ggstatsplot,TRUE,TRUE,TRUE,FALSE,2
ggstream,0.1.0,NA,R (>= 3.6.0),"ggplot2, purrr, dplyr, stats, magrittr, tidyr, forcats",NA,testthat (>= 2.1.0),NA,MIT + file LICENSE,NA,NA,NA,NA,63facd5ad07c01c2cbaf45ce26dab75c,no,NA,"David Sjoberg [aut, cre]","
    person(given = ""David"",
           family = ""Sjoberg"",
           role = c(""aut"", ""cre""),
           email = ""dav.sjob@gmail.com"")",NA,NA,NA,NA,NA,NA,NA,NA,NA,NA,NA,NA,NA,NA,NA,NA,NA,NA,NA,2021-05-06 07:50:03 UTC,Make smoothed stacked area charts in 'ggplot2'. Stream plots are useful to show magnitude trends over time.,UTF-8,NA,NA,true,NA,NA,NA,David Sjoberg <dav.sjob@gmail.com>,NA,2021-05-04 17:27:21 UTC; davidsjoberg,NA,NA,NA,NA,Create Streamplots in 'ggplot2',NA,NA,NA,NA,NA,NA,NA,2021-05-06,NA,NA,NA,"covidmx, unhcrthemes",NA,NA,10.32614/CRAN.package.ggstream,TRUE,TRUE,TRUE,FALSE,2
ggstudent,0.1.1-1,NA,R (>= 3.1.0),"dplyr, ggplot2, stats",NA,scales,NA,GPL (>= 2),NA,NA,NA,NA,17f4a639c6d71df3d179d3c872b69a81,no,NA,"Jouni Helske [aut, cre] (<https://orcid.org/0000-0001-7130-793X>)","
    person(given = ""Jouni"",
           family = ""Helske"",
           role = c(""aut"", ""cre""),
           email = ""jouni.helske@iki.fi"",
           comment = c(ORCID = ""0000-0001-7130-793X""))",NA,NA,NA,NA,NA,NA,NA,NA,NA,NA,NA,NA,NA,NA,NA,NA,NA,NA,2020-05-05,2020-05-11 11:50:02 UTC,"Provides an extension to 'ggplot2' (Wickham, 2016, <doi:10.1007/978-3-319-24277-4>) for creating two 
    types of continuous confidence interval plots (Violin CI and Gradient CI plots), typically for the sample mean.
    These plots contain multiple user-defined confidence areas with varying colours, 
    defined by the underlying t-distribution used to compute standard confidence intervals for 
    the mean of the normal distribution when the variance is unknown.
    Two types of plots are available, a gradient plot with rectangular areas, and a violin plot where the 
    shape (horizontal width) is defined by the probability density function of the t-distribution.",UTF-8,NA,NA,NA,NA,NA,NA,Jouni Helske <jouni.helske@iki.fi>,NA,2020-05-07 13:05:21 UTC; jovetale,NA,NA,NA,NA,Continuous Confidence Interval Plots using t-Distribution,Package,NA,NA,NA,NA,NA,NA,2020-05-11,NA,NA,NA,NA,NA,NA,10.32614/CRAN.package.ggstudent,TRUE,TRUE,TRUE,TRUE,3
ggsurveillance,0.2.0,NA,R (>= 4.1.0),"cli, dplyr, forcats, ggplot2, glue, ISOweek, lubridate, rlang,
scales, stringr, tidyr, tidyselect, tsibble",NA,"Hmisc, knitr, outbreaks, rmarkdown, spelling, testthat (>=
3.0.0)",NA,GPL (>= 3),NA,NA,NA,NA,9f97bd488f0eba633ff70e991084be8f,no,NA,"Alexander Bartel [aut, cre] (<https://orcid.org/0000-0002-1280-6138>)","
    person(""Alexander"", ""Bartel"", , ""alexander.bartel@fu-berlin.de"", role = c(""aut"", ""cre""),
           comment = c(ORCID = ""0000-0002-1280-6138""))",NA,https://github.com/biostats-dev/ggsurveillance/issues,NA,NA,NA,NA,NA,NA,NA,NA,NA,NA,NA,NA,NA,NA,NA,NA,NA,2025-03-02 10:40:02 UTC,"Create epicurves or epigantt charts in 'ggplot2'. Prepare
    data for visualisation or other reporting for infectious disease
    surveillance and outbreak investigation. Includes tidy functions to solve
    date based transformations for common reporting tasks, like 
    (A) seasonal date alignment for respiratory disease surveillance, 
    (B) date-based case binning based on specified time intervals like
    isoweek, epiweek, month and more, (C) automated detection and marking
    of the new year based on the date/datetime axis of the 'ggplot2'. 
    An introduction on how to use epicurves can be found on the US CDC website 
    (2012, <https://www.cdc.gov/training/quicklearns/epimode/index.html>).",UTF-8,NA,en-GB,true,NA,NA,NA,Alexander Bartel <alexander.bartel@fu-berlin.de>,NA,2025-03-02 10:23:11 UTC; Alex,NA,NA,NA,NA,Tools for Outbreak Investigation/Infectious Disease Surveillance,NA,"https://ggsurveillance.biostats.dev,
https://github.com/biostats-dev/ggsurveillance",NA,knitr,NA,NA,NA,2025-03-02,NA,NA,NA,NA,NA,NA,10.32614/CRAN.package.ggsurveillance,TRUE,TRUE,TRUE,FALSE,2
ggsurvey,1.0.0,NA,"R (>= 3.5.0), ggplot2, survey, hexbin, dplyr",stats,NA,NA,NA,MIT + file LICENSE,NA,NA,NA,NA,ef78a2e51dbb617ce21de4a332a77fcd,no,NA,Brittany Alexander,NA,NA,NA,NA,NA,NA,NA,NA,NA,NA,NA,NA,NA,NA,NA,NA,NA,NA,NA,NA,2022-05-04 07:20:02 UTC,"Functions for survey data including svydesign objects from the 'survey' package that call 'ggplot2' to make bar charts, histograms, boxplots, and hexplots of survey data.  ",UTF-8,NA,NA,NA,NA,NA,NA,Brittany Alexander <balexanderstatistics@gmail.com>,NA,2022-05-02 15:31:54 UTC; Brittany.Alexander,NA,NA,NA,NA,Simplifying 'ggplot2' for Survey Data,Package,NA,NA,NA,NA,NA,NA,2022-05-04,NA,NA,NA,NA,NA,NA,10.32614/CRAN.package.ggsurvey,TRUE,TRUE,TRUE,FALSE,2
ggsurvfit,1.1.0,NA,R (>= 3.5),"broom (>= 1.0.0), cli (>= 3.0.0), dplyr (>= 1.0.3), ggplot2
(>= 3.5.0), glue (>= 1.6.0), gtable, patchwork (>= 1.1.0),
rlang (>= 1.0.0), survival (>= 3.6-4), tidyr (>= 1.0.0)",NA,"covr, knitr, rmarkdown, scales (>= 1.1.0), spelling, testthat
(>= 3.2.0), tidycmprsk (>= 1.0.0), vdiffr (>= 1.0.0), withr",NA,MIT + file LICENSE,NA,NA,NA,NA,eebb682ee79bd6d0224a66a959e901a3,no,NA,"Daniel D. Sjoberg [aut, cre, cph]
    (<https://orcid.org/0000-0003-0862-2018>),
  Mark Baillie [aut],
  Charlotta Fruechtenicht [aut] (<https://orcid.org/0000-0002-6689-6423>),
  Steven Haesendonckx [aut] (<https://orcid.org/0000-0001-8222-3686>),
  Tim Treis [aut] (<https://orcid.org/0000-0002-9686-4799>)","c(
    person(""Daniel D."", ""Sjoberg"", , ""danield.sjoberg@gmail.com"", role = c(""aut"", ""cre"", ""cph""),
           comment = c(ORCID = ""0000-0003-0862-2018"")),
    person(""Mark"", ""Baillie"", , ""bailliem@gmail.com"", role = ""aut""),
    person(""Charlotta"", ""Fruechtenicht"", , ""charlotta.fruechtenicht@roche.com"", role = ""aut"",
           comment = c(ORCID = ""0000-0002-6689-6423"")),
    person(""Steven"", ""Haesendonckx"", , ""shaesen2@its.jnj.com"", role = ""aut"",
           comment = c(ORCID = ""0000-0001-8222-3686"")),
    person(""Tim"", ""Treis"", , ""tim.treis@outlook.de"", role = ""aut"",
           comment = c(ORCID = ""0000-0002-9686-4799""))
  )",NA,https://github.com/pharmaverse/ggsurvfit/issues,NA,NA,NA,NA,NA,NA,NA,NA,NA,NA,NA,NA,NA,NA,NA,NA,NA,2024-05-08 20:50:02 UTC,"Ease the creation of time-to-event (i.e. survival) endpoint
    figures. The modular functions create figures ready for publication.
    Each of the functions that add to or modify the figure are written as
    proper 'ggplot2' geoms or stat methods, allowing the functions from
    this package to be combined with any function or customization from
    'ggplot2' and other 'ggplot2' extension packages.",UTF-8,NA,en-US,true,NA,NA,NA,Daniel D. Sjoberg <danield.sjoberg@gmail.com>,NA,2024-05-08 20:28:46 UTC; sjobergd,NA,NA,NA,NA,Flexible Time-to-Event Figures,NA,"https://github.com/pharmaverse/ggsurvfit,
https://www.danieldsjoberg.com/ggsurvfit/",NA,knitr,NA,NA,NA,2024-05-08,NA,"easysurv, EQUALSTATS",NA,"cardx, cloneRate, lnmixsurv, psborrow2, Statial, tidycmprsk",NA,NA,10.32614/CRAN.package.ggsurvfit,TRUE,TRUE,TRUE,TRUE,3
ggswissmaps,0.1.1,NA,"R (>= 2.14), ggplot2 (>= 2.0.0)",utils,NA,"dplyr, plyr, reshape2, testthat, data.table, knitr, rmarkdown",NA,GPL-2,NA,NA,NA,NA,5166991e2b5bbba5b436a8056026f17e,no,NA,"Sandro Petrillo Burri [aut, cre],
  Eric Stephani [aut],
  Lisa Bottinelli [ctb]","c(
  person(""Sandro"", ""Petrillo Burri"", email = ""gibo.gaf@gmail.com"", role = c(""aut"", ""cre"")), 
  person(""Eric"", ""Stephani"", email = ""eric.stephani@bluewin.ch"", role = ""aut""), 
  person(""Lisa"", ""Bottinelli"", email = ""lisa.bottinelli@gmail.com"", role = ""ctb""))",NA,NA,NA,NA,NA,NA,NA,NA,NA,NA,NA,NA,NA,NA,NA,NA,NA,NA,NA,2016-10-29 10:48:24,"Offers various swiss maps as data frames and 'ggplot2' objects and gives the
    possibility to add layers of data on the maps. Data are publicly available
    from the swiss federal statistical office.",UTF-8,NA,NA,yes,NA,NA,NA,Sandro Petrillo Burri <gibo.gaf@gmail.com>,NA,2016-10-28 23:02:33 UTC; gibo,NA,NA,NA,NA,Offers Various Swiss Maps as Data Frames and 'ggplot2' Objects,NA,https://github.com/gibonet/ggswissmaps,NA,knitr,NA,NA,NA,2016-10-29,NA,NA,NA,NA,NA,NA,10.32614/CRAN.package.ggswissmaps,TRUE,TRUE,TRUE,FALSE,2
ggtangle,0.0.6,NA,NA,"ggfun (>= 0.1.7), ggplot2, ggrepel, igraph, rlang, yulab.utils
(>= 0.1.7)",NA,"aplot, cli, ggnewscale, ggtree, knitr, prettydoc, rmarkdown,
scatterpie (>= 0.2.4)",NA,Artistic-2.0,NA,NA,NA,NA,d93ad9bf8d3f5c11c7d6ca6cbde7832a,no,NA,"Guangchuang Yu [aut, cre] (<https://orcid.org/0000-0002-6485-8781>)","c(
    person(given = ""Guangchuang"", family = ""Yu"", email = ""guangchuangyu@gmail.com"",   role  = c(""aut"", ""cre""), comment = c(ORCID = ""0000-0002-6485-8781"")))",NA,NA,NA,NA,NA,NA,NA,NA,NA,NA,NA,NA,NA,NA,NA,NA,NA,NA,NA,2024-12-18 14:30:06 UTC,"Extends the 'ggplot2' plotting system to support network visualization. Inspired by the 'Method 1' in 'ggtree' (G Yu (2018) <doi:10.1093/molbev/msy194>), 'ggtangle' is designed to work with network associated data. ",UTF-8,NA,NA,NA,NA,NA,NA,Guangchuang Yu <guangchuangyu@gmail.com>,NA,2024-12-18 10:15:21 UTC; HUAWEI,NA,NA,NA,NA,Draw Network with Data,NA,NA,NA,knitr,NA,NA,NA,2024-12-18,NA,enrichplot,NA,NA,NA,NA,10.32614/CRAN.package.ggtangle,TRUE,TRUE,TRUE,FALSE,2
ggtaxplot,0.0.1,NA,NA,"ggplot2, dplyr, tidyr, tidyverse, scales, RColorBrewer,
cluster, vegan, ggalluvial, magrittr, rlang",NA,"knitr, rmarkdown, testthat, devtools",NA,GPL-3,NA,NA,NA,NA,e54cf6aa8c2bcc2873ac6fd83b81c490,no,NA,"Clement Coclet [aut, cre] (GITLAB: https://gitlab.com/ccoclet/)","person(given = ""Clement"",
                    family = ""Coclet"",
                    role = c(""aut"", ""cre""),
                    email = ""clement.coclet@gmail.com"",
                    comment = ""GITLAB: https://gitlab.com/ccoclet/"")",NA,NA,NA,NA,NA,NA,NA,NA,NA,NA,NA,NA,NA,NA,NA,NA,NA,NA,NA,2024-12-20 11:00:06 UTC,"Provides a comprehensive suite of functions for processing and visualizing taxonomic data. It includes functionality to clean and transform taxonomic data, categorize it into hierarchical ranks (such as Phylum, Class, Order, Family, and Genus), and calculate the relative abundance of each category. The package also generates a color palette for visual representation of the taxonomic data, allowing users to easily identify and differentiate between various taxonomic groups. Additionally, it features a river plot visualization to effectively display the distribution of individuals across different taxonomic ranks, facilitating insights into taxonomic visualization.",UTF-8,NA,NA,NA,NA,NA,NA,Clement Coclet <clement.coclet@gmail.com>,NA,2024-12-19 17:39:58 UTC; ccoclet,NA,NA,NA,NA,Create Plots to Visualize Taxonomy,Package,NA,NA,knitr,NA,NA,NA,2024-12-20,NA,NA,NA,NA,NA,NA,10.32614/CRAN.package.ggtaxplot,TRUE,TRUE,FALSE,FALSE,1
ggtea,0.1.1,NA,NA,ggplot2,NA,NA,NA,GPL (>= 3),NA,NA,NA,NA,717b71c309d8bfeabf5c621ea37fd6c1,no,NA,"Pushkar Sarkar [aut, cre]","
    person(""Pushkar"", ""Sarkar"",email = ""inboxpushkarsarkar@gmail.com"", role = c(""aut"", ""cre""))",NA,NA,NA,NA,NA,NA,NA,NA,NA,NA,NA,NA,NA,NA,NA,NA,NA,NA,NA,2021-11-09 18:40:02 UTC,"A collection of palettes and themes for 'ggplot2', offering a light, pastel aesthetic. Syntax follows the 'viridis' package. ",UTF-8,NA,NA,NA,NA,NA,NA,Pushkar Sarkar <inboxpushkarsarkar@gmail.com>,NA,2021-11-09 04:07:41 UTC; Pushkar,NA,NA,NA,NA,Palettes and Themes for 'ggplot2',NA,NA,NA,NA,NA,NA,NA,2021-11-09,NA,NA,NA,NA,NA,NA,10.32614/CRAN.package.ggtea,TRUE,TRUE,TRUE,FALSE,2
ggtern,3.5.0,NA,"R (>= 4.0), ggplot2 (>= 3.5.0)","compositions (>= 2.0-2), grid, gridExtra (>= 2.3), gtable (>=
0.1.2), latex2exp (>= 0.5), MASS, plyr (>= 1.8.3), scales (>=
1.3.0), stats, proto (>= 1.0), utils, lattice, hexbin (>=
1.28.2), methods, rlang (>= 1.1.0)",NA,NA,sp,GPL-2 | file LICENSE,NA,NA,NA,NA,4468c59e1ba6ade63440e2ce549e9047,no,NA,"Nicholas Hamilton [aut, cre]","
  person(""Nicholas"",""Hamilton"", ,""nick@ggtern.com"", role = c(""aut"", ""cre""))",NA,NA,NA,NA,NA,NA,NA,NA,NA,NA,NA,NA,NA,"'ggtern-package.R' 'aes.R' 'coord-tern.R' 'calc-tern-tlr2xy.R'
'calc-mahalanobis-distance.R' 'calc-kde2d-weighted.R'
'doc-data.R' 'doc-theme-convenience.R' 'depreciated.R'
'labels-new.R' 'labels-percent.R' 'legend-draw-tern.R'
'ggtern-constructor.R' 'gg-internal.R'
'modifications-gridExtra.R' 'onLoad.R' 'plot.R' 'plot-build.R'
'plot-construction.R' 'position-.R' 'position-nudge-tern.R'
'position-jitter-tern.R' 'save.R' 'scales-tern.R'
'strip-unapproved.R' 'tern-limits.R' 'theme.R'
'theme-arrowlength.R' 'theme-clockwise.R' 'theme-defaults.R'
'theme-elements.R' 'theme-gridsontop.R' 'theme-bordersontop.R'
'theme-legend-position.R' 'theme-latex.R' 'theme-mesh.R'
'theme-noarrows.R' 'theme-nomask.R' 'theme-novar-tern.R'
'theme-rotate.R' 'theme-showgrid.R' 'theme-showlabels.R'
'theme-ticks.R' 'theme-showtitles.R' 'theme-ticksoutside.R'
'theme-zoom.R' 'utilities.R' 'utilities-help.R'
'geom-density-tern.R' 'stat-density-tern.R' 'geom-mask.R'
'geom-Xline.R' 'geom-Xisoprop.R' 'geom-confidence-tern.R'
'stat-confidence-tern.R' 'geom-errorbarX.R'
'geom-smooth-tern.R' 'stat-smooth-tern.R' 'geom-mean-ellipse.R'
'stat-mean-ellipse.R' 'geom-interpolate-tern.R'
'stat-interpolate-tern.R' 'stat-interpolate-methods.R'
'geom-crosshair-tern.R' 'geom-point-swap.R' 'geom-hex-tern.R'
'stat-hex-tern.R' 'annotation-tern.R'
'annotation-raster-tern.R' 'geom-text-viewport.R'
'geom-label-viewport.R' 'geom-polygon-closed.R'
'geom-tri-tern.R' 'stat-tri-tern.R'",NA,NA,NA,NA,2024-3-24,2024-03-24 21:50:02 UTC,"Extends the functionality of 'ggplot2', providing the capability
    to plot ternary diagrams for (subset of) the 'ggplot2' geometries. Additionally,
    'ggtern' has implemented several NEW geometries which are unavailable to the
    standard 'ggplot2' release. For further examples and documentation, please
    proceed to the 'ggtern' website.",UTF-8,NA,NA,NA,NA,NA,NA,Nicholas Hamilton <nick@ggtern.com>,NA,2024-03-24 19:53:34 UTC; nick,NA,NA,NA,NA,"An Extension to 'ggplot2', for the Creation of Ternary Diagrams",NA,http://www.ggtern.com,NA,NA,NA,NA,NA,2024-03-24,NA,"cocktailApp, MultiTraits, sjSDM, tricolore",NA,"BloodCancerMultiOmics2017, dartR.base, seAMLess, vdar",NA,NA,10.32614/CRAN.package.ggtern,TRUE,TRUE,TRUE,FALSE,2
ggtext,0.1.2,NA,R (>= 3.5),"ggplot2 (>= 3.3.0), grid, gridtext, rlang, scales",NA,"cowplot, dplyr, glue, knitr, rmarkdown, testthat, vdiffr",NA,GPL-2,NA,NA,NA,NA,fb0b751ae1d0cb66c7e75006c3cf8cc7,no,NA,"Claus O. Wilke [aut] (<https://orcid.org/0000-0002-7470-9261>),
  Brenton M. Wiernik [aut, cre] (<https://orcid.org/0000-0001-9560-6336>,
    @bmwiernik)","
    c(
      person(
        given = ""Claus O."",
        family = ""Wilke"",
        role = c(""aut""),
        email = ""wilke@austin.utexas.edu"",
        comment = c(ORCID = ""0000-0002-7470-9261"")
      ),
      person(
        given = ""Brenton M."",
        family = ""Wiernik"",
        role = c(""aut"", ""cre""),
        email = ""brenton@wiernik.org"",
        comment = c(ORCID = ""0000-0001-9560-6336"", Twitter = ""@bmwiernik"")
      )
    )",NA,https://github.com/wilkelab/ggtext/issues,NA,NA,NA,NA,NA,NA,NA,NA,NA,NA,NA,NA,NA,NA,NA,NA,NA,2022-09-16 11:36:07 UTC,"A 'ggplot2' extension that enables the rendering of
    complex formatted plot labels (titles, subtitles, facet labels,
    axis labels, etc.). Text boxes with automatic word wrap are also
    supported.",UTF-8,NA,NA,NA,NA,NA,NA,Brenton M. Wiernik <brenton@wiernik.org>,NA,2022-09-15 13:50:50 UTC; brentonw,NA,NA,NA,NA,Improved Text Rendering Support for 'ggplot2',Package,https://wilkelab.org/ggtext/,NA,knitr,NA,NA,NA,2022-09-16,NA,"AQEval, BayesianReasoning, cageminer, CCPlotR, cleanTS, ClustAssess, coat, ddtlcm, DImodelsVis, esci, gg1d, ggseqplot, hatchR, IDEATools, imputeTS, iNZightRegression, iNZightTS, katdetectr, lactater, LightLogR, nlmixr2extra, openairmaps, PhosR, PlayerChart, ProAE, PRONE, ratlas, rbiom, SangerTools, skipTrack, smallsets, SpatialOmicsOverlay, Spectran, ssdtools, survminer, unhcrthemes, vDiveR, voluModel, worrrd",NA,"afcharts, aggregateBioVar, biomod2, bruceR, bsitar, covidmx, cricketdata, DrugUtilisation, epiCleanr, finalsize, ggpmisc, ggpointless, industRial, ineAtlas, iNZightPlots, mlbplotR, mlr3spatiotempcv, nichetools, POMA, portvine, schtools, subincomeR, superspreading, tablesgg, whippr",NA,NA,10.32614/CRAN.package.ggtext,TRUE,TRUE,TRUE,TRUE,3
ggThemeAssist,0.1.5,NA,R (>= 3.0.0),"shiny (>= 0.13), miniUI (>= 0.1.1), rstudioapi (>= 0.5),
ggplot2, formatR",NA,extrafont,NA,GPL-3,NA,NA,NA,NA,e0a23b56c8ea2a493d49674ddbd2ff7e,no,NA,"Calli Gross [aut, cre],
        Philipp Ottolinger [aut, ctb]",NA,NA,NA,NA,NA,NA,NA,NA,NA,NA,NA,NA,NA,NA,NA,NA,NA,NA,NA,NA,2016-08-13 16:50:55,Rstudio add-in that delivers a graphical interface for editing 'ggplot2' theme elements.,NA,NA,NA,TRUE,NA,NA,NA,Calli Gross <ggthemeassist@icloud.com>,NA,2016-08-13 14:21:04 UTC; mg,NA,NA,NA,NA,Add-in to Customize 'ggplot2' Themes,Package,https://github.com/calligross/ggthemeassist,NA,NA,NA,NA,NA,2016-08-13,NA,NA,NA,NA,NA,NA,10.32614/CRAN.package.ggThemeAssist,TRUE,TRUE,TRUE,FALSE,2
ggthemes,5.1.0,NA,R (>= 3.3.0),"ggplot2 (>= 3.0.0), graphics, grid, lifecycle, methods, purrr,
scales, stringr, tibble",NA,"dplyr, covr, extrafont, glue, knitr, lattice, lintr, maps,
mapproj, pander, quantreg, rlang, rmarkdown, spelling, testthat
(>= 3.2.0), tidyr, vdiffr, withr",NA,GPL-2,NA,NA,NA,NA,9491e966073dd9aac9c0356717a31662,no,NA,"Jeffrey B. Arnold [aut, cre] (<https://orcid.org/0000-0001-9953-3904>),
  Gergely Daroczi [ctb],
  Bo Werth [ctb],
  Brian Weitzner [ctb],
  Joshua Kunst [ctb],
  Baptise Auguie [ctb],
  Bob Rudis [ctb],
  Hadley Wickham [ctb] (Code from the ggplot2 package.),
  Justin Talbot [ctb] (Code from the labeling package),
  Joshua London [ctb]","c(person(""Jeffrey B."", ""Arnold"", role = c(""aut"", ""cre""),
    email = ""jeffrey.arnold@gmail.com"", 
    comment = ""<https://orcid.org/0000-0001-9953-3904>""),
    person(""Gergely"", ""Daroczi"", role = ""ctb""),
    person(""Bo"", ""Werth"", role = ""ctb""),
    person(""Brian"", ""Weitzner"", role = ""ctb""),
    person(""Joshua"", ""Kunst"", role = ""ctb""),
    person(""Baptise"", ""Auguie"", role = ""ctb""),
    person(""Bob"", ""Rudis"", role = ""ctb""),
    person(""Hadley"", ""Wickham"", role = c(""ctb""),
    comment = ""Code from the ggplot2 package.""),
    person(""Justin"",  ""Talbot"", role = ""ctb"",
    comment = ""Code from the labeling package""),
    person(""Joshua"", ""London"", role = ""ctb""))",NA,https://github.com/jrnold/ggthemes/issues,NA,NA,NA,NA,NA,NA,NA,NA,NA,NA,NA,NA,NA,NA,NA,NA,NA,2024-02-10 00:30:02 UTC,"Some extra themes, geoms, and scales for 'ggplot2'.
    Provides 'ggplot2' themes and scales that replicate the look of plots
    by Edward Tufte, Stephen Few, 'Fivethirtyeight', 'The Economist', 'Stata',
    'Excel', and 'The Wall Street Journal', among others.
    Provides 'geoms' for Tufte's box plot and range frame.",UTF-8,NA,en-US,true,NA,NA,NA,Jeffrey B. Arnold <jeffrey.arnold@gmail.com>,NA,2024-02-09 17:47:25 UTC; jrnold,NA,NA,NA,NA,"Extra Themes, Scales and Geoms for 'ggplot2'",NA,"https://jrnold.github.io/ggthemes/,
https://github.com/jrnold/ggthemes",NA,NA,NA,NA,NA,2024-02-10,"Eagle, orgR","AeroSampleR, amplican, autostats, AvInertia, BGPhazard, BioM2, CEMiTool, cities, corral, COTAN, curtailment, deepredeff, destiny, dogesr, duet, DuoClustering2018, edeaR, evalITR, fedup, fitbitViz, forestmangr, geouy, ggESDA, gghdx, ggplotAssist, grabsampling, heuristicsmineR, immuneSIM, ipeaplot, IRexamples, iwaqr, JWileymisc, MCOE, mcStats, MetMashR, microdiluteR, missingHE, NanoStringNCTools, nima, obliqueRSF, OddsPlotty, pam, patterncausality, PRECAST, proteus, PSAboot, psyntur, PUMP, qPCRtools, radsafer, RcmdrPlugin.KMggplot2, RTCGA, SangerTools, scRNAtools, scruff, SoilManageR, spacejamr, spicyR, spinner, structToolbox, SWMPrExtension, talkr, TOP, tsgc, UpAndDownPlots, voiceR",NA,"audiometry, BetaBit, bmm, CGPfunctions, dartR.base, directlabels, ecostats, eks, esquisse, fitbitScraper, fitODBOD, geocausal, ggalt, ggformula, ggHoriPlot, ggmcmc, ggseqplot, ggTimeSeries, grainscape, grwat, harmony, hdcate, hmsidwR, HPiP, iNEXT, iNEXT.3D, iNEXT.beta3D, iNZightPlots, kidsides, nzelect, ordbetareg, paletteer, pdSpecEst, PlotFTIR, plotly, public.ctn0094data, quickReg, r4ds.tutorials, restoptr, SCIBER, scmeth, shinyPredict, sights, stars, sugarglider, swipeR, symphony, tigris, tvgeom, UnalR, vdar, waffle, weatherOz, ZIprop, ZVCV",NA,NA,10.32614/CRAN.package.ggthemes,TRUE,TRUE,TRUE,FALSE,2
ggthemeUL,0.1.3,NA,ggplot2,NA,NA,"knitr, rmarkdown, scales",NA,GPL,NA,NA,NA,NA,02660569ea55dc1e52ef71bc176946eb,no,NA,"Marjan Cugmas [aut, cre] (<https://orcid.org/0000-0002-1715-2460>)","person(given = ""Marjan"", family = ""Cugmas"", role = c(""aut"", ""cre""), email = ""marjan.cugmas@fdv.uni-lj.si"", comment = c(ORCID = ""0000-0002-1715-2460""))",NA,NA,NA,NA,NA,NA,NA,NA,NA,NA,NA,NA,NA,NA,NA,NA,NA,NA,NA,2023-12-07 11:50:02 UTC,Designed to customize 'ggplot' graphics according to the institutional identity of the University of Ljubljana. ,UTF-8,NA,NA,NA,NA,NA,NA,Marjan Cugmas <marjan.cugmas@fdv.uni-lj.si>,NA,2023-12-07 09:31:15 UTC; marss,NA,NA,NA,NA,A 'ggplot' Theme for University of Ljubljana,Package,NA,NA,knitr,NA,NA,NA,2023-12-07,NA,NA,NA,NA,NA,NA,10.32614/CRAN.package.ggthemeUL,TRUE,TRUE,TRUE,FALSE,2
ggtibble,1.0.1,NA,R (>= 4.3),"dplyr, ggplot2, glue, knitr, purrr, rlang, tibble, tidyr,
vctrs",NA,"rmarkdown, spelling, testthat (>= 3.0.0), withr",NA,GPL (>= 3),NA,NA,NA,NA,63beb23c47a52b88b85386b517757726,no,NA,"Bill Denney [aut, cre] (<https://orcid.org/0000-0002-5759-428X>)","
    person(""Bill"", ""Denney"", email=""wdenney@humanpredictions.com"", role=c(""aut"", ""cre""), comment=c(ORCID=""0000-0002-5759-428X""))",NA,NA,NA,NA,NA,NA,NA,NA,NA,NA,NA,NA,NA,NA,NA,NA,NA,NA,NA,2024-06-19 12:50:02 UTC,"
  Create tibbles and lists of 'ggplot' figures that can be modified as easily as
  regular 'ggplot' figures.  Typical use cases are for creating reports or web
  pages where many figures are needed with different data and similar
  formatting.",UTF-8,NA,en-US,NA,NA,NA,NA,Bill Denney <wdenney@humanpredictions.com>,NA,2024-06-19 12:19:38 UTC; bill,NA,NA,NA,NA,Create Tibbles and Lists of 'ggplot' Figures for Reporting,NA,https://billdenney.github.io/ggtibble/,NA,knitr,NA,NA,NA,2024-06-19,NA,NA,NA,NA,NA,NA,10.32614/CRAN.package.ggtibble,TRUE,TRUE,TRUE,FALSE,2
ggtikz,0.1.3,NA,NA,"dplyr, ggplot2 (>= 3.5.0), grid, stringr, tikzDevice",NA,"covr, knitr, magick, rmarkdown, testthat (>= 3.0.0), tinytex",NA,MIT + file LICENSE,NA,NA,NA,NA,40dbf766b4930767f4cc6e8ebece166a,no,NA,"Oliver Thomas [aut, cre]","
    person(given = ""Oliver"",
           family = ""Thomas"",
           role = c(""aut"", ""cre""),
           email = ""ost.dev@posteo.net"")",NA,https://github.com/osthomas/ggtikz/issues,NA,NA,NA,NA,NA,NA,NA,NA,NA,NA,NA,NA,NA,NA,NA,NA,NA,2024-06-16 15:10:02 UTC,"Annotation of 'ggplot2' plots with arbitrary 'TikZ' code, using absolute data or relative plot coordinates.",UTF-8,NA,NA,NA,NA,NA,NA,Oliver Thomas <ost.dev@posteo.net>,NA,2024-06-15 12:32:31 UTC; thomaso,NA,NA,NA,NA,"Post-Process 'ggplot2' Plots with 'TikZ' Code Using Plot
Coordinates",NA,https://github.com/osthomas/ggtikz,NA,knitr,NA,NA,NA,2024-06-16,NA,NA,NA,NA,NA,NA,10.32614/CRAN.package.ggtikz,TRUE,TRUE,TRUE,FALSE,2
ggTimeSeries,1.0.2,NA,"R (>= 3.4.0), ggplot2","data.table, stats, utils",NA,"knitr, rmarkdown, ggthemes, prettydoc",NA,MIT + file LICENSE,NA,NA,NA,NA,e93d006c954c853886209bd71cc93978,no,NA,"Aditya Kothari [cre, aut],
  Ather Energy [cph],
  Jesse Vent [ctb]","c(
    person(""Aditya"", ""Kothari"", , ""mail.thecomeonman@gmail.com"", role = c(""cre"",""aut"")),
    person(""Ather Energy"", role = ""cph""),
    person(""Jesse"",""Vent"", , role = ""ctb"")
    )",NA,https://github.com/thecomeonman/ggTimeSeries/issues,NA,NA,NA,NA,NA,NA,NA,NA,NA,NA,NA,NA,NA,NA,NA,NA,2022-01-17,2022-01-23 16:22:42 UTC,Provides additional display mediums for time series visualisations.,UTF-8,NA,NA,true,NA,NA,NA,Aditya Kothari <mail.thecomeonman@gmail.com>,NA,2022-01-23 16:03:36 UTC; a,NA,NA,NA,NA,Time Series Visualisations Using the Grammar of Graphics,Package,https://github.com/thecomeonman/ggTimeSeries,NA,"knitr, rmarkdown",NA,NA,NA,2022-01-23,NA,NA,NA,NA,NA,NA,10.32614/CRAN.package.ggTimeSeries,TRUE,TRUE,FALSE,FALSE,1
ggtrace,0.2.0,NA,R (>= 4.0.0),"ggplot2, grid, rlang",NA,"covr, knitr, rmarkdown, tidyr, tibble, dplyr, testthat (>=
3.0.0), vdiffr (>= 1.0.0)",NA,MIT + file LICENSE,NA,NA,NA,NA,42827b97292c0f2235b270c7032f2ec8,no,NA,"Ryan Sheridan [aut, cre] (<https://orcid.org/0000-0003-4012-3147>),
  Rui Fu [ctb] (<https://orcid.org/0000-0001-8183-4549>),
  Jay Hesselberth [ctb] (<https://orcid.org/0000-0002-6299-179X>),
  RNA Bioscience Initiative [fnd, cph]","
    c(person(given = ""Ryan"",
             family = ""Sheridan"",
             role = c(""aut"", ""cre""),
             email = ""ryan.sheridan@cuanschutz.edu"",
             comment = c(ORCID = ""0000-0003-4012-3147"")),
      person(given = ""Rui"",
             family = ""Fu"",
             role = ""ctb"",
             email = ""raysinensis@gmail.com"",
             comment = c(ORCID = ""0000-0001-8183-4549"")),
      person(given = ""Jay"",
             family = ""Hesselberth"",
             role = ""ctb"",
             email = ""jay.hesselberth@gmail.com"",
             comment = c(ORCID = ""0000-0002-6299-179X"")),
      person(given = ""RNA Bioscience Initiative"",
             role = c(""fnd"", ""cph"")))",NA,https://github.com/rnabioco/ggtrace/issues,NA,NA,NA,NA,NA,NA,NA,NA,NA,NA,NA,"'a-legend-draw.R' 'data.R' 'geom-path-trace.R'
'geom-point-trace.R' 'ggtrace-package.R' 'grouping.R'
'utilities-ggplot2.R'",NA,NA,NA,NA,NA,2022-06-24 07:20:02 UTC,"Provides 'ggplot2' geoms that allow groups of data points to be
    outlined or highlighted for emphasis. This is particularly useful when
    working with dense datasets that are prone to overplotting.",UTF-8,NA,NA,true,NA,NA,NA,Ryan Sheridan <ryan.sheridan@cuanschutz.edu>,NA,2022-06-23 18:38:51 UTC; rmsheridan,NA,NA,NA,pandoc,Trace and Highlight Groups of Data Points,Package,https://github.com/rnabioco/ggtrace,NA,knitr,NA,NA,NA,2022-06-24,NA,NA,NA,NA,NA,NA,10.32614/CRAN.package.ggtrace,TRUE,TRUE,TRUE,FALSE,2
ggtrendline,1.0.3,NA,R (>= 3.5.2),"stats, ggplot2",NA,"investr, AICcmodavg",NA,GPL-3,NA,NA,NA,NA,97d24214b36da1a2beaf0e079512c650,no,NA,"Weiping Mei [aut, cre, cph],
  Guangchuang Yu [aut],
  Brandon M. Greenwell [aut],
  Jiangshan Lai [ctb],
  Zhendu Mao [ctb],
  Yu Umezawa [ctb],
  Jun Zeng [ctb],
  Jun Wang [ctb]","c(
		person(""Weiping"", ""Mei"", role = c(""aut"", ""cre"", ""cph""), email = ""meiweipingg@163.com""),
		person(""Guangchuang"", ""Yu"", role = ""aut""),
		person(""Brandon M."", ""Greenwell"", role = ""aut""),
		person(""Jiangshan"", ""Lai"", role = ""ctb""),
		person(""Zhendu"", ""Mao"",   role = ""ctb""),
		person(""Yu"", ""Umezawa"",  role = ""ctb""),
		person(""Jun"", ""Zeng"",  role = ""ctb""),
		person(""Jun"", ""Wang"",  role = ""ctb"")
	   )",NA,https://github.com/PhDMeiwp/ggtrendline/issues,NA,NA,NA,NA,NA,NA,NA,NA,NA,NA,NA,NA,NA,NA,NA,NA,2022-04-24,2022-04-27 08:20:06 UTC,"Add trendline and confidence interval of linear or nonlinear regression model and
    show equation to 'ggplot' as simple as possible. For a general overview of the methods used in
	  this package, see Ritz and Streibig (2008) <doi:10.1007/978-0-387-09616-2> and 
	  Greenwell and Schubert Kabban (2014) <doi:10.32614/RJ-2014-009>.",UTF-8,NA,NA,NA,NA,true,NA,Weiping Mei <meiweipingg@163.com>,NA,2022-04-24 04:36:52 UTC; meiwe,NA,NA,NA,NA,Add Trendline and Confidence Interval to 'ggplot',NA,https://github.com/PhDMeiwp/ggtrendline,NA,NA,NA,NA,NA,2022-04-27,NA,NA,NA,NA,NA,NA,10.32614/CRAN.package.ggtrendline,TRUE,TRUE,TRUE,FALSE,2
ggtricks,0.1.0,NA,NA,"cli, ggplot2",NA,"covr, rmarkdown, testthat (>= 3.0.0)",NA,MIT + file LICENSE,NA,NA,NA,NA,64c87791d40522db5d97203e78b72589,no,NA,"Abdoul ISSA BIDA [aut, cre]","
    person(""Abdoul"", ""ISSA BIDA"", , ""contact@abdoulblog.com"", role = c(""aut"", ""cre""))",NA,https://github.com/AbdoulMa/ggtricks/issues,NA,NA,NA,NA,NA,NA,NA,NA,NA,NA,NA,NA,NA,NA,NA,NA,NA,2023-05-10 16:00:05 UTC,"A collection of several geoms to create graphics, using
    'ggplot2' and the Cartesian coordinate system. You use the familiar
    mapping 'Grammar of Graphics' without the need to do another
    transformation into polar coordinates.",UTF-8,NA,NA,NA,NA,NA,NA,Abdoul ISSA BIDA <contact@abdoulblog.com>,NA,2023-05-09 16:42:23 UTC; abdoul-ma,NA,NA,NA,NA,Create Sector and Other Charts Easily Using Grammar of Graphics,NA,"https://github.com/AbdoulMa/ggtricks,
https://abdoulma.github.io/ggtricks/",NA,NA,NA,NA,NA,2023-05-10,NA,NA,NA,NA,NA,NA,10.32614/CRAN.package.ggtricks,TRUE,TRUE,TRUE,FALSE,2
ggupset,0.4.1,NA,R (>= 2.10),"ggplot2 (>= 3.3.0), gtable, grid, tibble, rlang, scales",NA,testthat,NA,GPL-3,NA,NA,NA,NA,2754f441210a3994582239f2d6b6b6a1,no,NA,"Constantin Ahlmann-Eltze [aut, cre]
    (<https://orcid.org/0000-0002-3762-068X>)","person(""Constantin"", ""Ahlmann-Eltze"", email = ""artjom31415@googlemail.com"", 
                  role = c(""aut"", ""cre""), comment = c(ORCID = ""0000-0002-3762-068X""))",NA,https://github.com/const-ae/ggupset/issues,NA,NA,NA,NA,NA,NA,NA,NA,NA,NA,NA,NA,NA,NA,NA,NA,NA,2025-02-11 11:10:02 UTC,"Replace the standard x-axis in 'ggplots' with a combination matrix
  to visualize complex set overlaps. 'UpSet' has introduced a new way to visualize
  the overlap of sets as an alternative to Venn diagrams. 
  This package provides a simple way to produce such plots using 'ggplot2'. 
  In addition it can convert any categorical axis into a combination
  matrix axis.",UTF-8,NA,NA,true,NA,NA,NA,Constantin Ahlmann-Eltze <artjom31415@googlemail.com>,NA,2025-02-11 10:43:55 UTC; ahlmanne,NA,NA,NA,NA,Combination Matrix Axis for 'ggplot2' to Create 'UpSet' Plots,Package,https://github.com/const-ae/ggupset,NA,NA,NA,NA,NA,2025-02-11,NA,"ClassifyR, pathfindR, surveyexplorer",NA,"ChIPseeker, enrichplot, MicrobiotaProcess, plotthis",NA,NA,10.32614/CRAN.package.ggupset,TRUE,TRUE,TRUE,FALSE,2
ggvenn,0.1.10,NA,"dplyr, grid, ggplot2",NA,NA,NA,NA,MIT + file LICENSE,NA,NA,NA,NA,eb81af74065bc4f88778e8f88b7bbd8e,no,NA,"Linlin Yan [aut, cre] (<https://orcid.org/0000-0002-4990-6239>)","person(given = ""Linlin"", family = ""Yan"",
                  role = c(""aut"", ""cre""),
                  email = ""yanlinlin82@gmail.com"",
                  comment = c(ORCID = ""0000-0002-4990-6239""))",NA,NA,NA,NA,NA,NA,NA,NA,NA,NA,NA,NA,NA,NA,NA,NA,NA,NA,NA,2023-03-31 03:50:02 UTC,An easy-to-use way to draw pretty venn diagram by 'ggplot2'.,UTF-8,NA,NA,NA,NA,NA,NA,Linlin Yan <yanlinlin82@gmail.com>,NA,2023-03-31 03:24:02 UTC; yanll,NA,NA,NA,NA,Draw Venn Diagram by 'ggplot2',NA,NA,NA,NA,NA,NA,NA,2023-03-31,NA,"genekitr, gINTomics, overviewR, ScreenR, ShinyLink",NA,"dataquieR, mastR, RCPA",NA,NA,10.32614/CRAN.package.ggvenn,TRUE,TRUE,TRUE,FALSE,2
ggVennDiagram,1.5.2,NA,R (>= 4.1.0),"ggplot2 (>= 3.4.0), dplyr, methods, tibble, aplot, venn (>=
1.12), yulab.utils, forcats",NA,"testthat (>= 2.1.0), knitr, plotly, RColorBrewer, shiny,
rmarkdown, tidyr",NA,GPL-3,NA,NA,NA,NA,25718bbd19e6bf11b4dea69609664d64,no,NA,"Chun-Hui Gao [aut, cre] (<https://orcid.org/0000-0002-1445-7939>),
  Guangchuang Yu [ctb] (<https://orcid.org/0000-0002-6485-8781>),
  Adrian Dusa [aut, cph] (<https://orcid.org/0000-0002-3525-9253>, Adrian
    Dusa is the author and copyright holder of venn, where
    ggVennDiagram imports the polygon coordinates enabling 5 - 7 sets
    Venn diagram.),
  Turgut Yigit Akyol [ctb] (<https://orcid.org/0000-0003-0897-7716>)","c(
  person(""Chun-Hui"",""Gao"", email=""gaospecial@gmail.com"", role=c(""aut"",""cre""), comment=c(ORCID = ""0000-0002-1445-7939"")),
  person(""Guangchuang"", ""Yu"", email = ""guangchuangyu@gmail.com"", role = c(""ctb""), comment = c(ORCID = ""0000-0002-6485-8781"")),
  person(""Adrian"", ""Dusa"",  email = ""dusa.adrian@unibuc.ro"", role = c(""aut"",""cph""), 
    comment = c(ORCID = ""0000-0002-3525-9253"", 
    note = ""Adrian Dusa is the author and copyright holder of venn, where ggVennDiagram imports the polygon coordinates enabling 5 - 7 sets Venn diagram."")),
  person(""Turgut Yigit"", ""Akyol"", email = ""tyakyol@gmail.com"", role = c(""ctb""), comment=c(ORCID = ""0000-0003-0897-7716""))
  )",NA,NA,NA,NA,NA,NA,NA,NA,NA,NA,NA,NA,NA,NA,NA,NA,NA,NA,NA,2024-02-20 08:10:02 UTC,"Easy-to-use functions to generate 2-7 sets Venn or upset plot in publication quality. 
  'ggVennDiagram' plot Venn or upset using well-defined geometry dataset and 'ggplot2'. The shapes of 2-4 sets 
  Venn use circles and ellipses, while the shapes of 4-7 sets Venn use irregular polygons (4 has both forms), which 
  are developed and imported from another package 'venn', authored by Adrian Dusa. We provided internal functions to 
  integrate shape data with user provided sets data, and calculated the geometry of every regions/intersections 
  of them, then separately plot Venn in four components, set edges/labels, and region edges/labels.
  From version 1.0, it is possible to customize these components as you demand in ordinary 'ggplot2' grammar.
  From version 1.4.4, it supports unlimited number of sets, as it can draw a plain upset plot automatically when
  number of sets is more than 7.",UTF-8,NA,NA,NA,NA,NA,NA,Chun-Hui Gao <gaospecial@gmail.com>,NA,2024-02-20 03:20:35 UTC; gaoch,NA,NA,NA,NA,A 'ggplot2' Implement of Venn Diagram,Package,"https://github.com/gaospecial/ggVennDiagram,
https://gaospecial.github.io/ggVennDiagram/",NA,knitr,NA,NA,NA,2024-02-20,NA,"biblioverlap, bulkAnalyseR, netShiny, TransProR",NA,"ChIPseeker, manydata, MetMashR, MicrobiotaProcess, pcutils, plotthis",NA,NA,10.32614/CRAN.package.ggVennDiagram,TRUE,TRUE,TRUE,FALSE,2
ggversa,0.0.1,NA,NA,NA,NA,NA,NA,GPL-2,NA,NA,NA,NA,e6207ea02937f4fb50f83caf4490702f,no,NA,Raymond > Tremblay,NA,NA,NA,NA,NA,NA,NA,NA,NA,NA,NA,NA,NA,NA,NA,NA,NA,NA,NA,NA,2017-08-05 12:26:09 UTC,"A collection of datasets for the upcoming book ""Graficas versatiles con ggplot: Analisis visuales de datos"", by Raymond L. Tremblay and Julian Hernandez-Serano. ",UTF-8,NA,NA,TRUE,NA,NA,NA,Raymond L. Tremblay <raymondtremblay1@mac.com>,NA,2017-08-05 12:15:30 UTC; raymondtremblay1,NA,NA,NA,NA,Graficas Versatiles Con 'ggplot2',Package,NA,NA,NA,NA,NA,NA,2017-08-05,NA,NA,NA,NA,NA,NA,10.32614/CRAN.package.ggversa,TRUE,TRUE,TRUE,FALSE,2
ggview,0.2.1,NA,NA,"ggplot2, rstudioapi",NA,"testthat (>= 3.0.0), png",NA,GPL-2 | file LICENSE,NA,NA,NA,NA,8a92a40d02aa3693875cc47fade4a873,no,NA,"Iaroslav Domin [aut, cre, cph]","person(""Iaroslav"", ""Domin"", email = ""ya.domin@gmail.com"", role = c(""aut"", ""cre"", ""cph""))",NA,https://github.com/idmn/ggview/issues,NA,NA,NA,NA,NA,NA,NA,NA,NA,NA,NA,NA,NA,NA,NA,NA,NA,2024-10-02 17:00:10 UTC,"Preview what a 'ggplot2' plot would look like if you save it to a file. 
    Attach picture dimensions as a canvas() element and get an instant preview. 
    These dimensions will then be used when you save the plot.",UTF-8,NA,NA,NA,NA,NA,NA,Iaroslav Domin <ya.domin@gmail.com>,NA,2024-10-01 19:07:12 UTC; iaroslav,NA,NA,NA,NA,'ggplot2' Picture Previewer,Package,https://github.com/idmn/ggview,NA,NA,NA,NA,NA,2024-10-02,NA,NA,NA,NA,NA,NA,10.32614/CRAN.package.ggview,TRUE,TRUE,TRUE,FALSE,2
ggvis,0.4.9,NA,R (>= 3.0),"assertthat, dplyr (>= 0.5.0), htmltools (>= 0.2.4), jsonlite
(>= 0.9.11), magrittr, methods, rlang, shiny (>= 0.11.1)",NA,"knitr (>= 1.6), lubridate, MASS, mgcv, rmarkdown, testthat
(>= 0.8.1)",NA,GPL-2 | file LICENSE,NA,NA,NA,NA,cd8e7cebdac79ce1925e39f4072900cb,no,NA,"Hadley Wickham [aut, cre],
  Winston Chang [aut],
  Posit [cph],
  jQuery Foundation [cph] (jQuery library and jQuery UI library),
  jQuery contributors [ctb, cph] (jQuery library; authors listed in
    inst/www/lib/jquery/AUTHORS.txt),
  jQuery UI contributors [ctb, cph] (jQuery UI library; authors listed in
    inst/www/lib/jquery-ui/AUTHORS.txt),
  Mike Bostock [ctb, cph] (D3 library),
  D3 contributors [ctb] (D3 library; authors listed at
    https://github.com/d3/d3/graphs/contributors),
  Trifacta Inc. [cph] (Vega library),
  Vega contributors [ctb] (Vega library; authors listed at
    https://github.com/trifacta/vega/graphs/contributors),
  Sebastián Décima [ctb, cph] (javascript-detect-element-resize library)","c(
    person(""Hadley"", ""Wickham"", , ""hadley@posit.co"", role = c(""aut"", ""cre"")),
    person(""Winston"", ""Chang"", , ""winston@posit.co"", role = ""aut""),
    person(, ""Posit"", role = ""cph""),
    person(, ""jQuery Foundation"", role = ""cph"",
           comment = ""jQuery library and jQuery UI library""),
    person(, ""jQuery contributors"", role = c(""ctb"", ""cph""),
           comment = ""jQuery library; authors listed in inst/www/lib/jquery/AUTHORS.txt""),
    person(, ""jQuery UI contributors"", role = c(""ctb"", ""cph""),
           comment = ""jQuery UI library; authors listed in inst/www/lib/jquery-ui/AUTHORS.txt""),
    person(""Mike"", ""Bostock"", role = c(""ctb"", ""cph""),
           comment = ""D3 library""),
    person(, ""D3 contributors"", role = ""ctb"",
           comment = ""D3 library; authors listed at https://github.com/d3/d3/graphs/contributors""),
    person(, ""Trifacta Inc."", role = ""cph"",
           comment = ""Vega library""),
    person(, ""Vega contributors"", role = ""ctb"",
           comment = ""Vega library; authors listed at https://github.com/trifacta/vega/graphs/contributors""),
    person(""Sebastián"", ""Décima"", role = c(""ctb"", ""cph""),
           comment = ""javascript-detect-element-resize library"")
  )",NA,NA,NA,NA,NA,NA,NA,NA,NA,NA,NA,NA,NA,NA,NA,NA,NA,NA,NA,2024-02-05 22:10:06 UTC,"An implementation of an interactive grammar of graphics,
    taking the best parts of 'ggplot2', combining them with the reactive
    framework of 'shiny' and drawing web graphics using 'vega'.",UTF-8,NA,NA,true,NA,NA,NA,Hadley Wickham <hadley@posit.co>,NA,2024-02-05 16:06:23 UTC; hadleywickham,NA,NA,NA,NA,Interactive Grammar of Graphics,NA,https://ggvis.rstudio.com/,NA,NA,NA,NA,NA,2024-02-05,NA,"AeRobiology, MetaAnalyser, MLInterfaces, NetworkChange, subspace",NA,esetVis,NA,NA,10.32614/CRAN.package.ggvis,TRUE,TRUE,TRUE,FALSE,2
ggvolcano,0.1.4,NA,NA,"config (>= 0.3.2), ggplot2, ggrepel, golem (>= 0.4.1), shiny
(>= 1.8.1.1)",NA,"knitr, rmarkdown",NA,MIT + file LICENSE,NA,NA,NA,NA,efadaa92e1448379ec83b4741e4214cb,no,NA,"Yaoxiang Li [cre, aut]","person('Yaoxiang', 'Li', email = 'liyaoxiang@outlook.com', role = c('cre', 'aut'))",NA,NA,NA,NA,NA,NA,NA,NA,NA,NA,NA,NA,NA,NA,NA,NA,NA,NA,NA,2025-02-09 04:10:02 UTC,"Provides publication-ready volcano plots for visualizing differential expression results, commonly used in RNA-seq and similar analyses. This tool helps create high-quality visual representations of data using the 'ggplot2' framework Wickham (2016) <doi:10.1007/978-3-319-24277-4>.",UTF-8,NA,NA,NA,NA,NA,NA,Yaoxiang Li <liyaoxiang@outlook.com>,NA,2025-02-09 04:00:21 UTC; Bach,NA,NA,NA,NA,Publication-Ready Volcano Plots,NA,NA,NA,knitr,NA,NA,NA,2025-02-09,NA,NA,NA,NA,NA,NA,10.32614/CRAN.package.ggvolcano,TRUE,TRUE,TRUE,FALSE,2
ggwordcloud,0.6.2,NA,"R (>= 3.5.0), ggplot2 (>= 3.0.0)","grid, gridtext, Rcpp, scales (>= 1.0.0), colorspace, png",Rcpp,"testthat (>= 2.0.0), knitr, rmarkdown, ggrepel, wordcloud,
wordcloud2, covr, dplyr, tidyr",NA,GPL-3,NA,NA,NA,NA,a10c84c635d64ba9de6ef08845c7bc23,yes,NA,"Erwan Le Pennec [aut, cre],
  Kamil Slowikowski [aut]","
    c(person(given = ""Erwan"",
             family = ""Le Pennec"",
             role = c(""aut"", ""cre""),
             email = ""lepennec@gmail.com""),
      person(given = ""Kamil"",
             family = ""Slowikowski"",
             role = ""aut"",
             email = ""kslowikowski@gmail.com""))",NA,https://github.com/lepennec/ggwordcloud/issues,NA,NA,NA,NA,NA,NA,NA,NA,NA,NA,NA,NA,NA,NA,NA,NA,NA,2024-05-30 15:30:05 UTC,"Provides a word cloud text geom for 'ggplot2'. Texts
    are placed so that they do not overlap as in 'ggrepel'.  The algorithm
    used is a variation around the one of 'wordcloud2.js'.",UTF-8,NA,NA,true,NA,NA,NA,Erwan Le Pennec <lepennec@gmail.com>,NA,2024-05-30 09:10:28 UTC; lepen,NA,NA,NA,NA,A Word Cloud Geom for 'ggplot2',Package,"https://github.com/lepennec/ggwordcloud,
https://lepennec.github.io/ggwordcloud/",NA,knitr,NA,NA,NA,2024-05-30,NA,"akc, GSEAmining, moodleR, rainette, scicomptools, SOMbrero, TextMiningGUI, topics, vissE, vivainsights, WhatsR, wpa",NA,"iemisctext, plotthis, text",NA,NA,10.32614/CRAN.package.ggwordcloud,TRUE,TRUE,TRUE,FALSE,2
ggx,0.1.1,NA,NA,"sets, ggplot2",NA,"knitr, rmarkdown, markdown",NA,GPL-3,NA,NA,NA,NA,60fb9ad14c9594ee8898f2ba620dc34f,no,NA,"Andreas M. Brandmaier [aut, cre]","person(""Andreas M."", ""Brandmaier"", email = ""andy@brandmaier.de"",
  role = c(""aut"", ""cre""))",NA,NA,NA,NA,NA,NA,NA,NA,NA,NA,NA,NA,NA,NA,NA,NA,NA,NA,NA,2021-01-22 08:30:02 UTC,"The 'ggplot2' package is the state-of-the-art toolbox for creating and formatting graphs. However, it is easy to forget how certain formatting commands are named and sometimes users find themselves asking: How do you rotate the x-axis labels again? Or how do you hide the legend...? This package allows users to issue natural language commands related to theme-related styling of plots (colors, font size and such), which then are translated into valid 'ggplot2' commands.",UTF-8,NA,NA,true,NA,NA,NA,Andreas M. Brandmaier <andy@brandmaier.de>,NA,2021-01-19 17:02:42 UTC; brandmaier,NA,NA,NA,NA,A Natural Language Interface to 'ggplot2',Package,NA,NA,knitr,NA,NA,NA,2021-01-22,NA,NA,NA,NA,NA,NA,10.32614/CRAN.package.ggx,TRUE,TRUE,TRUE,FALSE,2
gMCPLite,0.1.5,NA,R (>= 3.6.0),"ggplot2, graphics, grDevices, grid, MASS, methods, mvtnorm,
stats, utils",NA,"covr, dplyr, gridExtra, gsDesign, gt, kableExtra, knitr,
multcomp, ragg, rmarkdown, scales, testthat (>= 3.0.0), tibble",NA,GPL-3,NA,NA,NA,NA,682b8bb3a9cef0e18978dc358444b707,yes,NA,"Yalin Zhu [aut] (<https://orcid.org/0000-0003-3830-8660>),
  Yilong Zhang [aut],
  Xuan Deng [aut],
  Keaven Anderson [aut],
  Nan Xiao [aut, cre] (<https://orcid.org/0000-0002-0250-5673>),
  Kornelius Rohmeyer [ctb] (gMCP author),
  Florian Klinglmueller [ctb] (gMCP author),
  gMCP project contributors [cph] (gMCP package),
  Merck & Co., Inc., Rahway, NJ, USA and its affiliates [cph]","c(
    person(""Yalin"", ""Zhu"", email = ""yalin.zhu@outlook.com"", role = ""aut"",
           comment = c(ORCID = ""0000-0003-3830-8660"")),
    person(""Yilong"", ""Zhang"", email = ""elong0527@gmail.com"", role = ""aut""),
    person(""Xuan"", ""Deng"", email = ""xuan.deng@merck.com"", role = ""aut""),
    person(""Keaven"", ""Anderson"", email = ""keaven_anderson@merck.com"", role = ""aut""),
    person(""Nan"", ""Xiao"", email = ""nan.xiao1@merck.com"", role = c(""aut"", ""cre""),
           comment = c(ORCID = ""0000-0002-0250-5673"")),
    person(""Kornelius"", ""Rohmeyer"", email = ""rohmeyer@small-projects.de"", role = ""ctb"",
           comment = ""gMCP author""),
    person(""Florian"", ""Klinglmueller"", email = ""float@lefant.net"", role = ""ctb"",
           comment = ""gMCP author""),
    person(""gMCP project contributors"", role = ""cph"", comment = ""gMCP package""),
    person(""Merck & Co., Inc., Rahway, NJ, USA and its affiliates"", role = ""cph"")
    )",NA,https://github.com/Merck/gMCPLite/issues,NA,NA,NA,NA,NA,NA,NA,NA,NA,NA,NA,NA,NA,NA,NA,NA,NA,2024-01-11 19:30:02 UTC,"A lightweight fork of 'gMCP' with functions for graphical
    described multiple test procedures introduced in
    Bretz et al. (2009) <doi:10.1002/sim.3495> and
    Bretz et al. (2011) <doi:10.1002/bimj.201000239>.
    Implements a flexible function using 'ggplot2' to create
    multiplicity graph visualizations.
    Contains instructions of multiplicity graph and graphical testing for
    group sequential design, described in
    Maurer and Bretz (2013) <doi:10.1080/19466315.2013.807748>,
    with necessary unit testing using 'testthat'.",UTF-8,NA,NA,NA,NA,NA,NA,Nan Xiao <nan.xiao1@merck.com>,NA,2024-01-11 18:44:54 UTC; xiaonan4,NA,NA,NA,NA,Lightweight Graph Based Multiple Comparison Procedures,NA,"https://merck.github.io/gMCPLite/,
https://github.com/Merck/gMCPLite",NA,knitr,NA,NA,NA,2024-01-11,NA,NA,NA,NA,NA,NA,10.32614/CRAN.package.gMCPLite,TRUE,FALSE,TRUE,FALSE,1
grafify,5.0.0.1,NA,"R (>= 4.0), ggplot2 (>= 3.4.0)","car, dplyr, emmeans, Hmisc, lme4, lmerTest, magrittr, mgcv,
patchwork, purrr, stats, tidyr",NA,"knitr, Matrix (>= 1.6-5), rlang, rmarkdown, pbkrtest,
testthat (>= 3.0.0)",NA,GPL (>= 2),NA,NA,NA,NA,12aecc180d801d0affe018a122851a1e,no,NA,"Avinash R Shenoy [cre, aut] (<https://orcid.org/0000-0001-6228-9303>)","c(person(""Avinash R"", ""Shenoy"", email = ""a.shenoy@imperial.ac.uk"", role = c(""cre"", ""aut""), comment = c(ORCID = ""0000-0001-6228-9303"")))",NA,NA,NA,NA,NA,NA,NA,NA,NA,NA,NA,NA,NA,NA,NA,NA,NA,NA,2025-03-10,2025-03-10 22:50:02 UTC,"Easily explore data by plotting graphs with a few lines of code. Use these ggplot() wrappers to quickly draw graphs of scatter/dots with box-whiskers, violins or SD error bars, data distributions, before-after graphs, factorial ANOVA and more. Customise graphs in many ways, for example, by choosing from colour blind-friendly palettes (12 discreet, 3 continuous and 2 divergent palettes). Use the simple code for ANOVA as ordinary (lm()) or mixed-effects linear models (lmer()), including randomised-block or repeated-measures designs, and fit non-linear outcomes as a generalised additive model (gam) using mgcv(). Obtain estimated marginal means and perform post-hoc comparisons on fitted models (via emmeans()). Also includes small datasets for practising code and teaching basics before users move on to more complex designs. See vignettes for details on usage <https://grafify.shenoylab.com/>. Citation: <doi:10.5281/zenodo.5136508>.",UTF-8,NA,en-GB,true,NA,NA,NA,Avinash R Shenoy <a.shenoy@imperial.ac.uk>,NA,2025-03-10 20:35:59 UTC; avish,NA,NA,NA,NA,Easy Graphs for Data Visualisation and Linear Models for ANOVA,Package,https://github.com/ashenoy-cmbi/grafify,NA,NA,NA,NA,NA,2025-03-10,NA,NA,NA,NA,NA,NA,10.32614/CRAN.package.grafify,TRUE,FALSE,TRUE,FALSE,1
granovaGG,1.4.1,NA,"R (>= 2.14.0),","dplyr, ggplot2 (>= 0.9.2), magrittr, RColorBrewer, tibble,
tidyr",NA,NA,NA,MIT + file LICENSE,NA,NA,NA,NA,4fe547e4679f1de1f5e32b17b2357949,no,NA,"Brian A. Danielak [aut, cre, cph]
    (<https://orcid.org/0000-0003-4279-6708>),
  Robert M. Pruzek [aut],
  William E. J. Doane [ctb] (<https://orcid.org/0000-0002-5047-8286>),
  James E. Helmreich [ctb],
  Jason Bryer [ctb]","c(
    person(
      ""Brian A."",
      ""Danielak"",
      email = ""briandanielak+granovagg@gmail.com"",
      role = c(""aut"", ""cre"", ""cph""),
      comment = c(ORCID = ""0000-0003-4279-6708""),
    ),
    person(
      ""Robert M."",
      ""Pruzek"",
      email = ""Robert@RMPruzek.com"",
      role = ""aut"",
    ),
    person(
      given = ""William E. J."",
      family = ""Doane"",
      email = ""wil@DrDoane.com"",
      role = ""ctb"",
      comment = c(ORCID = ""0000-0002-5047-8286"")
    ),
    person(
      given = ""James E."",
      family = ""Helmreich"",
      email = ""James.Helmreich@Marist.edu"",
      role = ""ctb""
    ),
    person(
      ""Jason"",
      ""Bryer"",
      email = ""jason@bryer.org"",
      role = ""ctb""
    )
  )",NA,https://github.com/briandk/granovaGG/issues,NA,NA,NA,NA,NA,NA,NA,NA,NA,NA,NA,"'granovaGG-package.R' 'granovagg.1w-helpers.R'
'theme-defaults.R' 'shared-functions.R' 'granovagg.1w.R'
'granovagg.contr.R' 'granovagg.ds.R'",NA,NA,NA,NA,2023-11-22,2023-11-23 08:00:02 UTC,"Create what we call Elemental Graphics for display of
    anova results. The term elemental derives from the fact
    that each function is aimed at construction of
    graphical displays that afford direct visualizations of
    data with respect to the fundamental questions that
    drive the particular anova methods. This package
    represents a modification of the original granova
    package; the key change is to use 'ggplot2', Hadley
    Wickham's package based on Grammar of Graphics concepts
    (due to Wilkinson). The main function is granovagg.1w()
    (a graphic for one way ANOVA); two other functions
    (granovagg.ds() and granovagg.contr()) are to construct
    graphics for dependent sample analyses and
    contrast-based analyses respectively. (The function
    granova.2w(), which entails dynamic displays of data, is
    not currently part of 'granovaGG'.) The 'granovaGG'
    functions are to display data for any number of groups,
    regardless of their sizes (however, very large data
    sets or numbers of groups can be problematic). For
    granovagg.1w() a specialized approach is used to
    construct data-based contrast vectors for which anova
    data are displayed. The result is that the graphics use
    a straight line to facilitate clear interpretations
    while being faithful to the standard effect test in
    anova. The graphic results are complementary to
    standard summary tables; indeed, numerical summary
    statistics are provided as side effects of the graphic
    constructions. granovagg.ds() and granovagg.contr() provide
    graphic displays and numerical outputs for a dependent
    sample and contrast-based analyses. The graphics based
    on these functions can be especially helpful for
    learning how the respective methods work to answer the
    basic question(s) that drive the analyses. This means
    they can be particularly helpful for students and
    non-statistician analysts. But these methods can be of
    assistance for work-a-day applications of many kinds,
    as they can help to identify outliers, clusters or
    patterns, as well as highlight the role of non-linear
    transformations of data. In the case of granovagg.1w()
    and granovagg.ds() several arguments are provided to
    facilitate flexibility in the construction of graphics
    that accommodate diverse features of data, according to
    their corresponding display requirements. See the help
    files for individual functions.",UTF-8,NA,NA,true,NA,NA,NA,Brian A. Danielak <briandanielak+granovagg@gmail.com>,NA,2023-11-22 22:46:24 UTC; briandk,NA,NA,NA,NA,Graphical Analysis of Variance Using ggplot2,NA,https://github.com/briandk/granovaGG,NA,NA,NA,NA,NA,2023-11-23,NA,NA,NA,NA,NA,NA,10.32614/CRAN.package.granovaGG,TRUE,TRUE,TRUE,FALSE,2
gratia,0.10.0,NA,R (>= 4.1.0),"mgcv (>= 1.9-0), ggplot2 (>= 3.5.0), tibble (>= 3.0.0), dplyr
(>= 1.1.0), tidyr, rlang, patchwork (>= 1.2.0), vctrs, grid,
mvnfast, purrr, stats, tools, grDevices, stringr, tidyselect
(>= 1.2.0), lifecycle, pillar, cli, nlme, ggokabeito, withr,
scales",NA,"gamm4, lme4, testthat, vdiffr, MASS, scam, datasets, knitr,
rmarkdown, forcats, GJRM, readr, glmmTMB, ggdist,
distributional, hexbin, gamair, sf (>= 0.7-3), svglite (>=
2.0.0), curl, marginaleffects",NA,MIT + file LICENSE,NA,NA,NA,NA,95f974d71e3a892410b7a1004d519cd8,no,NA,"Gavin L. Simpson [aut, cre, cph]
    (<https://orcid.org/0000-0002-9084-8413>),
  Henrik Singmann [ctb] (<https://orcid.org/0000-0002-4842-3657>)","c(person(given = ""Gavin L."", family = ""Simpson"",
                    email = ""ucfagls@gmail.com"",
                    role = c(""aut"",""cre"",""cph""),
		            comment = c(ORCID = ""0000-0002-9084-8413"")),
             person(given = ""Henrik"", family = ""Singmann"",
                    role = ""ctb"",
                    comment = c(ORCID = ""0000-0002-4842-3657"")))",NA,https://github.com/gavinsimpson/gratia/issues,NA,NA,NA,NA,NA,NA,NA,NA,NA,NA,NA,NA,NA,NA,NA,NA,NA,2024-12-19 19:10:02 UTC,"Graceful 'ggplot'-based graphics and utility functions for working with generalized additive models (GAMs) fitted using the 'mgcv' package. Provides a reimplementation of the plot() method for GAMs that 'mgcv' provides, as well as 'tidyverse' compatible representations of estimated smooths.",UTF-8,NA,NA,true,NA,NA,NA,Gavin L. Simpson <ucfagls@gmail.com>,NA,2024-12-19 18:32:53 UTC; au690221,NA,NA,NA,NA,"Graceful 'ggplot'-Based Graphics and Other Functions for GAMs
Fitted Using 'mgcv'",NA,https://gavinsimpson.github.io/gratia/,NA,knitr,NA,NA,NA,2024-12-19,NA,cgaim,NA,NA,mvgam,NA,10.32614/CRAN.package.gratia,TRUE,FALSE,TRUE,FALSE,1
greport,0.7-4,NA,"Hmisc (>= 4.0-0),","rms (>= 5.0-0), lattice, latticeExtra, ggplot2, Formula,
survival, methods, data.table",NA,NA,NA,GPL (>= 2),NA,NA,NA,NA,a4211db6bff787454fb1a0c903df42b6,no,NA,Frank E Harrell Jr <fh@fharrell.com>,NA,NA,NA,NA,NA,NA,NA,NA,NA,NA,NA,NA,NA,NA,NA,NA,NA,NA,NA,2023-09-02,2023-09-02 22:20:02 UTC,"Contains many functions useful for
    monitoring and reporting the results of clinical trials and other
    experiments in which treatments are compared.  LaTeX is
    used to typeset the resulting reports, recommended to be in the
    context of 'knitr'. The 'Hmisc', 'ggplot2', and 'lattice' packages are used
    by 'greport' for high-level graphics.",NA,NA,NA,NA,NA,NA,NA,Frank E Harrell Jr <fh@fharrell.com>,NA,2023-09-02 18:22:59 UTC; harrelfe,NA,NA,NA,NA,Graphical Reporting for Clinical Trials,NA,"http://hbiostat.org/R/greport/,
https://github.com/harrelfe/greport/",NA,NA,NA,NA,NA,2023-09-02,NA,NA,NA,NA,NA,NA,10.32614/CRAN.package.greport,TRUE,FALSE,TRUE,FALSE,1
gwaRs,0.3.0,NA,R (>= 2.10),"RColorBrewer (>= 1.1.2), ggplot2, ggrepel, dplyr, tidyr,
data.table, scales, stats, grDevices",NA,"knitr, rmarkdown",NA,MIT + file LICENCE,NA,NA,NA,NA,2f782e39f8f59e6e912332aec9b37547,no,NA,"Lindokuhle Nkambule [aut, cre]
    (<https://orcid.org/0000-0002-5682-2834>)","
    person(given = ""Lindokuhle"",
          family = ""Nkambule"",
          role = c(""aut"", ""cre""),
          email = ""lindonkambule116@gmail.com"",
          comment = c(ORCID = ""0000-0002-5682-2834""))",NA,https://github.com/LindoNkambule/gwaRs/issues,NA,NA,NA,NA,NA,NA,NA,NA,NA,NA,NA,NA,NA,NA,NA,NA,NA,2021-04-19 17:30:06 UTC,"Generate Manhattan, Q-Q, and PCA plots from GWAS and PCA results using 'ggplot2'.",UTF-8,NA,NA,true,NA,NA,NA,Lindokuhle Nkambule <lindonkambule116@gmail.com>,NA,2021-04-19 17:05:40 UTC; lindokuhle,NA,NA,NA,NA,"Manhattan, Q-Q, and PCA Plots using 'ggplot2'",Package,https://github.com/LindoNkambule/gwaRs,NA,knitr,NA,NA,NA,2021-04-19,NA,NA,NA,NA,NA,NA,10.32614/CRAN.package.gwaRs,TRUE,FALSE,TRUE,FALSE,1
harrietr,0.2.3,NA,R (>= 3.3.0),"ape (>= 4.1), ggtree (>= 1.8.1), magrittr (>= 1.5), lazyeval
(>= 0.2.0), dplyr (>= 0.7.2), tidyr (>= 0.7.0), rlang (>=
0.1.2)",NA,ggplot2 (>= 2.2.1),NA,GPL-3 | file LICENSE,NA,NA,NA,NA,f461dacc77149636c5eae934dc82cb48,no,NA,"Anders Gonçalves da Silva [aut, cre]","person(""Anders"", ""Gonçalves da Silva"", email = ""andersgs@gmail.com"", role = c(""aut"", ""cre""))",NA,https://github.com/andersgs/harrietr/issues,NA,NA,NA,NA,NA,NA,NA,NA,NA,NA,NA,NA,NA,NA,NA,NA,NA,2017-12-01 04:30:18 UTC,"Harriet was Charles Darwin's pet tortoise (possibly). 'harrietr'
    implements some function to manipulate distance matrices and phylogenetic trees
    to make it easier to plot with 'ggplot2' and to manipulate using 'tidyverse'
    tools.",UTF-8,NA,NA,true,NA,NA,NA,Anders Gonçalves da Silva <andersgs@gmail.com>,NA,2017-12-01 04:23:23 UTC; andersgs,NA,NA,NA,NA,Wrangle Phylogenetic Distance Matrices and Other Utilities,Package,https://github.com/andersgs/harrietr,NA,NA,NA,NA,NA,2017-12-01,NA,NA,NA,NA,NA,NA,10.32614/CRAN.package.harrietr,TRUE,FALSE,TRUE,FALSE,1
heatmaply,1.5.0,NA,"R (>= 3.0.0), plotly (>= 4.7.1), viridis","ggplot2 (>= 2.2.0), dendextend (>= 1.12.0), magrittr (>=
1.0.1), reshape2, scales, seriation, utils, stats, grDevices,
methods, colorspace, RColorBrewer, htmlwidgets, webshot,
assertthat, egg",NA,"knitr, covr, gplots, tidyselect, rmarkdown, testthat",NA,GPL-2 | GPL-3,NA,NA,NA,NA,c681c66008c0a446bc5c1c5083229996,no,NA,"Tal Galili [aut, cre, cph] (https://www.r-statistics.com),
  Alan O'Callaghan [aut] (https://github.com/Alanocallaghan),
  Jonathan Sidi [ctb] (https://github.com/yonicd),
  Jaehyun Joo [ctb] (https://github.com/jaehyunjoo),
  Yoav Benjamini [ths]","c(
    person(""Tal"", ""Galili"", role = c(""aut"", ""cre"", ""cph""), email = ""tal.galili@gmail.com"", comment = ""https://www.r-statistics.com""),
    person(""Alan"", ""O'Callaghan"", comment = ""https://github.com/Alanocallaghan"",role = ""aut""),
    person(""Jonathan"", ""Sidi"", email = ""yonis@metrumrg.com"", comment = ""https://github.com/yonicd"",role = ""ctb""),
    person(""Jaehyun"", ""Joo"", comment = ""https://github.com/jaehyunjoo"",role = ""ctb""),
    person(""Yoav"", ""Benjamini"", email = ""ybenja@tau.ac.il"",role = ""ths""))",NA,https://github.com/talgalili/heatmaply/issues,NA,NA,NA,NA,NA,NA,NA,NA,NA,NA,NA,NA,NA,NA,NA,NA,2023-10-06,2023-10-06 20:50:02 UTC,"Create interactive cluster 'heatmaps' that can be saved as a stand-
    alone HTML file, embedded in 'R Markdown' documents or in a 'Shiny' app, and
    available in the 'RStudio' viewer pane. Hover the mouse pointer over a cell to
    show details or drag a rectangle to zoom. A 'heatmap' is a popular graphical
    method for visualizing high-dimensional data, in which a table of numbers
    are encoded as a grid of colored cells. The rows and columns of the matrix
    are ordered to highlight patterns and are often accompanied by 'dendrograms'.
    'Heatmaps' are used in many fields for visualizing observations, correlations,
    missing values patterns, and more. Interactive 'heatmaps' allow the inspection
    of specific value by hovering the mouse over a cell, as well as zooming into
    a region of the 'heatmap' by dragging a rectangle around the relevant area.
    This work is based on the 'ggplot2' and 'plotly.js' engine. It produces
    similar 'heatmaps' to 'heatmap.2' with the advantage of speed
    ('plotly.js' is able to handle larger size matrix), the ability to zoom from
    the 'dendrogram' panes, and the placing of factor variables in the sides of the
    'heatmap'.",UTF-8,NA,NA,NA,NA,NA,NA,Tal Galili <tal.galili@gmail.com>,NA,2023-10-06 15:41:58 UTC; talgalili,NA,NA,NA,NA,Interactive Cluster Heat Maps Using 'plotly' and 'ggplot2',Package,"https://talgalili.github.io/heatmaply/,
https://cran.r-project.org/package=heatmaply,
https://github.com/talgalili/heatmaply/,
https://www.r-statistics.com/tag/heatmaply/",NA,knitr,NA,NA,NA,2023-10-06,shinyHeatmaply,"amerifluxr, BayesianNetwork, CALANGO, dar, debrowser, DegNorm, DiscoRhythm, GEOexplorer, ideal, latentcor, metaseqR2, microbiomeExplorer, MiMIR, neatmaps, OUTRIDER, pcaExplorer, PolySTest, qmtools, rnmamod, scTensor, shinyepico, SpliceWiz, wilson",NA,"CNVScope, dendextend, EpiCompare, protti, rcellminer, rrvgo",NA,NA,10.32614/CRAN.package.heatmaply,TRUE,FALSE,TRUE,FALSE,1
hockeystick,0.8.5,NA,R (>= 4.0.0),"ggplot2, lubridate, tools, readr, dplyr, tidyr, patchwork,
scales, rvest, tibble, treemapify, RColorBrewer, jsonlite",NA,"rmarkdown, knitr, spelling, viridisLite",NA,MIT + file LICENSE,NA,NA,NA,NA,5219b9f33c012a76343582649e49424f,no,NA,"Hernando Cortina [aut, cre] (<https://orcid.org/0000-0001-6790-4870>)","
    person(given = ""Hernando"",
           family = ""Cortina"",
           role = c(""aut"", ""cre""),
           email = ""hch@alum.mit.edu"",
           comment = c(ORCID = ""0000-0001-6790-4870""))",NA,https://github.com/cortinah/hockeystick/issues,NA,NA,NA,NA,NA,NA,NA,NA,NA,NA,NA,NA,NA,NA,NA,NA,NA,2024-11-25 09:00:02 UTC,"Provides easy access to essential climate change datasets to non-climate experts. Users can download the latest raw data from authoritative sources and view it via pre-defined 'ggplot2' charts. Datasets include atmospheric CO2, methane, emissions, instrumental and proxy temperature records, sea levels, Arctic/Antarctic sea-ice, Hurricanes, and Paleoclimate data. Sources include: NOAA Mauna Loa Laboratory <https://gml.noaa.gov/ccgg/trends/data.html>, Global Carbon Project <https://www.globalcarbonproject.org/carbonbudget/>, NASA GISTEMP <https://data.giss.nasa.gov/gistemp/>, National Snow and Sea Ice Data Center <https://nsidc.org/home>, CSIRO <https://research.csiro.au/slrwavescoast/sea-level/measurements-and-data/sea-level-data/>, NOAA Laboratory for Satellite Altimetry <https://www.star.nesdis.noaa.gov/socd/lsa/SeaLevelRise/> and HURDAT Atlantic Hurricane Database <https://www.aoml.noaa.gov/hrd/hurdat/Data_Storm.html>, Vostok Paleo carbon dioxide and temperature data: <doi:10.3334/CDIAC/ATG.009>.",UTF-8,NA,en-US,NA,NA,NA,NA,Hernando Cortina <hch@alum.mit.edu>,NA,2024-11-25 01:25:43 UTC; hernandocortina,NA,NA,NA,NA,Download and Visualize Essential Climate Change Data,NA,"https://cortinah.github.io/hockeystick/,
https://github.com/cortinah/hockeystick",NA,NA,NA,NA,NA,2024-11-25,NA,NA,NA,NA,NA,NA,10.32614/CRAN.package.hockeystick,TRUE,FALSE,TRUE,FALSE,1
hrbrthemes,0.8.7,NA,R (>= 4.0.0),"ggplot2 (>= 3.4.0), grDevices, grid, scales, extrafont, tools,
magrittr, gdtools, utils",NA,"testthat, dplyr, gridExtra, hunspell, stringi, gcookbook,
clipr, vdiffr, svglite",NA,MIT + file LICENSE,NA,NA,NA,NA,2c239ee48ed2bf410b7e99f8c746c7ef,no,NA,"Bob Rudis [aut, cre] (<https://orcid.org/0000-0001-5670-2640>),
  Patrick Kennedy [ctb],
  Philipp Reiner [ctb],
  Dan Wilson [ctb] (Secondary axis support),
  Xavier Adam [ctb],
  Google [cph] (Roboto Condensed),
  IBM [cph] (Plex Sans Font),
  Goldman Sachs [cph] (Goldman Sans Font),
  Impallari Type [cph] (Public Sans Font),
  Jacob Barnett [ctb],
  Thomas J. Leeper [ctb] (<https://orcid.org/0000-0003-4097-6326>),
  Joris Meys [ctb]","c(
      person(""Bob"", ""Rudis"", email = ""bob@rud.is"", role = c(""aut"", ""cre""), 
             comment = c(ORCID = ""0000-0001-5670-2640"")),
      person(""Patrick"", ""Kennedy"", role=c(""ctb"")),
      person(""Philipp"", ""Reiner"", role = c(""ctb"")),
      person(""Dan"", ""Wilson"", email = ""dan@thedatacollective.com.au"", 
             role = c(""ctb""), comment = c(""Secondary axis support"")), 
      person(""Xavier"", ""Adam"", role = c(""ctb"")),
      person(""Google"", comment = ""Roboto Condensed"", role = c(""cph"")),
      person(""IBM"", comment = ""Plex Sans Font"", role = c(""cph"")),
      person(""Goldman Sachs"", comment = ""Goldman Sans Font"", role = c(""cph"")),
      person(""Impallari Type"", comment = ""Public Sans Font"", role = c(""cph"")),
      person(""Jacob"", ""Barnett"", email = ""jacob.r.barnett@gmail.com"", role = c(""ctb"")),
      person(""Thomas J."", ""Leeper"", role = c(""ctb""), email = ""thosjleeper@gmail.com"",
             comment = c(ORCID = ""0000-0003-4097-6326"")),
      person(""Joris"", ""Meys"", email = ""Joris.Meys@UGent.be"", role = c(""ctb""))
    )",NA,NA,NA,NA,NA,NA,NA,NA,NA,NA,NA,NA,NA,NA,NA,NA,NA,file inst/COPYRIGHTS,2024-03-03,2024-03-04 00:20:02 UTC,"A compilation of extra 'ggplot2' themes, scales and utilities, including a 
    spell check function for plot label fields and an overall emphasis on typography. 
    A copy of the 'Google' font 'Roboto Condensed' is also included.",UTF-8,NA,NA,NA,NA,NA,NA,Bob Rudis <bob@rud.is>,NA,2024-03-03 11:07:16 UTC; hrbrmstr,NA,NA,NA,NA,"Additional Themes, Theme Components and Utilities for 'ggplot2'",Package,NA,NA,NA,NA,NA,NA,2024-03-04,gamblers.ruin.gameplay,"conformalInference.multi, cytofQC, dlookr, EntropicStatistics, forensIT, ggScatRidges, GTFSwizard, multilevelcoda, ratlas, TransProR, umx",NA,"causalCmprsk, CGPfunctions, ecotraj, esquisse, ggseqplot, optedr, schtools, SpaceMarkers, tinythemes, tuberculosis",NA,NA,10.32614/CRAN.package.hrbrthemes,TRUE,FALSE,TRUE,FALSE,1
ibmdbR,1.51.0,NA,"R (>= 2.15.1), methods, RODBC, Matrix, arules","MASS, rpart, rpart.plot",NA,"ggplot2, knitr, SparkR",NA,GPL-3,NA,NA,NA,NA,e3b146f9e3dfd426a2c3f19408936fc3,no,NA,"Shaikh Quader [aut, cre],
  Toni Bollinger [aut],
  Ming-pang Wei [aut],
  Alexander Eckert [aut],
  Michael Wurst [aut],
  Craig Blaha [ctb] (documentation),
  IBM Corporation [cph]","c(
    person(""Shaikh"", ""Quader"", role = c(""aut"", ""cre""), email = ""db2-analytics@de.ibm.com""),
    person(""Toni"", ""Bollinger"", role = c(""aut"")),
    person(""Ming-pang"", ""Wei"", role = c(""aut"")),
    person(""Alexander"", ""Eckert"", role = c(""aut"")),
    person(""Michael"", ""Wurst"", role = c(""aut"")),
    person(""Craig"", ""Blaha"", role = c(""ctb""), comment = ""documentation""),
    person(""IBM Corporation"", role = c(""cph""), email = ""db2-analytics@de.ibm.com"")
    )",NA,NA,NA,NA,NA,NA,NA,NA,NA,NA,NA,NA,NA,NA,NA,NA,NA,NA,NA,2023-11-24 09:10:02 UTC,"
        Functionality required to efficiently use R with IBM(R) Db2(R)
        Warehouse offerings (formerly IBM dashDB(R)) and IBM Db2 for z/OS(R) in
        conjunction with IBM Db2 Analytics Accelerator for z/OS.
        Many basic and complex R operations are pushed down into the database, 
        which removes the main memory boundary of R and allows to make full 
        use of parallel processing in the underlying database.
        For executing R-functions in a multi-node environment in parallel the idaTApply() function
        requires the 'SparkR' package (<https://spark.apache.org/docs/latest/sparkr.html>).
        The optional 'ggplot2' package is needed for the plot.idaLm() function only.",NA,NA,NA,NA,NA,Yes,NA,Shaikh Quader <db2-analytics@de.ibm.com>,NA,2023-11-23 22:17:18 UTC; mingpang,NA,NA,NA,NA,IBM in-Database Analytics for R,NA,NA,NA,knitr,NA,NA,NA,2023-11-24,NA,NA,NA,NA,NA,NA,10.32614/CRAN.package.ibmdbR,TRUE,FALSE,TRUE,FALSE,1
iheiddown,0.9.7,NA,R (>= 3.5.0),"bookdown, dplyr, ggplot2 (>= 3.4.0), rmarkdown, xaringan,
crayon, pdftools, rlang, servr, readr, rstudioapi, tibble,
tidytext, bib2df, stringr, fs, usethis, gender, pagedown",NA,"testthat, kableExtra, knitr, DT, leaflet, remotes,
modelsummary, gt",NA,MIT + file LICENSE,NA,NA,NA,NA,3431c8cc72f9fbedaffbcbd4aff35271,no,NA,"James Hollway [aut, cre, cph] (<https://orcid.org/0000-0002-8361-9647>),
  Bernhard Bieri [ctb] (<https://orcid.org/0000-0001-5943-9059>),
  Henrique Sposito [ctb] (<https://orcid.org/0000-0003-3420-6085>)","
    c(person(given = ""James"",
           family = ""Hollway"",
           role = c(""aut"", ""cre"", ""cph""),
           email = ""james.hollway@graduateinstitute.ch"",
           comment = c(ORCID = ""0000-0002-8361-9647"")),
      person(given = ""Bernhard"",
           family = ""Bieri"",
           role = ""ctb"",
           email = ""bernhard.bieri@graduateinstitute.ch"",
           comment = c(ORCID = ""0000-0001-5943-9059"")),
      person(given = ""Henrique"",
           family = ""Sposito"",
           role = ""ctb"",
           comment = c(ORCID = ""0000-0003-3420-6085""))
    )",NA,https://github.com/jhollway/iheiddown/issues,NA,NA,NA,NA,NA,NA,NA,NA,NA,NA,NA,NA,NA,NA,NA,NA,2022-11-09,2022-11-09 17:20:02 UTC,"A set of tools for writing documents
    according to Geneva Graduate Institute conventions and regulations.
    The most common use is for writing and compiling theses or thesis
    chapters, as drafts or for examination with correct preamble formatting. 
    However, the package also offers users to create HTML presentation
    slides with 'xaringan', complete problem sets, format posters, and, 
    for course instructors, prepare a syllabus.
    The package includes additional functions for institutional color palettes,
    an institutional 'ggplot' theme, a function for counting manuscript words,
    and a bibliographical analysis toolkit.",UTF-8,NA,NA,NA,NA,NA,NA,James Hollway <james.hollway@graduateinstitute.ch>,NA,2022-11-09 14:09:07 UTC; henriquesposito,NA,NA,NA,NA,For Writing Geneva Graduate Institute Documents,NA,https://github.com/jhollway/iheiddown,NA,knitr,NA,NA,NA,2022-11-09,NA,NA,NA,NA,NA,NA,10.32614/CRAN.package.iheiddown,TRUE,FALSE,TRUE,FALSE,1
ipeaplot,0.4.1,NA,R (>= 3.3.2),"checkmate, ggplot2, grDevices, paletteer, scales, rlang,
ggthemes",NA,"abjData, data.table, dplyr, forcats, geobr, knitr, patchwork,
purrr, reshape, rmarkdown, sf, sysfonts, testthat, tidyr",NA,MIT + file LICENSE,NA,NA,NA,NA,8c0edaa42fb7a4c22b76cfc454f8ff5f,no,NA,"Pedro Ferreira [aut, cre],
  Pedro Jorge [aut],
  Daniel Lima [aut],
  Gustavo Coelho [aut],
  Rafael H. M. Pereira [aut],
  Lucas Mation [aut],
  Fabio Vaz [ctb],
  Ipea - Institue for Applied Economic Research [cph, fnd]","c(
    person(""Pedro"", ""Ferreira"", role=c(""aut"",""cre""), email=""pedro.ferreira2@ipea.gov.br""),
    person(""Pedro"",""Jorge"", role=c(""aut""), email=""pedro.alves@ipea.gov.br""),
    person(""Daniel"",""Lima"", role=""aut"", email=""daniel.viegas@ipea.gov.br""),
    person(""Gustavo"",""Coelho"", role=""aut"", email=""gustavo.coelho@ipea.gov.br""),
    person(""Rafael H. M."", ""Pereira"", role = ""aut"", email=""rafa.pereira.br@gmail.com""),
    person(""Lucas"",""Mation"", role=""aut"", email=""lucas.mation@ipea.gov.br""),
    person(""Fabio"",""Vaz"", role=""ctb"", email=""fabio.vaz@ipea.gov.br""),
    person(""Ipea - Institue for Applied Economic Research"", role = c(""cph"", ""fnd"")))",NA,https://github.com/ipeadata-lab/ipeaplot/issues,NA,NA,NA,NA,NA,NA,NA,NA,NA,NA,NA,NA,NA,NA,NA,NA,NA,2025-02-26 15:10:02 UTC,"Convenient functions to create 'ggplot2' graphics following the 
             editorial guidelines of the  Institute for Applied Economic 
             Research (Ipea).",UTF-8,NA,NA,NA,NA,NA,NA,Pedro Ferreira <pedro.ferreira2@ipea.gov.br>,NA,2025-02-26 14:58:30 UTC; caval,NA,NA,NA,NA,Add Ipea Editorial Standards to 'ggplot2' Graphics,Package,https://github.com/ipeadata-lab/ipeaplot,NA,knitr,NA,NA,NA,2025-02-26,NA,NA,NA,NA,NA,NA,10.32614/CRAN.package.ipeaplot,TRUE,FALSE,TRUE,FALSE,1
jcolors,0.0.5,NA,R (>= 3.2.0),"grDevices, scales, ggplot2 (>= 3.0.0)",NA,"knitr, rmarkdown, gridExtra",NA,GPL-2,NA,NA,NA,NA,429d723324de613372a62522e13b2a3a,no,NA,"Jared Huling [aut, cre] (<https://orcid.org/0000-0003-0670-4845>)","c(person(""Jared"", ""Huling"", role = c(""aut"", ""cre""),
    email = ""jaredhuling@gmail.com"", comment = c(ORCID = ""0000-0003-0670-4845"")))",NA,https://github.com/jaredhuling/jcolors/issues,NA,NA,NA,NA,NA,NA,NA,NA,NA,NA,NA,NA,NA,NA,NA,NA,NA,2024-03-29 16:00:06 UTC,Contains a selection of color palettes and 'ggplot2' themes designed by the package author.,UTF-8,NA,NA,NA,NA,NA,NA,Jared Huling <jaredhuling@gmail.com>,NA,2024-03-28 16:53:28 UTC; huling,NA,NA,NA,NA,"Colors Palettes for R and 'ggplot2', Additional Themes for
'ggplot2'",Package,https://jaredhuling.org/jcolors/,NA,knitr,NA,NA,NA,2024-03-29,NA,NA,NA,NA,NA,NA,10.32614/CRAN.package.jcolors,TRUE,FALSE,TRUE,FALSE,1
jpmesh,2.1.0,NA,R (>= 3.1),"leaflet (>= 1.1.0), memoise (>= 1.1.0), miniUI (>= 0.1.1),
purrr (>= 0.2.4), rlang (>= 0.1.4), sf (>= 0.5-5), shiny (>=
1.0.5), tibble (>= 3.0.0), units (>= 0.5-1), magrittr (>= 1.5),
vctrs (>= 0.3.4)",NA,"knitr (>= 1.20), lintr (>= 2.0.1), lwgeom (>= 0.1-4),
testthat (>= 2.1.0), rmarkdown (>= 1.10), vdiffr (>= 0.3.1)",NA,MIT + file LICENSE,NA,NA,NA,NA,5d984e391e4978981409e59f661965be,no,NA,"Shinya Uryu [aut, cre] (<https://orcid.org/0000-0002-0493-6186>)","c(
    person(given = ""Shinya"", family = ""Uryu"", email = ""suika1127@gmail.com"", role  = c(""aut"", ""cre""), comment = c(ORCID = ""0000-0002-0493-6186""))
    )",NA,https://github.com/uribo/jpmesh/issues/,NA,NA,NA,NA,NA,NA,NA,NA,NA,NA,NA,NA,NA,NA,NA,NA,NA,2022-01-10 03:32:41 UTC,"Helpful functions for using mesh code (80km to 100m) data in Japan. Visualize mesh code using 'ggplot2' and 'leaflet', etc.",UTF-8,NA,NA,true,NA,NA,NA,Shinya Uryu <suika1127@gmail.com>,NA,2022-01-10 01:41:14 UTC; uri,NA,NA,NA,NA,Utilities for Japanese Mesh Code,Package,https://uribo.github.io/jpmesh/,NA,knitr,NA,NA,NA,2022-01-10,NA,fgdr,NA,NA,NipponMap,NA,10.32614/CRAN.package.jpmesh,TRUE,FALSE,TRUE,FALSE,1
khroma,1.16.0,NA,R (>= 3.5.0),"graphics, grDevices, grid, stats, utils",NA,"ggplot2, ggraph, knitr, markdown, rsvg, scales, spacesXYZ,
svglite, tinysnapshot, tinytest",NA,GPL (>= 3),NA,NA,NA,NA,ebbe8bbc9f246111cd2c8b0a2c8470cc,no,NA,"Nicolas Frerebeau [aut, cre] (<https://orcid.org/0000-0001-5759-4944>),
  Brice Lebrun [art] (<https://orcid.org/0000-0001-7503-8685>, Logo
    designer),
  Vincent Arel-Bundock [ctb] (<https://orcid.org/0000-0003-2042-7063>),
  Ulrik Stervbo [ctb] (<https://orcid.org/0000-0002-2831-8868>),
  Université Bordeaux Montaigne [fnd] (03pbgwk21),
  CNRS [fnd] (02feahw73)","c(
    person(""Nicolas"", ""Frerebeau"", , ""nicolas.frerebeau@u-bordeaux-montaigne.fr"", role = c(""aut"", ""cre""),
           comment = c(ORCID = ""0000-0001-5759-4944"")),
    person(""Brice"", ""Lebrun"", role = ""art"",
           comment = c(ORCID = ""0000-0001-7503-8685"", ""Logo designer"")),
    person(""Vincent"", ""Arel-Bundock"", , ""vincent.arel-bundock@umontreal.ca"", role = ""ctb"",
           comment = c(ORCID = ""0000-0003-2042-7063"")),
    person(""Ulrik"", ""Stervbo"", , ""ulrik.stervbo@gmail.com"", role = ""ctb"",
           comment = c(ORCID = ""0000-0002-2831-8868"")),
    person(""Université Bordeaux Montaigne"", role = ""fnd"",
           comment = c(ROR = ""03pbgwk21"")),
    person(""CNRS"", role = ""fnd"",
           comment = c(ROR = ""02feahw73""))
  )",NA,https://codeberg.org/tesselle/khroma/issues,NA,NA,NA,NA,NA,NA,NA,NA,NA,NA,NA,"'change.R' 'color.R' 'compare.R' 'info.R' 'khroma-defunct.R'
'khroma-deprecated.R' 'khroma-internal.R' 'khroma-package.R'
'palettes.R' 'plot.R' 'plot_map.R' 'plot_scheme.R'
'plot_scheme_colorblind.R' 'plot_tiles.R' 'print.R'
'scale_colour_crameri.R' 'scale_colour_okabeito.R'
'scale_colour_picker.R' 'scale_colour_science.R'
'scale_colour_tol.R'",NA,NA,NA,NA,NA,2025-02-25 17:40:05 UTC,"Color schemes ready for each type of data (qualitative,
    diverging or sequential), with colors that are distinct for all
    people, including color-blind readers. This package provides an
    implementation of Paul Tol (2018) and Fabio Crameri (2018)
    <doi:10.5194/gmd-11-2541-2018> color schemes for use with 'graphics'
    or 'ggplot2'. It provides tools to simulate color-blindness and to
    test how well the colors of any palette are identifiable. Several
    scientific thematic schemes (geologic timescale, land cover, FAO
    soils, etc.) are also implemented.",UTF-8,NA,NA,NA,NA,NA,NA,Nicolas Frerebeau <nicolas.frerebeau@u-bordeaux-montaigne.fr>,NA,2025-02-25 17:08:27 UTC; nicolas,NA,NA,NA,NA,Colour Schemes for Scientific Data Visualization,NA,"https://codeberg.org/tesselle/khroma,
https://packages.tesselle.org/khroma/",NA,knitr,NA,NA,NA,2025-02-25,NA,"dimensio, nexus, RLumCarlo, RLumModel, tabula, tesselle",NA,NA,NA,NA,10.32614/CRAN.package.khroma,TRUE,FALSE,TRUE,FALSE,1
kim,0.6.1,NA,NA,"data.table, remotes",NA,"boot, ggplot2, moments, testthat (>= 3.0.0)",NA,GPL-3,NA,NA,NA,NA,43fd26cef396e00775da73963b6c58be,no,NA,"Jin Kim [aut, cre] (<https://orcid.org/0000-0002-5013-3958>)","
    person(given = ""Jin"",
           family = ""Kim"",
           role = c(""aut"", ""cre""),
           email = ""jinkim@aya.yale.edu"",
           comment = c(ORCID = ""https://orcid.org/0000-0002-5013-3958""))",NA,https://github.com/jinkim3/kim/issues,NA,NA,NA,NA,NA,NA,NA,NA,NA,NA,NA,NA,NA,NA,NA,NA,NA,2025-02-26 12:40:02 UTC,"A collection of functions for analyzing data typically collected 
    or used by behavioral scientists. Examples of the functions include
    a function that compares groups in a factorial experimental design,
    a function that conducts two-way analysis of variance (ANOVA),
    and a function that cleans a data set generated by Qualtrics surveys.
    Some of the functions will require installing additional package(s).
    Such packages and other references are cited within the section
    describing the relevant functions. Many functions in this package
    rely heavily on these two popular R packages:
    Dowle et al. (2021) <https://CRAN.R-project.org/package=data.table>.
    Wickham et al. (2021) <https://CRAN.R-project.org/package=ggplot2>.",UTF-8,NA,NA,NA,NA,NA,NA,Jin Kim <jinkim@aya.yale.edu>,NA,2025-02-26 08:04:13 UTC; a,NA,NA,NA,NA,A Toolkit for Behavioral Scientists,NA,"https://github.com/jinkim3/kim, https://jinkim.science",NA,NA,NA,NA,NA,2025-02-26,NA,NA,NA,NA,NA,NA,10.32614/CRAN.package.kim,TRUE,FALSE,TRUE,FALSE,1
KMunicate,0.2.5,NA,"R (>= 2.10), survival","checkmate, cowplot, ggplot2, pammtools, tidyr",NA,"broom, covr, devtools, knitr, rmarkdown, simsurv, testthat,
usethis",NA,MIT + file LICENSE,NA,NA,NA,NA,95693ee712403f43ca58a5a9d9a48711,no,NA,"Alessandro Gasparini [aut, cre, cph]
    (<https://orcid.org/0000-0002-8319-7624>),
  Ary Serpa Neto [ctb],
  Peter Dutey [ctb] (<https://orcid.org/0000-0002-8942-9836>)","
    c(person(given = ""Alessandro"",
             family = ""Gasparini"",
             role = c(""aut"", ""cre"", ""cph""),
             email = ""alessandro@ellessenne.xyz"",
             comment = c(ORCID = ""0000-0002-8319-7624"")),
      person(given = ""Ary"",
             family = ""Serpa Neto"",
             role = ""ctb""),
      person(given = ""Peter"",
             family = ""Dutey"",
             role = ""ctb"",
             comment = c(ORCID = ""0000-0002-8942-9836"")))",NA,https://github.com/ellessenne/KMunicate-package/issues,NA,NA,NA,NA,NA,true,NA,NA,NA,NA,NA,NA,NA,NA,NA,NA,NA,2024-05-16 11:50:08 UTC,"Produce Kaplan–Meier plots in the style recommended
    following the KMunicate study by Morris et al. (2019)
    <doi:10.1136/bmjopen-2019-030215>. The KMunicate style consists of
    Kaplan-Meier curves with confidence intervals to quantify uncertainty
    and an extended risk table (per treatment arm) depicting the number of
    study subjects at risk, events, and censored observations over time.
    The resulting plots are built using 'ggplot2' and can be further
    customised to a certain extent, including themes, fonts, and colour
    scales.",UTF-8,NA,en-GB,true,NA,NA,NA,Alessandro Gasparini <alessandro@ellessenne.xyz>,NA,2024-05-16 11:10:28 UTC; ellessenne,NA,NA,NA,NA,KMunicate-Style Kaplan–Meier Plots,NA,"https://ellessenne.github.io/KMunicate-package/,
https://github.com/ellessenne/KMunicate-package",NA,knitr,NA,NA,NA,2024-05-16,NA,NA,NA,NA,NA,NA,10.32614/CRAN.package.KMunicate,TRUE,FALSE,TRUE,FALSE,1
lcars,0.4.0,NA,R (>= 3.5.0),"grid, ggplot2, shiny, trekcolors",NA,"testthat, knitr, rmarkdown, png, ggrepel, showtext, leaflet,
leaflet.extras",NA,MIT + file LICENSE,NA,NA,NA,NA,8afce0ed67e41d738772ea4e8d510557,no,NA,"Matthew Leonawicz [aut, cre] (<https://orcid.org/0000-0001-9452-2771>)","person(""Matthew"", ""Leonawicz"", email = ""rpkgs@pm.me"", role = c(""aut"", ""cre""), comment = c(ORCID = ""0000-0001-9452-2771""))",NA,https://github.com/leonawicz/lcars/issues,NA,NA,NA,NA,NA,NA,NA,NA,NA,NA,NA,NA,NA,NA,NA,NA,NA,2024-09-11 22:52:42 UTC,"Provides Shiny widgets and theme that support a 'Library Computer Access/Retrieval System' (LCARS) aesthetic for Shiny apps. 
    The package also includes functions for adding a minimal LCARS theme to static 'ggplot2' graphs. 
    More details about LCARS can be found at <https://en.wikipedia.org/wiki/LCARS>.",UTF-8,NA,en-US,true,NA,NA,NA,Matthew Leonawicz <rpkgs@pm.me>,NA,2024-09-11 22:25:37 UTC; Matt,NA,NA,NA,NA,LCARS Aesthetic for Shiny,NA,https://github.com/leonawicz/lcars,NA,knitr,NA,NA,NA,2024-09-11,NA,NA,NA,NA,NA,NA,10.32614/CRAN.package.lcars,TRUE,FALSE,TRUE,FALSE,1
leafpop,0.1.0,NA,NA,"base64enc, brew, htmltools, htmlwidgets, sf, svglite, uuid",NA,"lattice, leaflet (>= 2.0.0), sp",NA,MIT + file LICENSE,NA,NA,NA,NA,dc9403c044fa80e5f07685fd8c43904b,no,NA,"Tim Appelhans [cre, aut],
  Florian Detsch [aut]","
    c(person(given = ""Tim"",
             family = ""Appelhans"",
             role = c(""cre"", ""aut""),
             email = ""tim.appelhans@gmail.com""),
      person(given = ""Florian"",
             family = ""Detsch"",
             role = ""aut"",
             email = ""fdetsch@web.de""))",NA,https://github.com/r-spatial/leafpop/issues,NA,NA,NA,NA,NA,NA,NA,NA,NA,NA,NA,NA,NA,NA,NA,NA,2021-05-22,2021-05-22 10:10:03 UTC,"Creates 'HTML' strings to embed tables, images or graphs in pop-ups
  of interactive maps created with packages like 'leaflet' or 'mapview'. Handles
  local images located on the file system or via remote URL. Handles graphs created 
  with 'lattice' or 'ggplot2' as well as interactive plots created with 'htmlwidgets'.",UTF-8,NA,NA,NA,NA,NA,NA,Tim Appelhans <tim.appelhans@gmail.com>,NA,2021-05-22 09:14:01 UTC; timpanse,NA,NA,NA,NA,"Include Tables, Images and Graphs in Leaflet Pop-Ups",Package,https://github.com/r-spatial/leafpop,NA,NA,NA,NA,NA,2021-05-22,NA,"mapview, SchoolDataIT",NA,"geslaR, hereR, hubeau, scapesClassification, ursa",NA,NA,10.32614/CRAN.package.leafpop,TRUE,FALSE,TRUE,FALSE,1
legendry,0.2.1,NA,"ggplot2 (>= 3.5.0), R (>= 4.1.0)","cli, grid (>= 4.1.0), gtable, lifecycle, rlang (>= 1.1.0),
scales (>= 1.1.1), vctrs (>= 0.6.0)",NA,"knitr, ragg, rmarkdown, svglite, systemfonts, testthat (>=
3.0.0), vdiffr, withr",NA,MIT + file LICENSE,NA,NA,NA,NA,439918a0c64a589eca74b82fa3ad1e68,no,NA,"Teun van den Brand [aut, cre, cph]
    (<https://orcid.org/0000-0002-9335-7468>)","
    person(""Teun"", ""van den Brand"", , ""tahvdbrand@gmail.com"", role = c(""aut"", ""cre"", ""cph""),
           comment = c(ORCID = ""0000-0002-9335-7468""))",NA,https://github.com/teunbrand/legendry/issues,NA,NA,NA,NA,NA,NA,NA,NA,NA,NA,NA,NA,NA,NA,NA,NA,NA,2025-03-04 22:50:02 UTC,"A 'ggplot2' extension that focusses on expanding the
    plotter's arsenal of guides. Guides in 'ggplot2' include axes and
    legends. 'legendry' offers new axes and annotation options, as well as
    new legends and colour displays.",UTF-8,NA,NA,NA,NA,NA,NA,Teun van den Brand <tahvdbrand@gmail.com>,NA,2025-03-04 21:13:26 UTC; Teun,NA,NA,NA,NA,Extended Legends and Axes for 'ggplot2',NA,"https://teunbrand.github.io/legendry/,
https://github.com/teunbrand/legendry",NA,NA,NA,NA,NA,2025-03-04,NA,"esci, ggfixest",NA,NA,NA,NA,10.32614/CRAN.package.legendry,TRUE,FALSE,TRUE,TRUE,2
lemon,0.5.0,NA,R (>= 3.1.0),"ggplot2 (>= 3.4.2), plyr, grid, gridExtra, gtable, knitr (>=
1.12), lattice, scales",NA,"rmarkdown, stringr, dplyr, testthat, vdiffr, diffviewer",NA,GPL-3,NA,NA,NA,NA,d1e2d146559257a766ff648e83e2e135,no,NA,"Stefan McKinnon Edwards [aut, ctb, cre]
    (<https://orcid.org/0000-0002-4628-8148>),
  Baptiste Auguie [ctb] (For g_legend and grid_arrange_shared_legend),
  Shaun Jackman [ctb] (For grid_arrange_shared_legend),
  Hadley Wickham [ctb] (ggplot2 functions),
  Winston Chang [ctb] (ggplot2 functions)","c(
    person('Stefan McKinnon', 'Edwards', email='sme@iysik.com',
    comment=c(ORCID='0000-0002-4628-8148'),
    role=c('aut','ctb','cre')),
    person('Baptiste','Auguie', role='ctb',
    comment='For g_legend and grid_arrange_shared_legend'),
    person('Shaun','Jackman', role='ctb',
    comment='For grid_arrange_shared_legend'),
    person(""Hadley"", ""Wickham"", , ""hadley@rstudio.com"", ""ctb"",
    comment='ggplot2 functions'),
    person(""Winston"", ""Chang"", , ""winston@rstudio.com"", ""ctb"",
    comment='ggplot2 functions')
    )",NA,https://github.com/stefanedwards/lemon/issues,NA,NA,NA,NA,NA,NA,NA,NA,NA,NA,NA,"'ggplot2.r' 'lemon-plot.r' 'axis-annotation.r' 'brackets.R'
'coord-flex.r' 'coord-capped.r' 'dot.r' 'facet-rep-lab.r'
'facet-wrap.r' 'geom-pointline.r' 'lemon_print.r'
'geom-siderange.r' 'grob_utils.r' 'gtable_show-.r'
'guides-axis.r' 'legends.r' 'lemon.r' 'scale-symmetric.r'",NA,NA,NA,NA,NA,2024-11-10 18:20:02 UTC,"Functions for working with legends and axis lines of 'ggplot2',
    facets that repeat axis lines on all panels, and some 'knitr' extensions.",UTF-8,NA,NA,NA,NA,NA,NA,Stefan McKinnon Edwards <sme@iysik.com>,NA,2024-11-10 17:16:27 UTC; rstudio,NA,NA,NA,NA,Freshing Up your 'ggplot2' Plots,Package,https://github.com/stefanedwards/lemon,NA,knitr,NA,NA,NA,2024-11-10,NA,"deident, exploratory, MIC, MultiGroupO",NA,"icpack, robustlmm, vivid, wcde",NA,NA,10.32614/CRAN.package.lemon,TRUE,FALSE,TRUE,TRUE,2
lindia,0.10,NA,R (>= 3.2.2),"MASS, ggplot2, gridExtra",NA,NA,NA,MIT + file LICENSE,NA,NA,NA,NA,b7aec215000880701e6f2ea69d818fc2,no,NA,"Yeuk Yu Lee [aut, cre],
  Samuel Ventura [aut]","c(person(""Yeuk Yu"", ""Lee"", 
    email = ""lyeukyu@gmail.com"", 
    role = c(""aut"", ""cre"")),
    person(""Samuel"", ""Ventura"", 
    email = ""sventura@stat.cmu.edu"", 
    role = c(""aut"")))",NA,https://github.com/yeukyul/lindia/issues,NA,NA,NA,NA,NA,NA,NA,NA,NA,NA,NA,NA,NA,NA,NA,NA,NA,2023-08-10 22:40:02 UTC,"Provides a set of streamlined functions that allow
    easy generation of linear regression diagnostic plots necessarily 
    for checking linear model assumptions.
    This package is meant for easy scheming of linear 
    regression diagnostics, while preserving merits of 
    ""The Grammar of Graphics"" as implemented in 'ggplot2'.
    See the 'ggplot2' website for more information regarding the
    specific capability of graphics.",UTF-8,NA,NA,NA,NA,NA,NA,Yeuk Yu Lee <lyeukyu@gmail.com>,NA,2023-08-10 22:22:59 UTC; tlee,NA,NA,NA,NA,Automated Linear Regression Diagnostic,Package,https://github.com/yeukyul/lindia,NA,NA,NA,NA,NA,2023-08-10,NA,NA,NA,NA,NA,NA,10.32614/CRAN.package.lindia,TRUE,FALSE,TRUE,FALSE,1
locuszoomr,0.3.8,NA,R (>= 3.5),"AnnotationFilter, BiocGenerics, cowplot, dplyr, ensembldb,
GenomeInfoDb, GenomicRanges, gggrid, ggplot2, ggrepel,
graphics, grDevices, grid, IRanges, LDlinkR, memoise, plotly,
rlang, rtracklayer, zoo",NA,"AnnotationHub, EnsDb.Hsapiens.v75, knitr, rmarkdown",NA,GPL (>= 3),NA,NA,NA,NA,26185b53ee12e0b52f756b32d04b27d6,no,NA,"Myles Lewis [aut, cre] (<https://orcid.org/0000-0001-9365-5345>)","
    c(person(given = ""Myles"",family = ""Lewis"",
    role = c(""aut"", ""cre""),
    email = ""myles.lewis@qmul.ac.uk"",
    comment = c(ORCID = ""0000-0001-9365-5345"")))",NA,https://github.com/myles-lewis/locuszoomr/issues,NA,NA,NA,NA,NA,NA,NA,NA,NA,NA,NA,NA,NA,NA,NA,NA,NA,2025-03-03 14:30:02 UTC,"Publication-ready regional gene locus plots similar to those produced by the web interface 'LocusZoom' <https://my.locuszoom.org>, but running locally in R. Genetic or genomic data with gene annotation tracks are plotted via R base graphics, 'ggplot2' or 'plotly', allowing flexibility and easy customisation including laying out multiple locus plots on the same page. It uses the 'LDlink' API <https://ldlink.nih.gov/?tab=apiaccess> to query linkage disequilibrium data from the 1000 Genomes Project and can overlay this on plots <doi:10.1093/bioadv/vbaf006>.",UTF-8,NA,en-gb,NA,NA,NA,NA,Myles Lewis <myles.lewis@qmul.ac.uk>,NA,2025-03-03 14:04:10 UTC; myles,NA,NA,NA,NA,Gene Locus Plot with Gene Annotations,NA,https://github.com/myles-lewis/locuszoomr,NA,knitr,NA,NA,NA,2025-03-03,NA,NA,NA,NA,NA,NA,10.32614/CRAN.package.locuszoomr,TRUE,FALSE,TRUE,FALSE,1
loon.ggplot,1.3.4,NA,"R (>= 3.4.0), tcltk, methods, loon (>= 1.3.2), ggplot2,
ggmulti","stats, utils, grDevices, grid, gridExtra, scales, patchwork,
rlang, cli",NA,"GGally, magrittr, tidyr, zenplots, dplyr, gtable, png, tools,
tibble, testthat, knitr, rmarkdown, covr, maps, hexbin,
nycflights13, ggplot2movies",NA,GPL-2,NA,NA,NA,NA,5ba3d374f6b4cd57a5bc401598b72a6e,no,NA,"Zehao Xu [aut, cre],
  R. Wayne Oldford [aut]","c(
  person('Zehao', 'Xu', email = 'z267xu@gmail.com', role = c(""aut"", ""cre"")),
  person('R. Wayne', 'Oldford', email = 'rwoldford@uwaterloo.ca', role = c(""aut""))
  )",NA,https://github.com/great-northern-diver/loon.ggplot/issues,NA,NA,NA,NA,NA,NA,NA,NA,NA,NA,NA,NA,NA,NA,NA,NA,NA,2024-04-01 08:30:02 UTC,Provides a bridge between the 'loon' and  'ggplot2' packages.  Extends the grammar of ggplot to add clauses to create interactive 'loon' plots. Existing ggplot(s) can be turned into interactive 'loon' plots and 'loon' plots into static ggplot(s); the function 'loon.ggplot()' is the bridge from one plot structure to the other.,UTF-8,NA,en-US,NA,NA,NA,NA,Zehao Xu <z267xu@gmail.com>,NA,2024-03-28 16:01:35 UTC; zehaoxu,NA,NA,NA,NA,A Grammar of Interactive Graphics,Package,NA,NA,knitr,NA,NA,NA,2024-04-01,NA,"diveR, loon.shiny, loon.tourr",NA,NA,NA,NA,10.32614/CRAN.package.loon.ggplot,TRUE,TRUE,TRUE,FALSE,2
lvmisc,0.1.2,NA,NA,"cowplot, dplyr (>= 1.0.0), ggplot2, glue, grDevices, methods,
purrr, rlang (>= 0.4.6), rsample, stats, tibble, tidyselect,
vctrs (>= 0.3.0)",NA,"covr, devtools, forcats, fs, git2r, knitr, lme4, lmerTest,
rmarkdown, testthat, usethis, vdiffr, withr",NA,MIT + file LICENSE,NA,NA,NA,NA,ee2a18c63abd67c95ecaf3050d76e560,no,NA,"Lucas Veras [aut, cre] (<https://orcid.org/0000-0003-0562-5803>)","
    person(given = ""Lucas"",
           family = ""Veras"",
           role = c(""aut"", ""cre""),
           email = ""lucasdsveras@gmail.com"",
           comment = c(ORCID = ""0000-0003-0562-5803""))",NA,https://github.com/verasls/lvmisc/issues,NA,NA,NA,NA,NA,NA,NA,NA,NA,NA,NA,NA,NA,NA,NA,NA,NA,2024-01-25 22:50:06 UTC,"Contains a collection of useful
    functions for basic data computation and manipulation,
    wrapper functions for generating 'ggplot2' graphics,
    including statistical model diagnostic plots, methods
    for computing statistical models quality measures (such
    as AIC, BIC, r squared, root mean squared error) and
    general utilities.",UTF-8,NA,NA,NA,NA,NA,NA,Lucas Veras <lucasdsveras@gmail.com>,NA,2024-01-25 22:15:35 UTC; lucasveras,NA,NA,NA,NA,Veras Miscellaneous,NA,https://lveras.com/lvmisc/,NA,knitr,NA,NA,NA,2024-01-25,NA,impactr,NA,NA,NA,NA,10.32614/CRAN.package.lvmisc,TRUE,FALSE,TRUE,FALSE,1
mapcan,0.0.1,NA,R (>= 2.10),"dplyr, ggplot2, magrittr",NA,knitr,NA,MIT + file LICENSE,NA,NA,NA,NA,55948a6b57f3af4dee4d33fc38553c58,no,NA,"Andrew McCormack [aut, cre],
  Aaron Erlich [aut]","c(
    person(""Andrew"", ""McCormack"", email = ""mccormack.andy@gmail.com"", role = c(""aut"", ""cre"")),
    person(""Aaron"", ""Erlich"", email = ""aaron.erlich@mcgill.ca"", role = c(""aut"")))",NA,NA,NA,NA,NA,NA,NA,NA,NA,NA,NA,NA,NA,NA,NA,NA,NA,NA,NA,2019-05-09 14:30:03 UTC,A variety of functions that make it easy to plot standard choropleth maps as well as choropleth alternatives in 'ggplot2'.,UTF-8,NA,NA,true,NA,NA,NA,Andrew McCormack <mccormack.andy@gmail.com>,NA,2019-05-08 14:49:26 UTC; andrewmccormack,NA,NA,NA,NA,"Tools for Plotting Canadian Choropleth Maps and Choropleth
Alternatives",Package,NA,NA,knitr,NA,NA,NA,2019-05-09,NA,NA,NA,NA,NA,NA,10.32614/CRAN.package.mapcan,TRUE,FALSE,TRUE,FALSE,1
MCMC.OTU,1.0.10,NA,"MCMCglmm,ggplot2,coda",NA,NA,NA,NA,GPL-3,NA,NA,NA,NA,a00af8a4245a2c40a665a6230ad83028,no,NA,Mikhail V. Matz,NA,NA,NA,NA,NA,NA,NA,NA,NA,NA,NA,NA,NA,NA,NA,NA,NA,NA,NA,2016-02-10,2016-02-12 00:53:04,"Poisson-lognormal generalized linear mixed model analysis of multivariate counts data using MCMC, aiming to infer the changes in relative proportions of individual variables. The package was originally designed for sequence-based analysis of microbial communities (""metabarcoding"", variables = operational taxonomic units, OTUs), but can be used for other types of multivariate counts, such as in ecological applications (variables = species). The results are summarized and plotted using 'ggplot2' functions. Includes functions to remove sample and variable outliers and reformat counts into normalized log-transformed values for correlation and principal component/coordinate analysis. Walkthrough and examples: http://www.bio.utexas.edu/research/matz_lab/matzlab/Methods_files/walkthroughExample_mcmcOTU_R.txt. ",NA,NA,NA,NA,NA,NA,NA,Mikhail V. Matz <matz@utexas.edu>,NA,2016-02-11 19:23:29 UTC; c-monstr,NA,NA,NA,NA,"Bayesian Analysis of Multivariate Counts Data in DNA
Metabarcoding and Ecology",Package,NA,NA,NA,NA,NA,NA,2016-02-12,NA,NA,NA,NA,NA,NA,10.32614/CRAN.package.MCMC.OTU,TRUE,FALSE,TRUE,FALSE,1
mcradds,1.1.1,NA,R (>= 3.6),"boot, checkmate, DescTools, dplyr, formatters, ggplot2,
lifecycle, magrittr, methods, mcr, pROC, purrr, rlang, stats,
tibble, tidyr, VCA",NA,"knitr, rmarkdown, spelling, testthat (>= 3.0.0), usethis,
vdiffr",NA,GPL (>= 3),NA,NA,NA,NA,7edfbd8ca4e1720fc5fb5435e1a754bc,no,NA,"Kai Gu [aut, cre, cph]","c(
    person(""Kai"", ""Gu"", , ""gukai1212@163.com"", role = c(""aut"", ""cre"", ""cph""))
    )",NA,https://github.com/kaigu1990/mcradds/issues,NA,NA,NA,NA,NA,NA,NA,NA,NA,NA,NA,"'pkg_class.R' 'pkg_methods.R' 'autoplot.R' 'blandAltman.R'
'correlation.R' 'data.R' 'desc.R' 'mcr.R' 'outlier.R'
'package.R' 'pairedroc.R' 'qual_stat.R' 'referenceInterval.R'
'samplesize.R' 'utils.R' 'vca.R'",NA,NA,NA,NA,NA,2024-08-30 04:30:01 UTC,"Provides methods and functions to analyze the quantitative or 
    qualitative performance for diagnostic assays, and outliers detection, 
    reader precision and reference range are discussed. Most of the methods 
    and algorithms refer to CLSI (Clinical & Laboratory Standards Institute) 
    recommendations and NMPA (National Medical Products Administration) 
    guidelines. In additional, relevant plots are constructed by 'ggplot2'.",UTF-8,NA,en-US,true,NA,NA,NA,Kai Gu <gukai1212@163.com>,NA,2024-08-30 02:51:35 UTC; TH0528,NA,NA,NA,NA,Processing and Analyzing of Diagnostics Trials,Package,"https://github.com/kaigu1990/mcradds,
https://kaigu1990.github.io/mcradds/",NA,knitr,NA,NA,NA,2024-08-30,NA,NA,NA,NA,NA,NA,10.32614/CRAN.package.mcradds,TRUE,FALSE,TRUE,FALSE,1
MetaNet,0.1.2,NA,"R (>= 4.1.0), igraph (>= 1.3.5)","graphics, dplyr, ggplot2 (>= 3.2.0), ggnewscale, ggrepel,
RColorBrewer, grDevices, magrittr, reshape2, stats, tibble,
utils, pcutils (>= 0.2.5), rlang",NA,"pheatmap, vegan, stringr, foreach, doSNOW, snow, knitr,
rmarkdown, prettydoc, Hmisc, gifski, ggraph, networkD3,
ggpmisc, ggtree, treeio, circlize, ggpubr",NA,GPL-3,NA,NA,NA,NA,bdb3f67df24842c3d375628911399995,no,NA,"Chen Peng [aut, cre] (<https://orcid.org/0000-0002-9449-7606>)","
    person(""Chen"", ""Peng"", email =""pengchen2001@zju.edu.cn"", role = c(""aut"", ""cre""), comment = c(ORCID = ""0000-0002-9449-7606""))",NA,https://github.com/Asa12138/MetaNet/issues,NA,NA,NA,NA,NA,true,NA,NA,NA,NA,NA,NA,NA,NA,NA,NA,NA,2024-03-25 20:40:07 UTC,"Comprehensive network analysis package.
    Calculate correlation network fastly, accelerate lots of analysis by parallel computing.
    Support for multi-omics data, search sub-nets fluently.
    Handle bigger data, more than 10,000 nodes in each omics.
    Offer various layout method for multi-omics network and some interfaces to other software ('Gephi', 'Cytoscape', 'ggplot2'), easy to visualize.
    Provide comprehensive topology indexes calculation, including ecological network stability.",UTF-8,NA,NA,true,NA,NA,NA,Chen Peng <pengchen2001@zju.edu.cn>,NA,2024-03-21 16:16:27 UTC; asa,NA,NA,NA,NA,Network Analysis for Omics Data,Package,https://github.com/Asa12138/MetaNet,NA,knitr,NA,NA,NA,2024-03-25,NA,NA,NA,"pctax, ReporterScore",NA,NA,10.32614/CRAN.package.MetaNet,TRUE,FALSE,TRUE,FALSE,1
metaplot,0.8.4,NA,R (>= 2.10),"encode (>= 0.3.6), lattice, magrittr, dplyr (>= 0.7.1), tidyr,
rlang, grid, gridExtra, gtable, ggplot2, scales",NA,"csv, nlme",NA,GPL-3,NA,NA,NA,NA,6450a7ef5ea239ba13ec1a5be1f094a2,no,NA,Tim Bergsma,NA,NA,NA,NA,NA,NA,NA,NA,NA,NA,NA,NA,NA,NA,NA,NA,NA,NA,NA,NA,2024-02-18 05:30:10 UTC,"Designs plots in terms of core structure.  See 'example(metaplot)'.
 Primary arguments are (unquoted) column names; order and type (numeric or not)
 dictate the resulting plot.  Specify any y variables, x variable, any groups variable,
 and any conditioning variables to metaplot() to generate density plots, boxplots, 
 mosaic plots, scatterplots, scatterplot matrices, or conditioned plots. Use multiplot() 
 to arrange plots in grids. Wherever present, scalar column attributes 'label' and 'guide' 
 are honored, producing fully annotated plots with minimal effort. Attribute 'guide' 
 is typically units, but may be encoded() to provide interpretations of categorical 
 values (see '?encode').  Utility unpack() transforms scalar column attributes to row 
 values and pack() does the reverse, supporting tool-neutral storage of metadata along 
 with primary data. The package supports customizable aesthetics such as such as reference 
 lines, unity lines, smooths, log transformation, and linear fits. The user may choose
 between trellis and ggplot output. Compact syntax and integrated metadata promote workflow 
 scalability.",UTF-8,NA,NA,NA,NA,NA,NA,Tim Bergsma <bergsmat@gmail.com>,NA,2024-02-18 01:10:12 UTC; tim.bergsma,NA,NA,NA,NA,Data-Driven Plot Design,Package,NA,NA,NA,NA,NA,NA,2024-02-18,NA,nonmemica,NA,NA,NA,NA,10.32614/CRAN.package.metaplot,TRUE,FALSE,TRUE,FALSE,1
metaviz,0.3.1,NA,R (>= 3.2.0),"ggplot2 (>= 3.1.0), nullabor (>= 0.3.5), dplyr (>= 0.7.8),
RColorBrewer (>= 1.1-2), metafor (>= 1.9-9), gridExtra (>=
2.2.1), ggpubr (>= 0.1.6)",NA,"Cairo (>= 1.5-9), knitr, rmarkdown",NA,GPL-2,NA,NA,NA,NA,04d5c125b07b5d1b5961d5f251e63d58,no,NA,"Michael Kossmeier [cre, aut],
  Ulrich S. Tran [aut],
  Martin Voracek [aut]","c(
    person(""Michael"", ""Kossmeier"", email = ""michael.kossmeier@univie.ac.at"", role = c(""cre"", ""aut"")),
    person(""Ulrich S."", ""Tran"", email = ""ulrich.tran@univie.ac.at"", role = c(""aut"")),
    person(""Martin"", ""Voracek"", email = ""martin.voracek@univie.ac.at"", role = c(""aut""))
    )",NA,https://github.com/Mkossmeier/metaviz/issues,NA,NA,NA,NA,NA,NA,NA,NA,NA,NA,NA,NA,NA,NA,NA,NA,NA,2020-04-09 09:10:08 UTC,"A compilation of functions to create visually appealing and information-rich 
    plots of meta-analytic data using 'ggplot2'. Currently allows to create forest plots, 
    funnel plots, and many of their variants, such as rainforest plots, thick forest plots, 
    additional evidence contour funnel plots, and sunset funnel plots. In addition, functionalities 
    for visual inference with the funnel plot in the context of meta-analysis are provided.",UTF-8,NA,NA,true,NA,NA,NA,Michael Kossmeier <michael.kossmeier@univie.ac.at>,NA,2020-04-07 17:43:53 UTC; micha,NA,NA,NA,NA,"Forest Plots, Funnel Plots, and Visual Funnel Plot Inference for
Meta-Analysis",Package,https://github.com/Mkossmeier/metaviz,NA,knitr,NA,NA,NA,2020-04-09,NA,NA,NA,NA,NA,NA,10.32614/CRAN.package.metaviz,TRUE,FALSE,TRUE,FALSE,1
metR,0.18.0,NA,R (>= 2.10),"checkmate, data.table, digest, Formula, formula.tools, ggplot2
(>= 3.5.0), grid, gtable, memoise, plyr, scales, sf, stringr,
purrr, isoband, lubridate",NA,"maps, covr, irlba, knitr, ncdf4, pkgdown, reshape2, markdown,
testthat (>= 2.1.0), viridis, PCICt, gridExtra, vdiffr, proj4,
kriging, terra, here, gsignal, rnaturalearth",NA,GPL-3,NA,NA,NA,NA,ccf029d40f8a36c1f272ec9d566a0797,no,NA,"Elio Campitelli [cre, aut] (<https://orcid.org/0000-0002-7742-9230>)","
    c(person(given = ""Elio"",
           family = ""Campitelli"",
           role = c(""cre"", ""aut""),
           email = ""eliocampitelli@gmail.com"",
           comment = c(ORCID = ""0000-0002-7742-9230"")))",NA,https://github.com/eliocamp/metR/issues,NA,NA,NA,NA,NA,yes,NA,NA,NA,NA,NA,NA,NA,NA,NA,NA,NA,2025-02-24 08:20:06 UTC,"Many useful functions and extensions for dealing
    with meteorological data in the tidy data framework. Extends 'ggplot2'
    for better plotting of scalar and vector fields and provides commonly
    used analysis methods in the atmospheric sciences.",UTF-8,NA,en-GB,true,NA,NA,NA,Elio Campitelli <eliocampitelli@gmail.com>,NA,2025-02-24 06:16:41 UTC; user1,NA,NA,NA,NA,Tools for Easier Analysis of Meteorological Fields,Package,https://eliocamp.github.io/metR/,NA,knitr,NA,NA,NA,2025-02-24,NA,"aihuman, chillR, CIMTx, DImodelsVis, ForIT, gaussplotR, injurytools, klovan, loewesadditivity, Markovchart, mosaicCalc, OVtool, paths, SOMbrero, stgam, survSens, synergyfinder, TPMplt, voluModel, vprr",NA,"ICvectorfields, igrf, velociraptor",NA,NA,10.32614/CRAN.package.metR,TRUE,FALSE,TRUE,TRUE,2
MexBrewer,0.0.2,NA,R (>= 2.10),ggplot2,NA,NA,NA,MIT + file LICENSE,NA,NA,NA,NA,ccd3141aae06e16dfca82b1d6c20d776,no,NA,"Antonio Páez [aut, cre] (<https://orcid.org/0000-0001-6912-9919>)","
    person(""Antonio"", ""Páez"", , ""paezha@mcmaster.ca"", role = c(""aut"", ""cre""),
           comment = c(ORCID = ""0000-0001-6912-9919""))",NA,https://github.com/paezha/MexBrewer/issues,NA,NA,NA,NA,NA,NA,NA,NA,NA,NA,NA,NA,NA,NA,NA,NA,NA,2023-01-18 08:10:06 UTC,"Color palettes inspired by the works of 
  Mexican painters and muralists. The package includes functions that
  return vectors of colors and also functions to use color and fill
  scales in 'ggplot2' visualizations.",UTF-8,NA,NA,true,NA,NA,NA,Antonio Páez <paezha@mcmaster.ca>,NA,2023-01-17 18:42:59 UTC; paezha,NA,NA,NA,NA,"Color Palettes Inspired by Works of Mexican Painters and
Muralists",NA,"https://github.com/paezha/MexBrewer,
https://paezha.github.io/MexBrewer/",NA,NA,NA,NA,NA,2023-01-18,NA,NA,NA,NA,NA,NA,10.32614/CRAN.package.MexBrewer,TRUE,FALSE,TRUE,FALSE,1
mgcViz,0.1.11,NA,"R (>= 3.4), mgcv (>= 1.8-28), qgam (>= 1.2.3), ggplot2","gamm4, matrixStats, viridis, GGally, KernSmooth, gridExtra,
plyr, shiny, miniUI",NA,"rgl, knitr, rmarkdown, testthat, MASS, webshot2",NA,GPL-3,NA,NA,NA,NA,8b1f6454bc0d2d2a91f638ed6a25cfa6,no,NA,"Matteo Fasiolo [aut, cre],
  Raphael Nedellec [aut],
  Yannig Goude [ctb],
  Christian Capezza [ctb],
  Simon N. Wood [ctb]","c(person(""Matteo"", ""Fasiolo"", email = ""matteo.fasiolo@gmail.com"", role = c(""aut"", ""cre"")),
  person(""Raphael"", ""Nedellec"", email = ""raphael.nedellec@edf.fr"", role = c(""aut"")), 
  person(""Yannig"", ""Goude"", role = c(""ctb"")), 
  person(""Christian"", ""Capezza"", role = c(""ctb"")),
  person(""Simon"", ""N. Wood"", role = c(""ctb"")))",NA,https://github.com/mfasiolo/mgcViz/issues,NA,NA,NA,NA,NA,NA,NA,NA,NA,NA,NA,NA,NA,NA,NA,NA,2023-10-05,2023-10-06 10:50:02 UTC,"Extension of the 'mgcv' package, providing visual tools for Generalized Additive Models that exploit the additive structure of such models, scale to large data sets and can be used in conjunction with a wide range of response distributions. The focus is providing visual methods for better understanding the model output and for aiding model checking and development beyond simple exponential family regression. The graphical framework is based on the layering system provided by 'ggplot2'.",UTF-8,NA,NA,NA,NA,NA,NA,Matteo Fasiolo <matteo.fasiolo@gmail.com>,NA,2023-10-06 09:59:43 UTC; mf15002,NA,NA,NA,NA,Visualisations for Generalized Additive Models,NA,https://github.com/mfasiolo/mgcViz,NA,knitr,NA,NA,NA,2023-10-06,NA,NA,NA,DHARMa,NA,NA,10.32614/CRAN.package.mgcViz,TRUE,FALSE,TRUE,FALSE,1
microplot,1.0-45,NA,NA,"Hmisc (>= 4.1-1), HH, lattice, grid, flextable (>= 0.5-11),
officer, ggplot2, htmltools, cowplot",NA,"reshape2, latticeExtra, xtable, markdown, rmarkdown, knitr,
htmlTable",NA,GPL (>= 2),NA,NA,NA,NA,0d5916c27f2dfec500a47717379caa84,no,NA,"Richard M. Heiberger, with contributions from Karen Byron and Nooreen Dabbish.",NA,NA,NA,NA,NA,NA,NA,NA,NA,NA,NA,NA,NA,NA,NA,NA,NA,NA,NA,2022-01-26,2022-01-26 22:10:02 UTC,"The microplot function writes a set of R graphics files to be used as
  microplots (sparklines) in tables in either 'LaTeX', 'HTML', 'Word',
  or 'Excel' files.  For 'LaTeX', we provide methods for the
  Hmisc::latex() generic function to construct 'latex' tabular
  environments which include the graphs.  These can be used directly
  with the operating system 'pdflatex' or 'latex' command, or by using
  one of 'Sweave', 'knitr', 'rmarkdown', or 'Emacs org-mode' as an
  intermediary.  For 'MS Word', the msWord() function uses the
  'flextable' package to construct 'Word' tables which include the
  graphs.  There are several distinct approaches for constructing HTML
  files.  The simplest is to use the msWord() function with argument
  filetype=""html"".  Alternatively, use either 'Emacs org-mode' or the
  htmlTable::htmlTable() function to construct an 'HTML' file
  containing tables which include the graphs.  See the documentation
  for our as.htmlimg() function.  For 'Excel' use on 'Windows', the
  file examples/irisExcel.xls includes 'VBA' code which brings the
  individual panels into individual cells in the spreadsheet.
  Examples in the examples and demo subdirectories are shown with
  'lattice' graphics, 'ggplot2' graphics, and 'base' graphics.
  Examples for 'LaTeX' include 'Sweave' (both 'LaTeX'-style and
  'Noweb'-style), 'knitr', 'emacs org-mode', and 'rmarkdown' input
  files and their 'pdf' output files.  Examples for 'HTML' include
  'org-mode' and 'Rmd' input files and their webarchive 'HTML' output
  files.  In addition, the as.orgtable() function can display a
  data.frame in an 'org-mode' document.  The examples for 'MS Word'
  (with either filetype=""docx"" or filetype=""html"") work with all
  operating systems.  The package does not require the installation of
  'LaTeX' or 'MS Word' to be able to write '.tex' or '.docx' files.",NA,NA,NA,NA,NA,NA,NA,Richard M. Heiberger <rmh@temple.edu>,NA,2022-01-26 21:51:27 UTC; rmh,NA,NA,NA,NA,"Microplots (Sparklines) in 'LaTeX', 'Word', 'HTML', 'Excel'",Package,NA,NA,NA,NA,NA,NA,2022-01-26,NA,NA,NA,HH,NA,NA,10.32614/CRAN.package.microplot,TRUE,FALSE,TRUE,FALSE,1
MixOptim,0.1.2,NA,"ggplot2, patchwork, desirability",rlang,NA,"knitr, rmarkdown",NA,GPL-2,NA,NA,NA,NA,74c31632626cd094281926b494351b4a,no,NA,Cassandro Davi Emer,NA,NA,NA,NA,NA,NA,NA,NA,NA,NA,NA,NA,NA,NA,NA,NA,NA,NA,NA,NA,2020-07-01 09:40:11 UTC,"Simple tools to perform mixture optimization based on the 'desirability' package by Max Kuhn.
    It also provides a plot routine using 'ggplot2' and 'patchwork'.",UTF-8,NA,NA,true,NA,NA,NA,Cassandro Davi Emer <cde@actisys.org>,NA,2020-06-30 19:22:44 UTC; Xando,NA,NA,NA,NA,Mixture Optimization Algorithm,Package,NA,NA,knitr,NA,NA,NA,2020-07-01,NA,NA,NA,NA,NA,NA,10.32614/CRAN.package.MixOptim,TRUE,FALSE,TRUE,FALSE,1
MKdescr,0.8,NA,R(>= 3.5.0),"stats, graphics, ggplot2, scales",NA,"knitr, rmarkdown",NA,LGPL-3,NA,NA,NA,NA,2a3584a6fd07d10d2781de1e2ec8577e,no,NA,"Matthias Kohl [aut, cre] (<https://orcid.org/0000-0001-9514-8910>)","person(""Matthias"", ""Kohl"", role = c(""aut"", ""cre""),
                  email = ""Matthias.Kohl@stamats.de"", 
                  comment = c(ORCID = ""0000-0001-9514-8910""))",NA,NA,NA,NA,NA,NA,NA,NA,NA,NA,NA,NA,NA,NA,NA,NA,NA,NA,2022-11-08,2022-11-05 10:20:02 UTC,"Computation of standardized interquartile range (IQR), Huber-type skipped mean (Hampel (1985), <doi:10.2307/1268758>), robust coefficient of variation (CV) (Arachchige et al. (2019), <arXiv:1907.01110>), robust signal to noise ratio (SNR), z-score, standardized mean difference (SMD), as well as functions that support graphical visualization such as boxplots based on quartiles (not hinges), negative logarithms and generalized logarithms for 'ggplot2' (Wickham (2016), ISBN:978-3-319-24277-4).",NA,NA,NA,NA,NA,NA,NA,Matthias Kohl <Matthias.Kohl@stamats.de>,NA,2022-11-05 10:00:09 UTC; kohlm,NA,NA,NA,NA,Descriptive Statistics,NA,https://github.com/stamats/MKdescr,NA,knitr,NA,NA,NA,2022-11-05,NA,"MKinfer, MKpower",NA,NA,NA,NA,10.32614/CRAN.package.MKdescr,TRUE,FALSE,TRUE,FALSE,1
mlbplotR,1.1.0,NA,R (>= 3.5.0),"cli, data.table, ggplot2, gt, lifecycle, magick, magrittr,
rlang, scales",NA,"base64enc, dplyr, ggtext, gridtext, knitr, rsvg, rmarkdown,
rstudioapi, sjmisc",NA,MIT + file LICENSE,NA,NA,NA,NA,7b89d4e75164878d5b9a43609b7f2807,no,NA,"Sebastian Carl [aut],
  Camden Kay [aut, cre, cph]","
    c(
    person(given = ""Sebastian"",
           family = ""Carl"",
           role = c(""aut""),
           email = ""mrcaseb@gmail.com""),
    person(given = ""Camden"",
           family = ""Kay"",
           role = c(""aut"", ""cre"", ""cph""),
           email = ""camden.kay23@gmail.com"")
     )",NA,https://github.com/camdenk/mlbplotR/issues,NA,NA,NA,NA,NA,NA,NA,NA,NA,NA,NA,NA,NA,NA,NA,NA,NA,2023-06-20 04:20:02 UTC,"Tools to help visualize Major League Baseball analysis in 'ggplot2' 
  and 'gt'. You provide team/player information and 'mlbplotR' will transform 
  that information into team colors, logos, or player headshots for graphics.",UTF-8,NA,NA,NA,NA,NA,NA,Camden Kay <camden.kay23@gmail.com>,NA,2023-06-20 01:25:57 UTC; camdenkay,NA,NA,NA,NA,"Create 'ggplot2' and 'gt' Visuals with Major League Baseball
Logos",Package,"https://github.com/camdenk/mlbplotR,
https://camdenk.github.io/mlbplotR/",NA,NA,NA,NA,NA,2023-06-20,NA,NA,NA,NA,NA,NA,10.32614/CRAN.package.mlbplotR,TRUE,FALSE,TRUE,FALSE,1
mlr3viz,0.10.1,NA,R (>= 3.1.0),"checkmate, data.table, ggplot2 (>= 3.3.0), mlr3misc (>=
0.7.0), scales, utils, viridis",NA,"bbotk (>= 1.0.0), cluster, GGally, ggdendro, ggfortify (>=
0.4.11), ggparty, glmnet, knitr, lgr, mlr3 (>= 0.6.0),
mlr3cluster, mlr3filters, mlr3fselect (>= 1.3.0), mlr3inferr,
mlr3learners, mlr3tuning (>= 1.0.0), paradox, partykit,
patchwork (>= 1.1.1), precrec, ranger, rpart, stats, testthat
(>= 3.0.0), vdiffr (>= 1.0.2), xgboost, survminer, mlr3proba
(>= 0.6.3)",NA,LGPL-3,NA,NA,NA,NA,cf06415a1b65c410610062e5eb82d96e,no,https://mlr-org.r-universe.dev,"Michel Lang [aut] (<https://orcid.org/0000-0001-9754-0393>),
  Patrick Schratz [aut] (<https://orcid.org/0000-0003-0748-6624>),
  Raphael Sonabend [aut] (<https://orcid.org/0000-0001-9225-4654>),
  Marc Becker [cre, aut] (<https://orcid.org/0000-0002-8115-0400>),
  Jakob Richter [aut] (<https://orcid.org/0000-0003-4481-5554>),
  Damir Pulatov [ctb],
  John Zobolas [aut] (<https://orcid.org/0000-0002-3609-8674>)","c(
    person(""Michel"", ""Lang"", , ""michellang@gmail.com"", role = ""aut"",
           comment = c(ORCID = ""0000-0001-9754-0393"")),
    person(""Patrick"", ""Schratz"", , ""patrick.schratz@gmail.com"", role = ""aut"",
           comment = c(ORCID = ""0000-0003-0748-6624"")),
    person(""Raphael"", ""Sonabend"", , ""raphael.sonabend.15@ucl.ac.uk"", role = ""aut"",
           comment = c(ORCID = ""0000-0001-9225-4654"")),
    person(""Marc"", ""Becker"", , ""marcbecker@posteo.de"", role = c(""cre"", ""aut""),
           comment = c(ORCID = ""0000-0002-8115-0400"")),
    person(""Jakob"", ""Richter"", , ""jakob1richter@gmail.com"", role = ""aut"",
           comment = c(ORCID = ""0000-0003-4481-5554"")),
    person(""Damir"", ""Pulatov"", , ""dpulatov@uwyo.edu"", role = ""ctb""),
    person(""John"", ""Zobolas"", , ""bblodfon@gmail.com"", role = ""aut"",
           comment = c(ORCID = ""0000-0002-3609-8674""))
  )",NA,https://github.com/mlr-org/mlr3viz/issues,NA,NA,NA,NA,NA,NA,NA,NA,NA,NA,NA,"'BenchmarkResult.R' 'Filter.R' 'LearnerClassif.R'
'LearnerClassifCVGlmnet.R' 'LearnerClassifGlmnet.R'
'LearnerClassifRpart.R' 'LearnerClustHierarchical.R'
'LearnerRegr.R' 'LearnerRegrCVGlmnet.R' 'LearnerRegrGlmnet.R'
'LearnerRegrRpart.R' 'LearnerSurvCoxPH.R'
'OptimInstanceBatchSingleCrit.R' 'Prediction.R'
'PredictionClassif.R' 'PredictionClust.R' 'PredictionRegr.R'
'ResampleResult.R' 'Task.R' 'TaskClassif.R' 'TaskClust.R'
'TaskRegr.R' 'TuningInstanceBatchSingleCrit.R'
'EnsembleFSResult.R' 'as_precrec.R' 'bibentries.R' 'helper.R'
'plot_learner_prediction.R' 'reexports.R' 'zzz.R'",NA,NA,NA,NA,NA,2025-01-16 16:40:02 UTC,"Visualization package of the 'mlr3' ecosystem. It features
    plots for mlr3 objects such as tasks, learners, predictions, benchmark
    results, tuning instances and filters via the 'autoplot()' generic of
    'ggplot2'.  The package draws plots with the 'viridis' color palette
    and applies the minimal theme. Visualizations include barplots,
    boxplots, histograms, ROC curves, and Precision-Recall curves.",UTF-8,NA,NA,NA,NA,NA,NA,Marc Becker <marcbecker@posteo.de>,NA,2025-01-16 15:30:05 UTC; marc,NA,NA,NA,NA,Visualizations for 'mlr3',NA,"https://mlr3viz.mlr-org.com, https://github.com/mlr-org/mlr3viz",NA,NA,NA,NA,NA,2025-01-16,NA,"mlr3shiny, mlr3verse, sense",NA,"explainer, mlr3fairness",NA,NA,10.32614/CRAN.package.mlr3viz,TRUE,FALSE,TRUE,FALSE,1
multipanelfigure,2.1.6,NA,NA,"ggplot2 (>= 2.2.1), grid, gridGraphics (>= 0.3-0), gtable (>=
0.2.0), magick (>= 1.9), magrittr (>= 1.5), methods, stringi
(>= 1.2.3), utils",NA,"ComplexHeatmap (>= 1.17.1), grDevices, lattice (>= 0.20-35),
roxygen2 (>= 6.0.1), VennDiagram (>= 1.6.20), knitr, rmarkdown,
markdown",NA,GPL (>= 3),NA,NA,NA,NA,d484d23f1bf53f54bb3c9bfa635425fc,no,NA,"Johannes Graumann [cre, aut],
  Richard Cotton [aut]","c(person(""Johannes"", ""Graumann"", email =
    ""johannes.graumann@uni-marburg.de"", role = c(""cre"", ""aut"")),
    person(""Richard"",""Cotton"", email = ""richierocks@gmail.com"",
    role = c(""aut"")))",NA,NA,NA,NA,NA,NA,NA,NA,NA,NA,NA,NA,NA,NA,NA,NA,NA,NA,2024-04-09,2024-04-09 15:40:02 UTC,"Tools to create a layout for figures made of multiple panels, and
    to fill the panels with base, 'lattice', 'ggplot2' and 'ComplexHeatmap'
    plots, grobs, as well as content from all image formats supported by
    'ImageMagick' (accessed through 'magick').",UTF-8,NA,NA,TRUE,NA,NA,NA,Johannes Graumann <johannes.graumann@uni-marburg.de>,NA,2024-04-09 15:21:11 UTC; rstudio,NA,NA,NA,NA,Infrastructure to Assemble Multi-Panel Figures (from Grobs),Package,NA,NA,knitr,NA,NA,NA,2024-04-09,NA,NA,NA,flippant,NA,NA,10.32614/CRAN.package.multipanelfigure,TRUE,FALSE,TRUE,FALSE,1
MVET,0.1.0,NA,R (>= 3.5.0),"stats, ggplot2 (>= 3.4.0), gridExtra (>= 2.3)",NA,testthat (>= 3.0.0),NA,MIT + file LICENSE,NA,NA,NA,NA,11e46c2ae615ccefed0324ae9933e098,no,NA,"Yeonseok Choi [aut, cre],
  Yong-Seok Choi [ctb]","
    c(person(""Yeonseok"", ""Choi"", email = ""yeonseok3488@gmail.com"", role = c(""aut"", ""cre"")),
     person(""Yong-Seok"", ""Choi"", email = ""yschoi@pusan.ac.kr"", role = c(""ctb"")))",NA,NA,NA,NA,NA,NA,NA,NA,NA,NA,NA,NA,NA,NA,NA,NA,NA,NA,NA,2024-06-06 16:40:02 UTC,"Multivariate estimation and testing, currently a package for testing parametric data. To deal with parametric data, various multivariate normality tests and outlier detection are performed and visualized using the 'ggplot2' package. Homogeneity tests for covariance matrices are also possible, as well as the Hotelling's T-square test and the multivariate analysis of variance test. We are exploring additional tests and visualization techniques, such as profile analysis and randomized complete block design, to be made available in the future and making them easily accessible to users.",UTF-8,NA,NA,true,NA,NA,NA,Yeonseok Choi <yeonseok3488@gmail.com>,NA,2024-06-05 09:24:02 UTC; GaeJu,NA,NA,NA,NA,Multivariate Estimates and Tests,Package,https://github.com/YeonSeok-Choi/MVET,NA,NA,NA,NA,NA,2024-06-06,NA,NA,NA,NA,NA,NA,10.32614/CRAN.package.MVET,TRUE,FALSE,TRUE,FALSE,1
naniar,1.1.0,NA,R (>= 3.1.2),"dplyr, ggplot2, purrr, tidyr, tibble (>= 2.0.0), norm,
magrittr, stats, visdat, rlang (>= 1.1.0), forcats, viridis,
glue, UpSetR, cli, vctrs, lifecycle",NA,"knitr, rmarkdown, testthat (>= 3.0.0), rpart, rpart.plot,
covr, gridExtra, wakefield, vdiffr, here, simputation,
imputeTS, Hmisc, spelling",NA,MIT + file LICENSE,NA,NA,NA,NA,cbaa52f7b51e26940576be83b49919b0,no,NA,"Nicholas Tierney [aut, cre] (<https://orcid.org/0000-0003-1460-8722>),
  Di Cook [aut] (<https://orcid.org/0000-0002-3813-7155>),
  Miles McBain [aut] (<https://orcid.org/0000-0003-2865-2548>),
  Colin Fay [aut] (<https://orcid.org/0000-0001-7343-1846>),
  Mitchell O'Hara-Wild [ctb],
  Jim Hester [ctb],
  Luke Smith [ctb],
  Andrew Heiss [ctb] (<https://orcid.org/0000-0002-3948-3914>)","c(
  person(""Nicholas"", ""Tierney"", 
         role = c(""aut"", ""cre""),
         email = ""nicholas.tierney@gmail.com"", 
         comment = c(ORCID = ""https://orcid.org/0000-0003-1460-8722"")),
  person(""Di"", ""Cook"",
         role = ""aut"",
         email = ""dicook@monash.edu"", 
         comment = c(ORCID = ""https://orcid.org/0000-0002-3813-7155"")),
  person(""Miles"", ""McBain"",
         role = ""aut"",
         email = ""miles.mcbain@gmail.com"",
         comment = c(ORCID = ""https://orcid.org/0000-0003-2865-2548"")), 
  person(""Colin"", ""Fay"", 
         role = ""aut"", 
         email = ""contact@colinfay.me"",
         comment = c(ORCID = ""https://orcid.org/0000-0001-7343-1846"")),
  person(""Mitchell"", ""O'Hara-Wild"",
         role = ""ctb""),
  person(""Jim"", ""Hester"", 
         role = ""ctb"", 
         email = ""james.f.hester@gmail.com""),
  person(""Luke"", ""Smith"", 
         role = ""ctb""),
  person(""Andrew"", ""Heiss"", 
         role = ""ctb"",
         email = ""andrew@andrewheiss.com"", 
         comment = c(ORCID = ""https://orcid.org/0000-0002-3948-3914""))
  )",NA,https://github.com/njtierney/naniar/issues,NA,NA,NA,NA,NA,TRUE,NA,NA,NA,NA,NA,"'add-cols.R' 'add-n-prop-miss.R' 'any-na-complete.R'
'cast-shadows.R' 'data-common-na-numbers.R'
'data-common-na-strings.R' 'data-oceanbuoys.R'
'data-pedestrian.R' 'data-riskfactors.R' 'legend-draw.R'
'geom-miss-point.R' 'geom2plotly.R' 'gg-miss-case-cumsum.R'
'gg-miss-case.R' 'gg-miss-fct.R' 'gg-miss-span.R'
'gg-miss-upset.R' 'gg-miss-var-cumsum.R' 'gg-miss-var.R'
'gg-miss-which.R' 'impute-factor.R' 'impute-fixed.R'
'impute-median.R' 'impute-mode.R' 'impute-zero.R'
'impute_below.R' 'impute_mean.R' 'label-miss.R' 'mcar-test.R'
'miss-complete-x-pct-prop.R' 'miss-prop-pct-summary.R'
'miss-scan-count.R' 'miss-x-cumsum.R' 'miss-x-run.R'
'miss-x-span.R' 'miss-x-summary.R' 'miss-x-table.R'
'n-prop-miss-complete-rows.R' 'n-prop-miss-complete.R'
'n-var-miss.R' 'nabular.R' 'naniar-ggproto.R'
'naniar-package.R' 'prop-pct-var-case-miss-complete.R'
'replace-to-na.R' 'replace-with-na.R' 'replace_na_with.R'
'scoped-replace-with-na.R' 'set-n-prop-miss.R' 'shade.R'
'shadow-recode.R' 'shadow-shifters.R' 'shadows.R'
'stat-miss-point.R' 'utils.R' 'where-na.R'",NA,NA,NA,NA,NA,2024-03-05 10:10:02 UTC,"Missing values are ubiquitous in data and need to be explored and
    handled in the initial stages of analysis. 'naniar' provides data 
    structures and functions that facilitate the plotting of missing values and 
    examination of imputations. This allows missing data dependencies to be 
    explored with minimal deviation from the common work patterns of 'ggplot2' 
    and tidy data. The work is fully discussed at Tierney & Cook (2023) 
    <doi:10.18637/jss.v105.i07>.",UTF-8,NA,en-US,TRUE,NA,NA,NA,Nicholas Tierney <nicholas.tierney@gmail.com>,NA,2024-03-04 23:29:14 UTC; nick,NA,NA,NA,NA,"Data Structures, Summaries, and Visualisations for Missing Data",Package,"https://github.com/njtierney/naniar, http://naniar.njtierney.com/",NA,knitr,NA,NA,NA,2024-03-05,NA,"dbGaPCheckup, fastml, smdi, suddengains, surveyPrev, tLOH",NA,"causalCmprsk, cleanepi",NA,NA,10.32614/CRAN.package.naniar,TRUE,FALSE,TRUE,FALSE,1
nestcolor,0.1.3,NA,R (>= 3.6),"checkmate (>= 2.1.0), ggplot2 (>= 3.5.0), lifecycle (>= 1.0.3)",NA,"knitr (>= 1.42), rmarkdown (>= 2.19), testthat (>= 3.0.4)",NA,Apache License 2.0,NA,NA,NA,NA,49e13638567b59078caa00cec28607a3,no,NA,"Joe Zhu [aut, cre] (<https://orcid.org/0000-0001-7566-2787>),
  Emily de la Rua [aut],
  F. Hoffmann-La Roche AG [cph, fnd]","c(
    person(""Joe"", ""Zhu"", , ""joe.zhu@roche.com"", role = c(""aut"", ""cre""),
           comment = c(ORCID = ""0000-0001-7566-2787"")),
    person(""Emily"", ""de la Rua"", , ""emily.de_la_rua@contractors.roche.com"", role = ""aut""),
    person(""F. Hoffmann-La Roche AG"", role = c(""cph"", ""fnd""))
  )",NA,https://github.com/insightsengineering/nestcolor/issues,NA,NA,NA,NA,NA,NA,NA,NA,NA,NA,NA,NA,NA,NA,NA,NA,2025-01-21,2025-01-21 09:40:02 UTC,"Clinical reporting figures require to use consistent colors
    and configurations. As a part of the Roche open-source clinical
    reporting project, namely the NEST project, the 'nestcolor' package
    specifies the color code and default theme with specifying 'ggplot2'
    theme parameters. Users can easily customize color and theme settings
    before using the reset of NEST packages to ensure consistent settings
    in both static and interactive output at the downstream.",UTF-8,NA,en-US,NA,NA,NA,NA,Joe Zhu <joe.zhu@roche.com>,NA,2025-01-21 07:51:47 UTC; rstudio,lifecycle,NA,NA,NA,Colors for NEST Graphs,Package,"https://insightsengineering.github.io/nestcolor/,
https://github.com/insightsengineering/nestcolor/",NA,"knitr, rmarkdown",NA,NA,NA,2025-01-21,NA,"chevron, tern",NA,"autoslider.core, teal.modules.clinical, teal.modules.general",NA,NA,10.32614/CRAN.package.nestcolor,TRUE,FALSE,TRUE,FALSE,1
netmap,0.1.4,NA,R (>= 2.10),"ggnetwork, igraph, network, rlang, sf, sna",NA,"rmarkdown, knitr, testthat (>= 3.0.0)",NA,GPL (>= 3),NA,NA,NA,NA,32ed7e363f4ca752c37b788ebe682cdb,no,NA,"Matteo Dimai [aut, cre] (<https://orcid.org/0000-0003-1126-5234>)","
    person(""Matteo"", ""Dimai"", , ""matteo.dimai@phd.units.it"", role = c(""aut"", ""cre""),
           comment = c(ORCID = ""0000-0003-1126-5234""))",NA,https://github.com/artod83/netmap/issues,NA,NA,NA,NA,NA,NA,NA,NA,NA,NA,NA,NA,NA,NA,NA,NA,NA,2024-02-26 13:50:10 UTC,Represent 'network' or 'igraph' objects whose vertices can be represented by features in an 'sf' object as a network graph surmising a 'sf' plot. Fits into 'ggplot2' grammar.,UTF-8,NA,NA,true,NA,NA,NA,Matteo Dimai <matteo.dimai@phd.units.it>,NA,2024-02-26 13:25:09 UTC; 146307,NA,NA,NA,NA,Represent Network Objects on a Map,NA,https://github.com/artod83/netmap,NA,knitr,NA,NA,NA,2024-02-26,NA,NA,NA,NA,NA,NA,10.32614/CRAN.package.netmap,TRUE,FALSE,TRUE,FALSE,1
nflplotR,1.4.0,NA,R (>= 3.5.0),"backports (>= 1.1.6), cachem (>= 1.0.0), cli (>= 3.0.0),
data.table (>= 1.14.0), ggpath (>= 1.0.1), ggplot2 (>= 3.3.0),
grid, gt (>= 0.8.0), lifecycle, magick (>= 2.7.3), memoise (>=
2.0.0), nflreadr (>= 1.3.2), rlang (>= 0.4.11), scales (>=
1.1.0)",NA,"base64enc (>= 0.1-3), covr, knitr, rmarkdown, rstudioapi (>=
0.13), rsvg (>= 2.0), testthat (>= 3.0.0), vdiffr (>= 1.0.2),
webshot2 (>= 0.1.0)",NA,MIT + file LICENSE,NA,NA,NA,NA,de33d6330c0a5b0a452e254208b33c93,no,NA,"Sebastian Carl [aut, cre]","
    person(""Sebastian"", ""Carl"", , ""mrcaseb@gmail.com"", role = c(""aut"", ""cre""))",NA,https://github.com/nflverse/nflplotR/issues,NA,NA,NA,NA,NA,NA,NA,NA,NA,NA,NA,NA,NA,NA,NA,NA,NA,2024-08-21 12:20:02 UTC,"A set of functions to visualize National Football League
    analysis in 'ggplot2' plots and 'gt' tables.",UTF-8,NA,NA,NA,NA,NA,NA,Sebastian Carl <mrcaseb@gmail.com>,NA,2024-08-21 09:58:32 UTC; carl,NA,NA,NA,NA,NFL Logo Plots in 'ggplot2' and 'gt',NA,"https://nflplotr.nflverse.com,
https://github.com/nflverse/nflplotR",NA,NA,NA,NA,NA,2024-08-21,NA,nflverse,NA,nfl4th,NA,NA,10.32614/CRAN.package.nflplotR,TRUE,FALSE,TRUE,FALSE,1
nlmixr2plot,3.0.1,NA,NA,"ggplot2 (>= 3.4.0), nlmixr2est, nlmixr2extra, rxode2, utils,
vpc, xgxr",NA,"testthat (>= 3.0.0), dplyr, withr, nlmixr2data",NA,GPL (>= 3),NA,NA,NA,NA,0798432cf0bed689c39d25cd3cdcfae4,no,NA,"Matthew Fidler [aut, cre] (<https://orcid.org/0000-0001-8538-6691>),
  Bill Denney [ctb] (<https://orcid.org/0000-0002-5759-428X>),
  Wenping Wang [aut],
  Vipul Mann [aut]","c(
    person(""Matthew"", ""Fidler"", email=""matthew.fidler@gmail.com"", role = c(""aut"", ""cre""),
           comment = c(ORCID = ""0000-0001-8538-6691"")),
    person(""Bill"", ""Denney"", email=""wdenney@humanpredictions.com"", role = ""ctb"",
           comment = c(ORCID = ""0000-0002-5759-428X"")),
    person(""Wenping"", ""Wang"", email=""wwang8198@gmail.com"", role = ""aut""),
    person(""Vipul"", ""Mann"", email=""vm2583@columbia.edu"", role = ""aut"")
  )",NA,https://github.com/nlmixr2/nlmixr2plot/issues/,NA,NA,NA,NA,NA,NA,NA,NA,NA,NA,NA,NA,NA,NA,NA,NA,NA,2025-02-14 15:10:02 UTC,"Fit and compare nonlinear mixed-effects models in
    differential equations with flexible dosing information commonly seen
    in pharmacokinetics and pharmacodynamics (Almquist, Leander, and
    Jirstrand 2015 <doi:10.1007/s10928-015-9409-1>). Differential equation
    solving is by compiled C code provided in the 'rxode2' package (Wang,
    Hallow, and James 2015 <doi:10.1002/psp4.12052>). This package is for
    'ggplot2' plotting methods for 'nlmixr2' objects.",UTF-8,NA,NA,NA,NA,NA,NA,Matthew Fidler <matthew.fidler@gmail.com>,NA,2025-02-14 14:35:36 UTC; matt,NA,NA,NA,NA,"Nonlinear Mixed Effects Models in Population PK/PD, Plot
Functions",NA,"https://github.com/nlmixr2/nlmixr2plot,
https://nlmixr2.github.io/nlmixr2plot/",NA,NA,NA,NA,NA,2025-02-14,NA,nlmixr2,NA,NA,NA,NA,10.32614/CRAN.package.nlmixr2plot,TRUE,FALSE,TRUE,FALSE,1
nord,1.0.0,NA,NA,ggplot2,NA,testthat,NA,MIT + file LICENSE,NA,NA,NA,NA,cb718f6e998514d7e57fa2119e270c7d,no,NA,"Jake Kaupp [aut, cre] (<https://orcid.org/0000-0002-3217-3294>)","
    person(given = ""Jake"",
           family = ""Kaupp"",
           role = c(""aut"", ""cre""),
           email = ""jkaupp@gmail.com"",
           comment = c(ORCID = ""0000-0002-3217-3294""))",NA,NA,NA,NA,NA,NA,NA,NA,NA,NA,NA,NA,NA,NA,NA,NA,NA,NA,NA,2019-08-29 19:00:02 UTC,Provides the Arctic Ice Studio's Nord and Group of Seven inspired colour palettes for use with 'ggplot2' via custom functions.,UTF-8,NA,NA,true,NA,NA,NA,Jake Kaupp <jkaupp@gmail.com>,NA,2019-08-29 18:25:52 UTC; jake,NA,NA,NA,NA,"Arctic Ice Studio's Nord and Group of Seven Inspired Colour
Palettes for 'ggplot2'",NA,NA,NA,NA,NA,NA,NA,2019-08-29,NA,NA,NA,palettes,NA,NA,10.32614/CRAN.package.nord,TRUE,FALSE,TRUE,FALSE,1
oblicubes,1.0.0,NA,NA,"grDevices, grid, utils",NA,"datasets, dplyr, ggplot2, knitr, rmarkdown, testthat (>=
3.0.0), vdiffr",NA,MIT + file LICENSE,NA,NA,NA,NA,fcfddb2c4e492c77ea48faba8cee48a6,no,NA,"Trevor L. Davis [aut, cre] (<https://orcid.org/0000-0001-6341-4639>),
  Mike FC [aut] (Some code adapted from isocubes)","c(person(""Trevor L."", ""Davis"", role = c(""aut"", ""cre""),
                    email = ""trevor.l.davis@gmail.com"",
                    comment = c(ORCID = ""0000-0001-6341-4639"")),
             person(""Mike"", ""FC"", role = ""aut"", comment = ""Some code adapted from isocubes""))",NA,https://github.com/trevorld/oblicubes/issues,NA,NA,NA,NA,NA,NA,NA,NA,NA,NA,NA,NA,NA,NA,NA,NA,NA,2025-03-10 08:30:02 UTC,Three-dimensional rendering for 'grid' and 'ggplot2' graphics using cubes and cuboids drawn with an oblique projection.  As a special case also supports primary view orthographic projections.  Can be viewed as an extension to the 'isocubes' package <https://github.com/coolbutuseless/isocubes>.,UTF-8,NA,NA,NA,NA,NA,NA,Trevor L. Davis <trevor.l.davis@gmail.com>,NA,2025-03-10 06:21:44 UTC; trevorld,NA,NA,NA,NA,3D Rendering Using Obliquely Projected Cubes and Cuboids,Package,https://trevorldavis.com/R/oblicubes/,NA,"knitr, rmarkdown",NA,NA,NA,2025-03-10,NA,NA,NA,hexfont,NA,NA,10.32614/CRAN.package.oblicubes,TRUE,FALSE,TRUE,TRUE,2
Oncofilterfast,1.0.0,NA,"survival, survminer",NA,NA,NA,NA,Apache License 2.0,NA,NA,NA,NA,cccd85b6df7faccffbb531937292e81b,no,NA,"Pheonix Chen [aut, cre] (<https://orcid.org/0000-0003-0747-0681>)","c(person(""Pheonix"", ""Chen"", role = c(""aut"", ""cre""), email = ""shuaiyuchen4@gmail.com"", comment = c(ORCID = ""0000-0003-0747-0681"")))",NA,NA,NA,NA,NA,NA,NA,NA,NA,NA,NA,NA,NA,NA,NA,NA,NA,NA,NA,2024-03-27 10:10:06 UTC,"Aids in the analysis of genes influencing cancer survival by including a principal function, calculator(), which calculates the P-value for each provided gene under the optimal cutoff in cancer survival studies. Grounded in methodologies from significant works, this package references Therneau's 'survival' package (Therneau, 2024; <https://CRAN.R-project.org/package=survival>) and the survival analysis extensions by Therneau and Grambsch (2000, ISBN 0-387-98784-3). It also integrates the 'survminer' package by Kassambara et al. (2021; <https://CRAN.R-project.org/package=survminer>), enhancing survival curve visualizations with 'ggplot2'.",UTF-8,NA,NA,NA,NA,NA,NA,Pheonix Chen <shuaiyuchen4@gmail.com>,NA,2024-03-27 04:20:49 UTC; 86157,NA,NA,NA,NA,Aids in the Analysis of Genes Influencing Cancer Survival,Package,NA,NA,NA,NA,NA,NA,2024-03-27,NA,NA,NA,NA,NA,NA,10.32614/CRAN.package.Oncofilterfast,TRUE,FALSE,TRUE,TRUE,2
onsvplot,0.3.2,NA,R (>= 2.10),ggplot2,NA,NA,NA,MIT + file LICENSE,NA,NA,NA,NA,b7a429d94a7e55907eba47ef16e800f6,no,NA,"Pedro Augusto Borges Santos [aut, cre]
    (<https://orcid.org/0000-0003-0550-4251>),
  ONSV - National Road Safety Observatory [cph, fnd]","
    c(person(
        given = c(""Pedro"", ""Augusto"", ""Borges""), 
        family = ""Santos"",
        email = ""pabsantos21@gmail.com"",
        role = c(""aut"", ""cre""),
        comment = c(ORCID = ""0000-0003-0550-4251"")),
    person(""ONSV - National Road Safety Observatory"", role = c(""cph"", ""fnd"")))",NA,https://github.com/pabsantos/onsvplot/issues/,NA,NA,NA,NA,NA,NA,NA,NA,NA,NA,NA,NA,NA,NA,NA,NA,2023-09-05,2023-09-05 20:10:02 UTC,"Helps to create 'ggplot2' charts in the style used by the National 
    Road Safety Observatory (ONSV). The package includes functions to 
    customize 'ggplot2' objects with new theme and colors.",UTF-8,NA,NA,true,NA,NA,NA,Pedro Augusto Borges Santos <pabsantos21@gmail.com>,NA,2023-09-05 12:57:46 UTC; pabsantos,NA,NA,NA,NA,"National Road Safety Observatory (ONSV) Style for 'ggplot2'
Graphics",NA,https://github.com/pabsantos/onsvplot/,NA,NA,NA,NA,NA,2023-09-05,NA,NA,NA,NA,NA,NA,10.32614/CRAN.package.onsvplot,TRUE,FALSE,TRUE,FALSE,1
OpenStreetMap,0.4.0,NA,"methods, R (>= 4.2.0)","grDevices, ggplot2 (>= 0.9.0), rJava, raster, sp",NA,NA,NA,GPL-2 | file LICENCE,NA,NA,NA,NA,702fc304faafb130fdb66201cc74c2b8,no,NA,"Ian Fellows, using the JMapViewer library by Jan Peter Stotz",NA,NA,NA,NA,NA,NA,NA,NA,NA,NA,NA,NA,NA,NA,'OpenStreetMap-package.R' 'osm.R' 'autoplot.R' 'zzz.R',NA,NA,NA,NA,NA,2023-10-12 11:00:03 UTC,"Accesses high resolution raster maps using the OpenStreetMap
    protocol. Dozens of road, satellite, and topographic map servers are directly
    supported, including Apple, Mapnik, Bing, and stamen. Additionally raster maps
    may be constructed using custom tile servers.  Maps can be
    plotted using either base graphics, or ggplot2. This package is not affiliated
    with the OpenStreetMap.org mapping project.",NA,NA,NA,NA,NA,NA,NA,Ian Fellows <ian@fellstat.com>,NA,2023-10-12 03:54:42 UTC; ianfellows,NA,NA,NA,"Java (>= 1.8), JRI",Access to Open Street Map Raster Images,NA,https://github.com/ifellows/ROSM https://www.fellstat.com,NA,NA,NA,NA,NA,2023-10-12,NA,"loa, OSMscale",NA,"stars, tmaptools, trajectories",NA,NA,10.32614/CRAN.package.OpenStreetMap,TRUE,FALSE,TRUE,FALSE,1
orgR,0.9.0,NA,"ggthemes (>= 1.7.0), ggplot2 (>= 1.0.0), lubridate(>= 1.3.3),
data.table (>= 1.9.4), stringr (>= 0.6.2)",NA,NA,NA,NA,GPL (>= 2),NA,NA,NA,NA,3e5be742de28c1a805595fbfcf21d389,no,NA,Yi Tang,NA,NA,NA,NA,NA,NA,NA,NA,NA,NA,NA,NA,NA,NA,NA,NA,NA,NA,NA,2014-12-15,2014-12-20 07:48:40,"Provides functionality to process text files created by Emacs' Org mode, and decompose the content to the smallest components (headlines, body, tag, clock entries etc).  Emacs is an extensible, customizable text editor and Org mode is for keeping notes, maintaining TODO lists, planning projects.  Allows users to analyze org files as data frames in R, e.g., to convieniently group tasks by tag into project and calculate total working hours.  Also provides some help functions like search.parent, gg.pie (visualise working hours in ggplot2) and tree.headlines (visualise headline stricture in tree format) to help user managing their complex org files. ",NA,NA,NA,NA,NA,NA,NA,Yi Tang <yi.tang.uk@me.com>,NA,2014-12-19 15:02:11.908 UTC; yitang,NA,NA,NA,NA,Analyse Text Files Created by Emacs' Org mode,Package,NA,NA,NA,NA,NA,NA,2014-12-20,NA,NA,NA,NA,NA,NA,10.32614/CRAN.package.orgR,TRUE,FALSE,TRUE,FALSE,1
pagenum,1.3,NA,NA,grid,NA,"ggplot2, knitr, lattice, rmarkdown, testthat",NA,MIT + file LICENSE,NA,NA,NA,NA,dd296528aae24be1018d684af3d76e03,no,NA,"Kevin Wright [aut, cre, cph] (<https://orcid.org/0000-0002-0617-8673>)","
    person(""Kevin"", ""Wright"", , ""kw.stat@gmail.com"", role = c(""aut"", ""cre"", ""cph""),
           comment = c(ORCID = ""0000-0002-0617-8673""))",NA,https://github.com/kwstat/pagenum/issues,NA,NA,NA,NA,NA,NA,NA,NA,NA,NA,NA,NA,NA,NA,NA,NA,NA,2024-07-17 14:40:07 UTC,A simple way to add page numbers to base/ggplot/lattice graphics.,UTF-8,NA,NA,NA,NA,NA,NA,Kevin Wright <kw.stat@gmail.com>,NA,2024-07-16 20:19:22 UTC; wrightkevi,NA,NA,NA,NA,Put Page Numbers on Graphics,Package,"https://kwstat.github.io/pagenum/,
http://kwstat.github.io/pagenum/",NA,knitr,NA,NA,NA,2024-07-17,NA,NA,NA,NA,NA,NA,10.32614/CRAN.package.pagenum,TRUE,FALSE,TRUE,FALSE,1
painbow,1.0.1,NA,R (>= 2.10),ggplot2,NA,"knitr, patchwork, spelling, rmarkdown",NA,MIT + file LICENSE,NA,NA,NA,NA,4b525f6da2540178b5696a3c79f9dc7d,no,NA,Steve Haroz,NA,NA,https://github.com/steveharoz/painbow/issues/new,NA,NA,NA,NA,NA,NA,NA,NA,NA,NA,NA,NA,NA,NA,NA,NA,NA,2021-11-11 19:40:02 UTC,"XKCD described a supposedly ""bad"" colormap that it called a ""Painbow"" (see <https://xkcd.com/2537/>). But simple tests demonstrate that under some circumstances, the colormap can perform very well, and people can find information that is difficult to detect with the ggplot2 default and even supposedly ""good"" colormaps like viridis. This library let's you use the Painbow in your own ggplot graphs.",UTF-8,NA,en-US,true,NA,NA,NA,Steve Haroz <painbow@steveharoz.com>,NA,2021-11-11 14:07:41 UTC; sharo,NA,NA,NA,NA,"Use XKCD's ""Painbow"" Colormap in ggplot2",Package,https://github.com/steveharoz/painbow,NA,NA,NA,NA,NA,2021-11-11,NA,NA,NA,NA,NA,NA,10.32614/CRAN.package.painbow,TRUE,FALSE,TRUE,FALSE,1
PairedData,1.1.1,NA,"methods,graphics,MASS,gld,mvtnorm,lattice,ggplot2",NA,NA,NA,NA,GPL (>= 2),NA,NA,NA,NA,204ac497b86ee1503275274f5682bd54,no,NA,Stephane Champely <champely@univ-lyon1.fr>,NA,NA,NA,NA,NA,NA,NA,NA,NA,NA,NA,NA,NA,NA,global1.R ClassP1.R,NA,NA,NA,NA,2018-06-02,2018-06-02 22:57:15 UTC,"Many datasets and a set of graphics (based on ggplot2), statistics, effect sizes and hypothesis tests are provided for analysing paired data with S4 class.",NA,NA,NA,NA,NA,NA,NA,Stephane Champely <champely@univ-lyon1.fr>,NA,2018-06-02 14:53:04 UTC; STEPHANE.CHAMPELY,NA,NA,NA,NA,Paired Data Analysis,Package,NA,NA,NA,NA,NA,NA,2018-06-02,"equivalence, NEpiC","grapesAgri1, MBQN",NA,"autoReg, interpretCI",NA,NA,10.32614/CRAN.package.PairedData,TRUE,FALSE,TRUE,FALSE,1
palettetown,0.1.1,NA,NA,"grDevices, stats, graphics",NA,"ggplot2, magrittr",NA,MIT + file LICENSE,NA,NA,NA,NA,7e4ab4c18e1b48cd6771a3fc4a42ac6f,no,NA,Tim Lucas,NA,NA,NA,NA,NA,NA,NA,NA,NA,NA,NA,NA,NA,NA,NA,NA,NA,NA,"Pokemon, pokedex and all pokemon names are trademarks of
Nintendo.",2016-04-06,2016-04-07 01:01:15,"Use Pokemon(R) inspired palettes with additional 'ggplot2' scales.
    Palettes are the colours in each Pokemon's sprite, ordered by how common
    they are in the image. The first 386 Pokemon are currently provided.",NA,NA,NA,NA,NA,NA,NA,Tim Lucas <timcdlucas@gmail.com>,NA,2016-04-06 19:53:39 UTC; tim,NA,NA,NA,NA,Use Pokemon Inspired Colour Palettes,Package,https://github.com/timcdlucas/palettetown,NA,NA,NA,NA,NA,2016-04-07,NA,NA,NA,malariaAtlas,NA,NA,10.32614/CRAN.package.palettetown,TRUE,FALSE,TRUE,FALSE,1
parttree,0.1.0,NA,NA,"graphics, stats, data.table, partykit, rlang, rpart, tinyplot
(>= 0.2.0)",NA,"tinytest, tinysnapshot (>= 0.0.3), fontquiver, rsvg, svglite,
palmerpenguins, titanic, mlr3, parsnip, workflows, magick,
imager, knitr, rmarkdown",ggplot2 (>= 3.4.0),MIT + file LICENSE,NA,NA,NA,NA,f491bafef8899265b0d0cbce34f676d7,no,NA,"Grant McDermott [aut, cre] (<https://orcid.org/0000-0001-7883-8573>),
  Achim Zeileis [ctb] (<https://orcid.org/0000-0003-0918-3766>),
  Brian Heseung Kim [ctb] (<https://orcid.org/0000-0002-7988-1802>),
  Julia Silge [ctb] (<https://orcid.org/0000-0002-3671-836X>)","c(
    person(given = ""Grant"",
           family = ""McDermott"",
           role = c(""aut"", ""cre""),
           email = ""gmcd@amazon.com"",
           comment = c(ORCID = ""0000-0001-7883-8573"")),
    person(given = ""Achim"",
           family = ""Zeileis"",
           role = ""ctb"",
           email = ""Achim.Zeileis@R-project.org"",
           comment = c(ORCID = ""0000-0003-0918-3766"")),
    person(given = ""Brian Heseung"",
           family = ""Kim"",
           role = ""ctb"",
           email = ""brhkim@gmail.com"",
           comment = c(ORCID = ""0000-0002-7988-1802"")),
    person(given = ""Julia"", 
           family = ""Silge"", 
           role = ""ctb"", 
           email = ""julia.silge@gmail.com"", 
           comment = c(ORCID = ""0000-0002-3671-836X"")))",NA,https://github.com/grantmcdermott/parttree/issues,NA,NA,NA,NA,NA,NA,NA,NA,NA,NA,NA,NA,NA,NA,NA,NA,2025-10-14,2025-01-16 10:30:02 UTC,"Visualize the partitions of simple decision trees, involving one or
    two predictors, on the scale of the original data. Provides an intuitive
    alternative to traditional tree diagrams, by visualizing how a decision tree
    divides the predictor space in a simple 2D plot alongside the original data.
    The 'parttree' package supports both classification and regression trees
    from 'rpart' and 'partykit', as well as trees produced by popular frontend
    systems like 'tidymodels' and 'mlr3'. Visualization methods are provided for
    both base R graphics and 'ggplot2'.",UTF-8,NA,NA,NA,NA,NA,NA,Grant McDermott <gmcd@amazon.com>,NA,2025-01-15 02:46:38 UTC; gmcd,NA,NA,NA,NA,Visualize Simple 2-D Decision Tree Partitions,NA,https://grantmcdermott.com/parttree/,NA,knitr,NA,NA,NA,2025-01-16,NA,NA,NA,NA,NA,NA,10.32614/CRAN.package.parttree,TRUE,FALSE,TRUE,FALSE,1
patchwork,1.3.0,NA,NA,"ggplot2 (>= 3.0.0), gtable, grid, stats, grDevices, utils,
graphics, rlang (>= 1.0.0), cli, farver",NA,"knitr, rmarkdown, gridGraphics, gridExtra, ragg, testthat (>=
2.1.0), vdiffr, covr, png, gt (>= 0.11.0)",NA,MIT + file LICENSE,NA,NA,NA,NA,60577f2b9110285fb28052d6ff88320c,no,NA,"Thomas Lin Pedersen [cre, aut]
    (<https://orcid.org/0000-0002-5147-4711>)","
    person(given = ""Thomas Lin"",
           family = ""Pedersen"",
           role = c(""cre"", ""aut""),
           email = ""thomasp85@gmail.com"",
           comment = c(ORCID = ""0000-0002-5147-4711""))",NA,https://github.com/thomasp85/patchwork/issues,NA,NA,NA,NA,NA,NA,NA,NA,NA,NA,NA,NA,NA,NA,NA,NA,NA,2024-09-16 09:30:02 UTC,"The 'ggplot2' package provides a strong API for sequentially 
    building up a plot, but does not concern itself with composition of multiple
    plots. 'patchwork' is a package that expands the API to allow for 
    arbitrarily complex composition of plots by, among others, providing 
    mathematical operators for combining multiple plots. Other packages that try 
    to address this need (but with a different approach) are 'gridExtra' and 
    'cowplot'.",UTF-8,NA,NA,NA,NA,NA,NA,Thomas Lin Pedersen <thomasp85@gmail.com>,NA,2024-09-16 08:14:08 UTC; thomas,NA,NA,NA,NA,The Composer of Plots,Package,"https://patchwork.data-imaginist.com,
https://github.com/thomasp85/patchwork",NA,knitr,NA,NA,NA,2024-09-16,"immunarch, MixOptim, Nebulosa, ngsReports, nzilbb.vowels, pmxTools","activAnalyzer, AnanseSeurat, aplot, autoReg, autostats, bartMan, besthr, BioNERO, bridger, brinton, calmr, caretEnsemble, CarletonStats, CBNplot, CCPlotR, cellularautomata, Cepo, ChemoSpec, chillR, cia, circhelp, clevRvis, cmcR, cogeqc, ComplexUpset, Coxmos, CRABS, crosshap, CytoMDS, CytOpT, Damsel, dartR.base, dartR.captive, dartR.popgen, dartR.sexlinked, dataquieR, dearseq, decisionSupport, decontX, DESpace, dgpsi, diversityForest, dotwhisker, duet, dynamic, dynamite, dyngen, ecic, effectplots, EpiForsk, EpiNow2, epiregulon.extra, ern, escape, eudract, EvoPhylo, extraChIPs, fairmodels, fastml, fdaPOIFD, FindIT2, fitbitViz, foqat, forestecology, funcharts, funkyheatmap, gdverse, gg1d, ggbrain, ggcharts, ggheatmap, ggkegg, gglm, ggquickeda, ggseqplot, ggstats, ggstatsplot, ggsurvfit, gosset, GPvam, grafify, grandR, GRaNIE, gratia, greatR, GrowthCurveME, gsaot, guideR, GUIDEseq, hahmmr, HaploCatcher, HGC, hhmR, hierarchicalSets, hockeystick, HybridExpress, HYPEtools, idopNetwork, iglu, immunogenViewer, infer, inferCSN, insane, insurancerating, interpretCI, intradayModel, iNZightRegression, iNZightTS, itsdm, ivDiag, jskm, kollaR, lactater, lares, LMD, LongDat, loon.ggplot, LSTS, maraca, mastR, mcp, memes, messi, metabolic, metan, MF.beta4, mFD, microbiomeMarker, MicrobiotaProcess, miloR, mispitools, mlr3shiny, modgo, motifTestR, mrgsim.sa, multimedia, multiplestressR, multiWGCNA, mvgam, NanoMethViz, NetFACS, NetworkExtinction, numbat, orthogene, pcvr, PIUMA, plotthis, pmartR, powerly, ppseq, PRECAST, ProgModule, psycModel, qacBase, qbinplots, qmtools, r6qualitytools, RadEro, radiant.basics, radiant.data, radiant.model, radiant.multivariate, RandomWalker, RARfreq, rbiom, rcssci, redist, retmort, rhierbaps, rnaCrosslinkOO, RNAseqQC, Robyn, rprimer, scBubbletree, sccomp, scCustomize, scDiagnostics, scGate, scistreer, ScreenR, scRNAseqApp, scRNAstat, SeaVal, see, SEIRfansy, serosv, Seurat, sffdr, shapviz, shinyMixR, shinySbm, Signac, SimplyAgree, SingleMoleculeFootprinting, smallsets, smplot2, SpaCCI, SPARRAfairness, spatialRF, Spectran, SpliceWiz, splithalf, spotoroo, StabilityApp, standR, starvz, suddengains, SuperCell, survex, synlet, sysAgNPs, Sysrecon, tidychangepoint, TidyDensity, tidyHeatmap, tidyplots, tidysdm, tinyarray, toxSummary, treefit, treekoR, tRigon, triplot, triptych, UpSetVP, visvaR, visxhclust, vital, Voyager, whippr, wordpredictor, Xplortext",NA,"accrualPlot, ale, AlleleShift, AMISforInfectiousDiseases, appeears, ARUtools, autonomics, BayesERtools, BayesianReasoning, BayesSpace, bayestestR, bbknnR, BindingSiteFinder, broom.helpers, bsitar, camcorder, canaper, Canek, chem16S, ChemoSpecUtils, chessboard, CleanUpRNAseq, clugenr, ClustAssess, ClustIRR, CNVreg, concordexR, coveffectsplot, cowplot, cricketdata, cubble, CytoPipelineGUI, CytoSimplex, decoupleR, dominoSignal, doubletrouble, dscore, easybio, easystats, EDCimport, EWCE, FACT, factR, faux, FAVA, FAVAR, ferrn, fftab, fivethirtyeight, FLORAL, forestly, funtimes, geofi, GeomxTools, geslaR, GET, ggalign, ggblanket, ggbreak, ggdist, ggDoE, ggeasy, ggeffects, gggenomes, ggHoriPlot, ggmice, ggmosaic, ggprism, ggrepel, ggridges, ggspavis, ggtreeExtra, GIFT, goldfish, growR, gspcr, Guerry, harmony, hatchR, hdxmsqc, heplots, hermiter, HiContacts, HVT, ibawds, ibdsim2, IgGeneUsage, iml, IncidencePrevalence, industRial, inlabru, ipd, ipeaplot, jlmerclusterperm, JSmediation, ldsr, LightLogR, likelihoodTools, lmls, LorMe, lterdatasampler, manynet, mapindia, marginaleffects, marqLevAlg, marquee, MASSExtra, MassWateR, matrixset, MedLEA, metaconfoundr, MetMashR, mfp2, mia, miaViz, misty, mlr3fairness, mlr3spatiotempcv, mlr3viz, modelbased, moderndive, MorphoRegions, mpmsim, multifunc, muscat, mvinfluence, nestedmodels, nichetools, NMsim, nn2poly, nullranges, OBIC, oncomsm, pacu, painbow, palettes, paramix, partR2, PatientProfiles, pctax, performance, plotmm, plotscaper, POMA, portvine, PoweREST, prcbench, precrec, pvLRT, qPLEXanalyzer, r4ds.tutorials, r5r, regressinator, rempsyc, reporter, reservr, rfishdraw, rmcorr, robber, rredlist, rTPC, rxode2, scatterbar, scp, SCpubr, segregation, sfdep, sigminer, simdata, SimNPH, SingleCellAlleleExperiment, singleCellHaystack, SpaNorm, speckle, SPIChanges, spinifex, ssdtools, sSNAPPY, SUMMER, surveyPrev, tabnet, taylor, tfrmt, tidypaleo, tinythemes, tlars, trending, TRexSelector, UCell, unusualprofile, velociraptor, vissE, VizTest, vroom, weitrix, whitewater, x3ptools",NA,NA,10.32614/CRAN.package.patchwork,TRUE,FALSE,TRUE,FALSE,1
phylepic,0.2.0,NA,NA,"ape, cli, cowplot, dplyr, forcats, ggnewscale, ggplot2 (>=
3.5.0), ggraph, igraph, rlang, scales, tidygraph, vctrs",NA,"knitr, rmarkdown, testthat (>= 3.0.0)",NA,MIT + file LICENSE,NA,NA,NA,NA,a840e63da8bd58e45992349a2ef8eb65,no,NA,"Carl Suster [aut, cre] (<https://orcid.org/0000-0001-7021-9380>),
  Western Sydney Local Health District, NSW Health [cph]","
    c(person(given = ""Carl"",
             family = ""Suster"",
             email = ""Carl.Suster@health.nsw.gov.au"",
             role = c(""aut"", ""cre""),
             comment = c(ORCID = ""0000-0001-7021-9380"")),
      person(""Western Sydney Local Health District, NSW Health"",
             role = ""cph""))",NA,https://github.com/cidm-ph/phylepic/issues,NA,NA,NA,NA,NA,NA,NA,NA,NA,NA,NA,NA,NA,NA,NA,NA,NA,2024-05-31 19:10:02 UTC,"A collection of utilities and 'ggplot2' extensions to assist with
  visualisations in genomic epidemiology. This includes the 'phylepic' chart,
  a visual combination of a phylogenetic tree and a matched epidemic curve.
  The included 'ggplot2' extensions such as date axes binned by week are
  relevant for other applications in epidemiology and beyond. The approach is
  described in Suster et al. (2024) <doi:10.1101/2024.04.02.24305229>.",UTF-8,NA,NA,NA,NA,NA,NA,Carl Suster <Carl.Suster@health.nsw.gov.au>,NA,2024-05-30 23:54:45 UTC; carl,NA,NA,NA,NA,Combined Visualisation of Phylogenetic and Epidemiological Data,NA,"https://github.com/cidm-ph/phylepic,
https://cidm-ph.github.io/phylepic/",NA,knitr,NA,NA,NA,2024-05-31,NA,NA,NA,NA,NA,NA,10.32614/CRAN.package.phylepic,TRUE,FALSE,TRUE,TRUE,2
piecepackr,1.14.1,NA,R (>= 2.10),"affiner (>= 0.1.1), grid, gridGeometry, grImport2, grDevices,
purrr, jpeg, png, R6, rlang, stringr, tibble, tools, utils",NA,"animation (>= 2.7), ggplot2, gifski, gridpattern, magick,
pdftools, rayrender (>= 0.34.3), rayvertex (>= 0.10.4), readobj
(>= 0.4.0), rgl (>= 0.106.8), scales (>= 0.5.0), systemfonts,
testthat, tweenr, vdiffr, xmpdf (>= 0.1.1), XML (>= 3.99-0.9)",NA,MIT + file LICENSE,NA,NA,NA,NA,1beb2e8feaf4bbe1b21a99b55e5f0b59,no,NA,"Trevor L. Davis [aut, cre] (<https://orcid.org/0000-0001-6341-4639>),
  Linux Foundation [dtc] (Uses some data from the ""SPDX License List""
    <https://github.com/spdx/license-list-XML>),
  Delapouite <https://delapouite.com/> [ill] (Meeple shape extracted from
    ""Meeple icon"" <https://game-icons.net/1x1/delapouite/meeple.html> /
    ""CC BY 3.0"" <https://creativecommons.org/licenses/by/3.0/>),
  Creative Commons [ill] (`save_print_and_play()` uses ""license badges""
    from Creative Commons to describe the generated print-and-play
    file's license)","c(person(""Trevor L."", ""Davis"", role=c(""aut"", ""cre""),
             email=""trevor.l.davis@gmail.com"",
             comment = c(ORCID = ""0000-0001-6341-4639"")),
             person(""Linux Foundation"", role=""dtc"",
                    comment = 'Uses some data from the ""SPDX License List"" <https://github.com/spdx/license-list-XML>'),
             person(""Delapouite <https://delapouite.com/>"", role=""ill"",
                     comment = 'Meeple shape extracted from ""Meeple icon"" <https://game-icons.net/1x1/delapouite/meeple.html> / ""CC BY 3.0"" <https://creativecommons.org/licenses/by/3.0/>'),
             person(""Creative Commons"", role=""ill"",
                    comment = '`save_print_and_play()` uses ""license badges"" from Creative Commons to describe the generated print-and-play file\'s license'))",NA,https://github.com/piecepackr/piecepackr/issues,NA,NA,NA,NA,NA,NA,NA,NA,NA,NA,NA,NA,NA,NA,NA,NA,NA,2025-01-12 17:30:01 UTC,"Functions to make board game graphics with the 'ggplot2', 'grid', 'rayrender', 'rayvertex', and 'rgl' packages.  Specializes in game diagrams, animations, and ""Print & Play"" layouts for the 'piecepack' <https://www.ludism.org/ppwiki> but can make graphics for other board game systems.  Includes configurations for several public domain game systems such as checkers, (double-18) dominoes, go, 'piecepack', playing cards, etc.",UTF-8,NA,NA,true,NA,yes,NA,Trevor L. Davis <trevor.l.davis@gmail.com>,NA,2025-01-12 05:01:10 UTC; trevorld,NA,NA,NA,NA,Board Game Graphics,Package,"https://trevorldavis.com/piecepackr/ (blog),
https://trevorldavis.com/R/piecepackr/ (pkgdown),
https://groups.google.com/forum/#!forum/piecepackr (forum)",NA,NA,NA,NA,NA,2025-01-12,NA,NA,NA,NA,NA,NA,10.32614/CRAN.package.piecepackr,TRUE,FALSE,TRUE,FALSE,1
PieGlyph,1.0.0,NA,NA,"ggplot2, dplyr, tidyr, rlang, ggiraph, ggforce, purrr,
forcats, plyr, grid, scales, cli, utils",NA,"spelling, ranger, maps, cowplot, mapproj, knitr, rmarkdown,
testthat (>= 3.0.0), vdiffr",NA,GPL (>= 3),NA,NA,NA,NA,ed6df7e9785a1e21a0d702c187560b0c,no,NA,"Rishabh Vishwakarma [aut, cre]
    (<https://orcid.org/0000-0002-4847-3494>),
  Caroline Brophy [aut],
  Catherine Hurley [aut]","
    c(person(""Rishabh"", ""Vishwakarma"", email = ""vishwakr@tcd.ie"", role = c(""aut"", ""cre""),
             comment = c(ORCID = ""0000-0002-4847-3494"")),
      person(""Caroline"", ""Brophy"", role = ""aut""),
      person(""Catherine"", ""Hurley"", role = ""aut""))",NA,https://github.com/rishvish/PieGlyph/issues,NA,NA,NA,NA,NA,NA,NA,NA,NA,NA,NA,NA,NA,NA,NA,NA,NA,2024-06-28 12:00:02 UTC,"Extends 'ggplot2' to help replace points in a scatter plot with pie-chart glyphs showing the relative proportions of different categories. The pie glyphs are independent of the axes and plot dimensions, to prevent distortions when the plot dimensions are changed.",UTF-8,NA,en-US,NA,NA,NA,NA,Rishabh Vishwakarma <vishwakr@tcd.ie>,NA,2024-06-28 11:10:58 UTC; Administrator,NA,NA,NA,NA,Axis Invariant Scatter Pie Plots,NA,"https://rishvish.github.io/PieGlyph/,
https://github.com/rishvish/PieGlyph",NA,knitr,NA,NA,NA,2024-06-28,NA,DImodelsVis,NA,NA,NA,NA,10.32614/CRAN.package.PieGlyph,TRUE,FALSE,TRUE,FALSE,1
pixiedust,0.9.4,NA,R (>= 3.1.2),"broom, checkmate (>= 1.8.0), htmltools, knitr, labelVector,
magrittr, reshape2, scales",NA,"dplyr, rmarkdown, testthat",NA,GPL (>= 2),NA,NA,NA,NA,f42db3d8ec3c193f3272ea76898681df,no,NA,"Benjamin Nutter [aut, cre],
  David Kretch [ctb]","c(person(""Benjamin"", ""Nutter"", email = ""benjamin.nutter@gmail.com"", role = c(""aut"", ""cre"")),
             person(""David"", ""Kretch"", role = c(""ctb"")))",NA,https://github.com/nutterb/pixiedust/issues,NA,NA,NA,NA,NA,NA,NA,NA,NA,NA,NA,NA,NA,NA,NA,NA,NA,2023-10-10 02:20:02 UTC,"The introduction of the 'broom' package has made converting model
    objects into data frames as simple as a single function. While the 'broom'
    package focuses on providing tidy data frames that can be used in advanced
    analysis, it deliberately stops short of providing functionality for reporting
    models in publication-ready tables. 'pixiedust' provides this functionality with
    a programming interface intended to be similar to 'ggplot2's system of layers
    with fine tuned control over each cell of the table. Options for output include
    printing to the console and to the common markdown formats (markdown, HTML, and
    LaTeX). With a little 'pixiedust' (and happy thoughts) tables can really fly.",NA,NA,NA,NA,NA,NA,NA,Benjamin Nutter <benjamin.nutter@gmail.com>,NA,2023-10-10 01:12:22 UTC; benja,NA,NA,NA,NA,Tables so Beautifully Fine-Tuned You Will Believe It's Magic,NA,https://github.com/nutterb/pixiedust,NA,knitr,NA,NA,NA,2023-10-10,NA,NA,NA,goldfish,NA,NA,10.32614/CRAN.package.pixiedust,TRUE,FALSE,TRUE,FALSE,1
pkggraph,0.2.3,NA,"R (>= 3.5.0), ggnetwork (>= 0.5.1), ggplot2 (>= 2.2.1),
data.table (>= 1.10.4)","curl (>= 2.5), dplyr (>= 0.5.0), htmltools (>= 0.3.5), igraph
(>= 1.0.1), intergraph (>= 2.0.2), Matrix (>= 1.2.10),
networkD3 (>= 0.4), network (>= 1.13.0), RColorBrewer (>=
1.1.2), tibble (>= 1.3.0), tools, utils, plyr (>= 1.8.4)",NA,"knitr (>= 1.15.1), rmarkdown (>= 1.4), magrittr (>= 1.5), sna
(>= 2.4), statnet.common (>= 3.3.0), BiocManager (>= 1.30.4)",NA,GPL-3,NA,NA,NA,NA,881927940178d015555d3eaecb34f6c8,no,NA,"KS Srikanth [aut, cre],
  Singh Nikhil [aut]","c(
    person(""KS"", ""Srikanth"", email = ""sri.teach@gmail.com"", role = c(""aut"", ""cre"")),
    person(""Singh"", ""Nikhil"", email = ""nikhilsingh2009@gmail.com"", role = c(""aut""))
    )",NA,https://github.com/talegari/pkggraph/issues,NA,NA,NA,NA,NA,NA,NA,NA,NA,NA,NA,NA,NA,NA,NA,NA,NA,2018-11-15 09:50:03 UTC,Interactively explore various dependencies of a package(s) (on the Comprehensive R Archive Network Like repositories) and perform analysis using tidy philosophy. Most of the functions return a 'tibble' object (enhancement of 'dataframe') which can be used for further analysis. The package offers functions to produce 'network' and 'igraph' dependency graphs. The 'plot' method produces a static plot based on 'ggnetwork' and 'plotd3' function produces an interactive D3 plot based on 'networkD3'.,UTF-8,NA,NA,NA,NA,NA,NA,KS Srikanth <sri.teach@gmail.com>,NA,2018-11-15 09:09:59 UTC; srikanth,NA,NA,NA,NA,"A Consistent and Intuitive Platform to Explore the Dependencies
of Packages on the Comprehensive R Archive Network Like
Repositories",Package,https://github.com/talegari/pkggraph,NA,knitr,NA,NA,NA,2018-11-15,NA,NA,NA,NA,NA,NA,10.32614/CRAN.package.pkggraph,TRUE,TRUE,FALSE,FALSE,1
plotdap,1.0.3,NA,R (>= 4.3.0),"cmocean, dplyr, gganimate, ggnewscale, ggplot2 (>= 3.1.0),
lazyeval, lubridate, magrittr, mapdata, maps, raster, rerddap
(>= 0.8.0), scales, sf, tidyr, viridis",NA,"Cairo, knitr, rmarkdown, testthat",NA,MIT + file LICENSE,NA,NA,NA,NA,ad2a340893eac0731cbd8d3871e96adb,no,NA,"Carson Sievert [aut],
  Roy Mendelssohn [aut, ctb, cre]","c(
    person(""Carson"", ""Sievert"", role = ""aut""),
    person(""Roy"", ""Mendelssohn"", role = c(""aut"", ""ctb"", ""cre""), email = ""roy.mendelssohn@noaa.gov""))",NA,https://github.com/rmendels/plotdap/issues,NA,NA,NA,NA,NA,NA,NA,NA,NA,NA,NA,NA,NA,NA,NA,NA,2023-10-17,2023-10-17 22:00:15 UTC,"Easily visualize and animate 'tabledap' and 'griddap' objects obtained via the 'rerddap' package in a simple one-line command,  using either base graphics or 'ggplot2' graphics. 'plotdap' handles extracting and reshaping the data,  map projections and continental outlines.  Optionally the data can be animated through time using the 'gganmiate' package.",UTF-8,NA,NA,true,NA,NA,NA,Roy Mendelssohn <roy.mendelssohn@noaa.gov>,NA,2023-10-17 21:21:58 UTC; rmendels,NA,NA,NA,NA,"Easily Visualize Data from 'ERDDAP' Servers via the 'rerddap'
Package",NA,https://github.com/rmendels/plotdap,NA,knitr,NA,NA,NA,2023-10-17,NA,rerddapXtracto,NA,NA,NA,NA,10.32614/CRAN.package.plotdap,TRUE,FALSE,TRUE,FALSE,1
plotDK,0.1.0,NA,R (>= 4.0),"dplyr, ggplot2 (>= 3.1.0), mapproj, plotly, purrr, rlang",NA,testthat,NA,MIT + file LICENSE,NA,NA,NA,NA,9a022c6e90492a54f0c3f738a3d52781,no,NA,"Kristian Stendorff Nielsen [aut, cre]","
    person(given = ""Kristian Stendorff"",
           family = ""Nielsen"",
           role = c(""aut"", ""cre""),
           email = ""krisdorff@hotmail.com"")",NA,NA,NA,NA,NA,NA,NA,NA,NA,NA,NA,NA,NA,NA,NA,NA,NA,NA,NA,2021-10-01 08:00:02 UTC,"Provides a ggplot2 front end to plot summary statistics on danish provinces,
    regions, municipalities, and zipcodes. The needed geoms of each of the four levels are 
    inherent in the package, thus making these types of plots easy for the user. This is essentially 
    an updated port of the previously available 'mapDK' package by Sebastian Barfort.",UTF-8,NA,NA,true,NA,NA,NA,Kristian Stendorff Nielsen <krisdorff@hotmail.com>,NA,2021-09-30 12:43:23 UTC; W20201,NA,NA,NA,NA,"Plot Summary Statistics as Choropleth Maps of Danish
Administrative Areas",NA,NA,NA,NA,NA,NA,NA,2021-10-01,NA,NA,NA,NA,NA,NA,10.32614/CRAN.package.plotDK,TRUE,FALSE,TRUE,FALSE,1
PlotFTIR,1.1.0,NA,R (>= 3.3),"cli, rlang, scales",NA,"testthat (>= 3.0.0), withr, ggplot2 (>= 3.0.0), gghighlight,
ggthemes, knitr, rmarkdown, ir, ChemoSpec, R.utils",NA,GPL (>= 3),NA,NA,NA,NA,46007b6af574ee5dce8603c434b51d26,no,NA,"Philip Bulsink [aut, cre] (<https://orcid.org/0000-0001-9668-2429>),
  Ulrich Makanda [trl] (Translated documentation to French/Traduire la
    documentation en français),
  His Majesty the King in Right of Canada, as represented by the Minister
    of Natural Resources [cph]","c(
    person(given = ""Philip"", family = ""Bulsink"", email = ""philip.bulsink@nrcan-rncan.gc.ca"", 
           role = c(""aut"", ""cre""), comment = c(ORCID = ""0000-0001-9668-2429"")),
    person(given = ""Ulrich"", family = ""Makanda"", email = ""ulrich.makanda@nrcan-rncan.gc.ca"", 
           role = ""trl"", comment = c(""Translated documentation to French/Traduire la documentation en français"")),
    person(""His Majesty the King in Right of Canada, as represented by the Minister of Natural Resources"",
           role = 'cph')      
    )",NA,https://github.com/NRCan/PlotFTIR/issues,NA,NA,NA,NA,NA,NA,NA,NA,NA,NA,NA,NA,NA,NA,NA,NA,NA,2025-02-05 15:10:02 UTC,"The goal of 'PlotFTIR' is to easily and quickly kick-start the production of journal-quality Fourier Transform Infra-Red (FTIR) spectral plots in R using 'ggplot2'. The produced plots can be published directly or further modified by 'ggplot2' functions.
    L'objectif de 'PlotFTIR' est de démarrer facilement et rapidement la production des tracés spectraux de spectroscopie infrarouge à transformée de Fourier (IRTF) de qualité journal dans R à l'aide de 'ggplot2'. Les tracés produits peuvent être publiés directement ou modifiés davantage par les fonctions 'ggplot2'.",UTF-8,NA,NA,true,NA,NA,NA,Philip Bulsink <philip.bulsink@nrcan-rncan.gc.ca>,NA,2025-02-05 14:41:21 UTC; pbulsink,NA,NA,NA,NA,Plot FTIR Spectra,Package,https://github.com/NRCan/PlotFTIR,NA,knitr,NA,NA,NA,2025-02-05,NA,NA,NA,NA,NA,NA,10.32614/CRAN.package.PlotFTIR,TRUE,FALSE,TRUE,FALSE,1
plotGMM,0.2.2,NA,NA,"methods, wesanderson, amerika, ggplot2",NA,"mixtools, testthat, graphics",NA,MIT + file LICENSE,NA,NA,NA,NA,9d48bcfbba26fd776d5cb4754c322a7d,no,NA,"Philip Waggoner [aut, cre],
  Fong Chan [aut]","c(person(""Philip"", ""Waggoner"", role = c(""aut"", ""cre""), email = ""philip.waggoner@gmail.com""),
             person(""Fong"", ""Chan"", role = ""aut""))",NA,NA,NA,NA,NA,NA,NA,NA,NA,NA,NA,NA,NA,NA,NA,NA,NA,NA,NA,2020-07-07 19:10:03 UTC,"The main function, plot_GMM, is used for plotting output from Gaussian mixture models (GMMs), 
    including both densities and overlaying mixture weight component curves from the fit GMM. The package
    also include the function, plot_cut_point, which plots the cutpoint (mu) from the GMM over a histogram
    of the distribution with several color options. Finally, the package includes the function, plot_mix_comps, 
    which is used in the plot_GMM function, and can be used to create a custom plot for overlaying mixture 
    component curves from GMMs. For the plot_mix_comps function, usage most often will be specifying 
    the ""fun"" argument within ""stat_function"" in a ggplot2 object.",UTF-8,NA,NA,true,NA,NA,NA,Philip Waggoner <philip.waggoner@gmail.com>,NA,2020-07-07 18:46:59 UTC; philipwaggoner,NA,NA,NA,NA,Tools for Visualizing Gaussian Mixture Models,Package,NA,NA,NA,NA,NA,NA,2020-07-07,NA,NA,NA,NA,NA,NA,10.32614/CRAN.package.plotGMM,TRUE,FALSE,TRUE,FALSE,1
plothelper,0.1.9,NA,"R (>= 3.6.0), ggplot2 (>= 3.3.0)","plyr, ggfittext (>= 0.8.1), magick, grid, gridExtra, scales,
farver",NA,NA,NA,GPL-3,NA,NA,NA,NA,11b88475b1983b4153ae05ab4a8cf663,no,NA,"Jiang Wu [aut, cre] (from Capital Normal University)","c(person(""Jiang"", ""Wu"", role = c(""aut"", ""cre""),
					email = ""textidea@sina.com"",
                    comment = ""from Capital Normal University""))",NA,NA,NA,NA,NA,NA,NA,NA,NA,NA,NA,NA,NA,NA,NA,NA,NA,NA,2020-05-08,2020-05-08 08:40:10 UTC,"An extension to 'ggplot2' and 'magick'. It contains 
    three groups of functions: Functions in the first group draw 'ggplot2' - based plots: geom_shading_bar() draws barplot 
	with shading colors in each bar. geom_rect_cm(), geom_circle_cm() and geom_ellipse_cm() draw rectangles, circles 
	and ellipses with centimeter as their unit. Thus their sizes do not change when the coordinate system or the aspect ratio 
	changes. annotation_transparent_text() draws labels with transparent texts. annotation_shading_polygon() draws irregular 
	polygons with shading colors. Functions in the second group generate coordinates for regular shapes and make linear transformations. Functions in the third group are 'magick' - based functions facilitating image processing.",UTF-8,NA,NA,true,NA,true,NA,Jiang Wu <textidea@sina.com>,NA,2020-05-07 18:00:37 UTC; useruser,NA,NA,NA,NA,"New Plots Based on 'ggplot2' and Functions to Create Regular
Shapes",Package,https://github.com/githubwwwjjj/plothelper/blob/master/README.md,NA,NA,NA,NA,NA,2020-05-08,NA,NA,NA,NA,NA,NA,10.32614/CRAN.package.plothelper,TRUE,FALSE,TRUE,TRUE,2
plotluck,1.1.1,NA,R (>= 3.1),"grid, Hmisc (>= 3.17.4), quantreg (>= 5.26), scales (>=
0.4.1), plyr (>= 1.8.4), hexbin (>= 1.27.1), RColorBrewer (>=
1.1.2), ggplot2 (>= 2.2.0)",NA,"testthat, ggplot2movies, mgcv, nlme, knitr, rmarkdown,
gapminder",NA,MIT + file LICENSE,NA,NA,NA,NA,39d0896b86f8e9020b3a586938f627c6,no,NA,"Stefan Schroedl [aut, cre]","person(""Stefan"", ""Schroedl"", , ""stefan.schroedl@gmx.de"", c(""aut"", ""cre""))",NA,https://github.com/stefan-schroedl/plotluck/issues,NA,NA,NA,NA,NA,NA,NA,NA,NA,NA,NA,NA,NA,NA,NA,NA,NA,2019-06-26 11:50:03 UTC,"Examines the characteristics of a data frame and a formula to
    automatically choose the most suitable type of plot out of the following supported
    options: scatter, violin, box, bar, density, hexagon bin, spine plot, and
    heat map. The aim of the package is to let the user focus on what to plot,
    rather than on the ""how"" during exploratory data analysis. It also automates
    handling of observation weights, logarithmic axis scaling, reordering of
    factor levels, and overlaying smoothing curves and median lines. Plots are
    drawn using 'ggplot2'.",NA,NA,NA,true,NA,NA,NA,Stefan Schroedl <stefan.schroedl@gmx.de>,NA,2019-06-26 09:28:06 UTC; stefan,NA,NA,NA,NA,"'ggplot2' Version of ""I'm Feeling Lucky!""",NA,https://github.com/stefan-schroedl/plotluck,NA,knitr,NA,NA,NA,2019-06-26,NA,NA,NA,NA,NA,NA,10.32614/CRAN.package.plotluck,TRUE,FALSE,TRUE,FALSE,1
plotly,4.10.4,NA,"R (>= 3.2.0), ggplot2 (>= 3.0.0)","tools, scales, httr (>= 1.3.0), jsonlite (>= 1.6), magrittr,
digest, viridisLite, base64enc, htmltools (>= 0.3.6),
htmlwidgets (>= 1.5.2.9001), tidyr (>= 1.0.0), RColorBrewer,
dplyr, vctrs, tibble, lazyeval (>= 0.2.0), rlang (>= 0.4.10),
crosstalk, purrr, data.table, promises",NA,"MASS, maps, hexbin, ggthemes, GGally, ggalluvial, testthat,
knitr, shiny (>= 1.1.0), shinytest (>= 1.3.0), curl, rmarkdown,
Cairo, broom, webshot, listviewer, dendextend, sf, png,
IRdisplay, processx, plotlyGeoAssets, forcats, withr,
palmerpenguins, rversions, reticulate, rsvg",NA,MIT + file LICENSE,NA,NA,NA,NA,2b5620465fc14e4b294be3a18ffc2115,no,NA,"Carson Sievert [aut, cre] (<https://orcid.org/0000-0002-4958-2844>),
  Chris Parmer [aut],
  Toby Hocking [aut],
  Scott Chamberlain [aut],
  Karthik Ram [aut],
  Marianne Corvellec [aut] (<https://orcid.org/0000-0002-1994-3581>),
  Pedro Despouy [aut],
  Salim Brüggemann [ctb] (<https://orcid.org/0000-0002-5329-5987>),
  Plotly Technologies Inc. [cph]","c(person(""Carson"", ""Sievert"", role = c(""aut"", ""cre""),
    email = ""cpsievert1@gmail.com"", comment = c(ORCID = ""0000-0002-4958-2844"")),
    person(""Chris"", ""Parmer"", role = ""aut"",
    email = ""chris@plot.ly""),
    person(""Toby"", ""Hocking"", role = ""aut"",
    email = ""tdhock5@gmail.com""),
    person(""Scott"", ""Chamberlain"", role = ""aut"",
    email = ""myrmecocystus@gmail.com""),
    person(""Karthik"", ""Ram"", role = ""aut"",
    email = ""karthik.ram@gmail.com""),
    person(""Marianne"", ""Corvellec"", role = ""aut"",
    email = ""marianne.corvellec@igdore.org"", comment = c(ORCID = ""0000-0002-1994-3581"")),
    person(""Pedro"", ""Despouy"", role = ""aut"",
    email = ""pedro@plot.ly""),
    person(""Salim"", ""Brüggemann"", role = ""ctb"",
    email = ""salim-b@pm.me"", comment = c(ORCID = ""0000-0002-5329-5987"")),
    person(""Plotly Technologies Inc."", role = ""cph""))",NA,https://github.com/plotly/plotly.R/issues,NA,NA,NA,NA,NA,NA,NA,NA,NA,NA,NA,NA,NA,NA,NA,NA,NA,2024-01-13 22:40:02 UTC,Create interactive web graphics from 'ggplot2' graphs and/or a custom interface to the (MIT-licensed) JavaScript library 'plotly.js' inspired by the grammar of graphics.,UTF-8,NA,NA,true,NA,NA,NA,Carson Sievert <cpsievert1@gmail.com>,NA,2024-01-13 20:51:33 UTC; cpsievert,NA,NA,NA,NA,Create Interactive Web Graphics via 'plotly.js',NA,"https://plotly-r.com, https://github.com/plotly/plotly.R,
https://plotly.com/r/",NA,NA,NA,NA,NA,2024-01-13,"cdparcoord, Eagle, epimdr2, ExpAnalysis3d, GEOexplorer, Greymodels, heatmaply, hypercube, iCellR, lotterybr, MatrixQCvis, multichull, navigation, neodistr, optimos.prime, personalized, PlotBivInvGaus, ProjectManagement, RCAS, ridgregextra, sangeranalyseR, shinyHugePlot, success, TestGardener, TPLSr","abseqR, actfts, AdaptGauss, AeRobiology, airship, AlphaBeta, AnalysisLin, animalcules, animbook, ANOVAIREVA, antaresViz, AnVILBilling, APIS, APL, archeoViz, artMS, arulesViz, AtmChile, autoplotly, AutoScore, autoTS, bamm, bayesassurance, BayesianNetwork, betaclust, BETS, bibliometrix, BIGL, bipl5, blsBandit, boxly, bridger2, bulletr, CA3variants, CALANGO, CalcThemAll.PRM, CaPO4Sim, cartograflow, catmaply, cats, CAvariants, CCWeights, Certara.DarwinReporter, Certara.ModelResults, Certara.R, Certara.VPCResults, ChAMP, cheem, ChemoSpec, ChemoSpecUtils, ChestVolume, CHETAH, ChromSCape, chromVAR, chronicle, CICA, CircSeqAlignTk, cities, citmre, CluMSID, clusEvol, ClustAssess, CNViz, coefplot, CohortPlat, colordistance, colorfindr, colorrepel, comapr, compSPOT, CopulaCenR, CoreMicrobiomeR, correlationfunnel, corrViz, CoSIA, covid19.analytics, covid19sf, CRISPRball, cryptoQuotes, ctrialsgov, cylcop, CytoPipelineGUI, DA, datacleanr, DCSmooth, deaR, debrowser, DegNorm, dendroTools, DEploid, DesignCTPB, dfrr, directPA, DiscoRhythm, discoveR, div, diveMove, doublIn, drugDemand, DSAIDE, DSAIRM, dsld, DynNom, eAnalytics, easylabel, easysurv, ecr, effectplots, EGSEA, EHRtemporalVariability, ELMER, enpls, eoffice, EpiCompare, epitweetr, epiworldRShiny, eRTG3D, estadistica, EventDetectGUI, eventPred, EventPredInCure, evoTS, evprof, explainer, explore, famat, fastml, fastTopics, fdapaceShiny, FielDHub, fitlandr, flowcatchR, forensicolors, FORTLS, FRASER, gap, GeDi, GeneTonic, GenomicSuperSignature, geocmeans, geoheatmap, ggalt, ggenealogy, ggmosaic, ggplotgui, ggplotlyExtra, ggquickeda, ggResidpanel, ggseg3d, gINTomics, glmmSeq, GMDH2, godley, gprofiler2, GrafGen, greeks, GRmetrics, GTFSwizard, gwid, gwpcormapper, healthyR, healthyR.ts, HiCool, hydrotoolbox, hydroToolkit, ideal, iglu, iMediate, INSPECTumours, InterCellar, inventorize, IOHanalyzer, iraceplot, Isinglandr, iSTATS, ivygapSE, kerastuneR, kesernetwork, kindisperse, kollaR, latentcor, LCMSQA, LDAShiny, lfproQC, LightLogR, locuszoomr, lomb, lsirm12pl, manhattanly, mappoly, matman, MCAvariants, MDMAPR, memapp, MendelianRandomization, metalite.sl, MetAlyzer, metaquant, microbiomeExplorer, midi, MiMIR, miRetrieve, misspi, mixtools, MixviR, mizer, mmaqshiny, Modelcharts, modeltime, modeltime.resample, modsem, MRZero, MsQuality, MSstats, MSstatsQC, MSstatsQCgui, MSstatsShiny, MSstatsTMT, MTest, multilevelcoda, MultivariateAnalysis, musicatk, myClim, NCA, neptune, netShiny, NetSimR, ngsReports, NIMAA, normfluodbf, oceanmap, octad, omicsViewer, OpenSpecy, OUTRIDER, PAsso, PathoStat, pcaExplorer, Pedixplorer, PERK, phase, phecodemap, phenomis, PhyloProfile, pingers, Plasmidprofiler, plotDK, PolySTest, powdR, PoweREST, PPQplan, ppseq, predictmeans, prettyglm, previsionio, processmapR, processpredictR, ProjectionBasedClustering, protGear, protti, PSS.Health, ptairMS, PublicWorksFinanceIT, QFeatures, Qindex, r6qualitytools, radiant.data, rassta, RawHummus, RchivalTag, refund.shiny, rENA, revtools, Rfssa, RiboCrypt, RMixtComp, RMixtCompUtilities, rmoo, rMultiNet, Rnmr1D, roahd, ROCsurf, ropls, roptions, rPackedBar, rrr, RSDA, rsurface, RTL, ruminate, RVA, safetyCharts, SARC, scanMiRApp, scider, scR, scRNAseqApp, scTensor, scTGIF, SCVA, SEAHORS, sendigR, sensitivityCalibration, SensMap, SeqSQC, Seurat, sglg, sherlock, shinipsum, shinyCLT, shinydlplot, shinyepico, shinyHeatmaply, shinyMixR, shinyML, shinymodels, shinyMolBio, ShinyQuickStarter, shinyr, SIAmodules, Sie2nts, simlandr, SIMle, SimSurvey, singleCellTK, singscore, sleeperapi, sparrow, SPARTAAS, SpatFD, spatialLIBD, spectralAnalysis, spinifex, SpliceWiz, squallms, SqueakR, squid, SRTsim, Statial, SteppedPower, strvalidator, survidm, synergyfinder, systemPipeShiny, systemPipeTools, tabledown, tagtools, tall, tcgaViz, TCIU, tcpl, teal.slice, Tendril, tidyCDISC, TidyDensity, tidygate, tidyseurat, tidySpatialExperiment, timetk, tolerance, tomoseqr, TOP, topoDistance, trace, trackeRapp, tripr, TSAR, tsibbletalk, TSstudio, tsviz, ttservice, umiAnalyzer, UnalR, validmind, VertexWiseR, viewpoly, vistime, Visualize.CRAN.Downloads, vivaldi, voiceR, volcano3D, vvshiny, WeibullR.plotly, weibulltools, wilson, wqtrends, Xplortext, yuimaGUI",NA,"accept, afcharts, AlpsNMR, asteRisk, AUCell, BatchQC, BCEA, BeeBDC, bigstatsr, BioNAR, boodist, camtrapR, CIARA, circularEV, cito, clinUtils, clustcurv, CNVScope, CohortCharacteristics, colorpatch, cols4all, ComBatFamQC, ConsensusOPLS, contsurvplot, coronavirus, COTAN, coveffectsplot, covid19br, cSEM, cubble, dartR.base, dataquieR, DataVisualizations, dittoSeq, dittoViz, DRomics, DRquality, DrugExposureDiagnostics, EDCimport, EIAapi, enviGCMS, esetVis, esquisse, FCPS, flacco, flexOR, flipr, formods, forrel, frailtyEM, fssemR, GeneralizedUmatrix, genieBPC, geslaR, ggfacto, ggmice, ggVennDiagram, gsean, GSVA, h2o, healthyR.ai, Hmisc, hmsidwR, HVT, HYPEtools, IceSat2R, idbr, inferCSN, innsight, iNZightPlots, ISAnalytics, kDGLM, LearnPCA, lessSEM, lipidr, lnmixsurv, Luminescence, MagmaClustR, manipulateWidget, matter, MetaboAnnotation, methrix, MetricGraph, MitoHEAR, mlr3spatiotempcv, MMOC, mort, mosaicCalc, msqrob2, mvSUSY, NanoTube, NeuralSens, OmicNavigator, OmopViewer, onlineforecast, optedr, pairedGSEA, parcats, PaRe, pcadapt, pctax, pcutils, penfa, PerformanceAnalytics, phenocamr, PhenotypeR, pmartR, POMA, pvLRT, Racmacs, RAINBOWR, RaMS, RcmdrPlugin.EZR, rfm, RforProteomics, ribd, rliger, rms, romic, rrvgo, rwalkr, ScatterDensity, SCdeconR, scDiffCom, scone, scPipe, SDModels, sentopics, sfo, shiny.fluent, shiny.semantic, shiny.telemetry, ShinyItemAnalysis, shinyjqui, shinytest2, smoof, snotelr, spatialHeatmap, SPIAT, staRdom, strand, sugrrants, synr, TEKRABber, TFEA.ChIP, tidySingleCellExperiment, tidySummarizedExperiment, tourr, TreatmentPatterns, TreeDist, treefit, trelliscopejs, UCSCXenaShiny, USgas, USgrid, vetiver, villager, visdat, ViSe, visOmopResults, vsd, WRTDStidal, WVPlots, xplorerr, xpose, ycevo","plotlyGeoAssets, repr",NA,10.32614/CRAN.package.plotly,TRUE,FALSE,TRUE,FALSE,1
plotor,0.5.2,NA,R (>= 4.1.0),"broom, cli, dplyr, forcats, ggplot2, glue, purrr, rlang,
scales, stats, stringr, tidyselect",NA,"datasets, knitr, labelled, rmarkdown, testthat (>= 3.0.0),
tidyr",NA,MIT + file LICENSE,NA,NA,NA,NA,4ddcfa65eed3102cdc3e1efd4d35ed2e,no,NA,"Craig Parylo [aut, cre, cph] (<https://orcid.org/0000-0003-4297-7808>)","
  person(
    'Craig', 'Parylo', 
    email = 'craig.parylo2@nhs.net', 
    role = c('aut', 'cre', 'cph'),
    comment = c(ORCID = '0000-0003-4297-7808')
  )",NA,https://github.com/craig-parylo/plotor/issues,NA,NA,NA,NA,NA,NA,NA,NA,NA,NA,NA,NA,NA,NA,NA,NA,NA,2025-02-09 11:50:02 UTC,"Produces an Odds Ratio (OR) Plot to visualise the result of a 
    logistic regression analysis.
    Provide it with a binomial regression model produced by 'glm()' and it will 
    convert the estimates to odds ratios with a 95% confidence interval and 
    plot the results using 'ggplot2'.",UTF-8,NA,NA,NA,NA,NA,NA,Craig Parylo <craig.parylo2@nhs.net>,NA,2025-02-09 11:36:06 UTC; craigparylo,NA,NA,NA,NA,Produces an Odds Ratio Plot from a Logistic Regression Model,Package,"https://github.com/craig-parylo/plotor,
https://craig-parylo.github.io/plotor/",NA,knitr,NA,NA,NA,2025-02-09,NA,NA,NA,NA,NA,NA,10.32614/CRAN.package.plotor,TRUE,FALSE,TRUE,FALSE,1
plotscale,0.1.6,NA,NA,"grid, graphics",NA,"knitr, rmarkdown, lattice, ggplot2",NA,GPL-3,NA,NA,NA,NA,51b222c1202ad036e8287fdb374f0fc6,no,NA,Tim Bergsma,NA,NA,NA,NA,NA,NA,NA,NA,NA,NA,NA,NA,NA,NA,NA,NA,NA,NA,NA,NA,2018-08-31 18:10:03 UTC,"Figures rendered on graphics devices are usually 
 rescaled to fit pre-determined device dimensions. 'plotscale' 
 implements the reverse: desired plot dimensions are specified 
 and device dimensions are calculated to accommodate marginal
 material, giving consistent proportions for plot elements.
 Default methods support grid graphics such as lattice and ggplot.
 See ""example('devsize')"" and ""vignette('plotscale')"".",UTF-8,NA,NA,true,NA,NA,NA,Tim Bergsma <bergsmat@gmail.com>,NA,2018-08-27 14:56:27 UTC; tbergsma,NA,NA,NA,NA,Scale Graphics Devices Using Plot Dimensions,Package,NA,NA,knitr,NA,NA,NA,2018-08-31,NA,NA,NA,NA,NA,NA,10.32614/CRAN.package.plotscale,TRUE,FALSE,TRUE,FALSE,1
plotthis,0.5.1,NA,R (>= 4.0.0),"circlize, ggplot2, rlang, dplyr, tidyr, glue, forcats, gtable,
reshape2, stringr, scales, gridtext, methods, patchwork,
ggrepel, ggnewscale, cowplot, zoo",NA,"testthat, alluvial, datasets, ComplexHeatmap, clustree,
gglogger, ggwordcloud, ggalluvial, ggVennDiagram (>= 1.5.0),
ggupset, ggpubr, ggforce, ggraph, ggridges, hexbin, igraph,
iNEXT, scattermore, concaveman, plotROC, OptimalCutpoints",NA,GPL (>= 3),NA,NA,NA,NA,c828abca01755a5e6208e533ffeb7aa7,no,NA,"Panwen Wang [aut, cre] (<https://orcid.org/0000-0002-4614-8970>)","
    person(""Panwen"", ""Wang"", , ""pwwang@pwwang.com"", role = c(""aut"", ""cre""),
           comment = c(ORCID = ""0000-0002-4614-8970""))",NA,https://github.com/pwwang/plotthis/issues,NA,NA,NA,NA,NA,NA,NA,NA,NA,NA,NA,NA,NA,NA,NA,NA,NA,2025-02-04 22:10:02 UTC,"Provides high-level API and a wide range of options to create stunning, publication-quality plots effortlessly.
    It is built upon 'ggplot2' and other plotting packages, and is designed to be easy to use and to work seamlessly with 'ggplot2' objects.
    It is particularly useful for creating complex plots with multiple layers, facets, and annotations.
    It also provides a set of functions to create plots for specific types of data, such as Venn diagrams, alluvial diagrams, and phylogenetic trees.
    The package is designed to be flexible and customizable, and to work well with the 'ggplot2' ecosystem.
    The API can be found at <https://pwwang.github.io/plotthis/reference/index.html>.",UTF-8,NA,NA,true,NA,NA,NA,Panwen Wang <pwwang@pwwang.com>,NA,2025-02-04 21:44:55 UTC; pwwang,NA,NA,NA,NA,"High-Level Plotting Built Upon 'ggplot2' and Other Plotting
Packages",NA,"https://github.com/pwwang/plotthis
https://pwwang.github.io/plotthis/",NA,NA,NA,NA,NA,2025-02-04,NA,NA,NA,NA,NA,NA,10.32614/CRAN.package.plotthis,TRUE,FALSE,TRUE,FALSE,1
predict3d,0.1.5,NA,R (>= 3.3.0),"ggplot2(>= 3.1.0), rgl(>= 1.0.1), dplyr, ggiraphExtra, modelr,
purrr, rlang, stringr, magrittr, stats, reshape2, plyr, tidyr",NA,"moonBook, TH.data, knitr, rmarkdown",NA,GPL-2,NA,NA,NA,NA,3ab932d9e3253c22aa77bac5807ff0f6,no,NA,"Keon-Woong Moon [aut, cre]","person(""Keon-Woong"",""Moon"", role=c(""aut"", ""cre""),email=""cardiomoon@gmail.com"")",NA,https://github.com/cardiomoon/predict3d/issues,NA,NA,NA,NA,NA,NA,NA,NA,NA,NA,NA,NA,NA,NA,NA,NA,NA,2024-04-05 02:40:02 UTC,"Draw 2 dimensional and three dimensional plot for multiple regression models using package 'ggplot2' and 'rgl'.
   Supports linear models (lm), generalized linear models (glm) and local polynomial regression fittings (loess).  ",UTF-8,NA,NA,NA,NA,NA,NA,Keon-Woong Moon <cardiomoon@gmail.com>,NA,2024-04-05 01:43:24 UTC; cardiomoon,NA,NA,NA,NA,Draw Three Dimensional Predict Plot Using Package 'rgl',Package,https://github.com/cardiomoon/predict3d,NA,knitr,NA,NA,NA,2024-04-05,NA,NA,NA,NA,NA,NA,10.32614/CRAN.package.predict3d,TRUE,FALSE,TRUE,FALSE,1
profiplots,0.2.3,NA,NA,ggplot2 (>= 3.2.0),NA,"tidyverse, qpdf, scales, purrr, forcats, dplyr, knitr,
rmarkdown, ggalluvial, ggrepel, testthat (>= 3.0.0)",NA,MIT + file LICENSE,NA,NA,NA,NA,967844291c3258f9bfa9eaf483d48969,no,NA,"Dominik Matula [aut, cre],
  Profinit EU, Ltd. [cph, fnd]","c(
    person(""Dominik"", ""Matula"", , ""dominik.matula@profinit.eu"", role = c(""aut"", ""cre"")),
    person(""Profinit EU, Ltd."", role = c(""cph"", ""fnd"")))",NA,NA,NA,NA,NA,NA,NA,NA,NA,NA,NA,NA,NA,NA,NA,NA,NA,NA,NA,2023-11-16 11:20:07 UTC,"Help unify visual output of R analyses in the Profinit EU company. 
  So far, there are color and fill scales for 'ggplot2', plotting theme for 
  'ggplot2', color palettes and utils to make the tools default choices.",UTF-8,NA,NA,NA,NA,NA,NA,Dominik Matula <dominik.matula@profinit.eu>,NA,2023-11-13 12:07:44 UTC; dmatula,NA,NA,NA,NA,Profinit Plotting Theme,NA,https://profinit.eu,NA,knitr,NA,NA,NA,2023-11-16,NA,NA,NA,NA,NA,NA,10.32614/CRAN.package.profiplots,TRUE,FALSE,TRUE,FALSE,1
ProtE,1.0.3,NA,R (>= 2.10),"dplyr, vegan, UniprotR, stringr, missRanger, car, openxlsx,
tidyr, broom, reshape2, ggpubr, ggplot2, VIM, forcats,
grDevices, grid, limma, pheatmap,",NA,"BiocManager, rmarkdown, knitr",NA,MIT + file LICENSE,NA,NA,NA,NA,a8b4e61fa5562310748f2fe88aa1742f,no,NA,"Theodoros Margelos [aut, cre, cph],
  Rafael Stroggilos [ctb, cph]","
    c(person(""Theodoros"", ""Margelos"", email = ""ted.margelos02@gmail.com"",role = c(""aut"",""cre"",""cph"")),
    person(""Rafael"", ""Stroggilos"", email = ""rstrog@bioacademy.gr"", role = c(""ctb"",""cph"")))",NA,https://github.com/theomargel/ProtE/issues,NA,NA,NA,NA,NA,NA,NA,NA,NA,NA,NA,NA,NA,NA,NA,NA,NA,2025-02-18 10:40:02 UTC,"The 'Proteomics Eye' ('ProtE') offers a comprehensive and intuitive framework for the univariate analysis of label-free proteomics data. By integrating essential data wrangling and processing steps into a single function, 'ProtE' streamlines pairwise statistical comparisons for categorical variables. It provides quality checks and generates publication-ready visualizations, enabling efficient and robust data analysis. 'ProtE' is compatible with proteomics data outputs from 'MaxQuant' (Cox & Mann, (2008) <doi:10.1038/nbt.1511>), 'DIA-NN' (Demichev et al., (2020) <doi:10.1038/s41592-019-0638-x>), and 'Proteome Discoverer' (Thermo Fisher Scientific, version 2.5). The package leverages 'ggplot2' for visualization (Wickham, (2016) <doi:10.1007/978-3-319-24277-4>) and 'limma' for statistical analysis (Ritchie et al., (2015) <doi:10.1093/nar/gkv007>).",UTF-8,NA,en-US,NA,NA,NA,NA,Theodoros Margelos <ted.margelos02@gmail.com>,NA,2025-02-18 10:11:46 UTC; tedma,NA,NA,NA,NA,"Processing Proteomics Data, Statistical Analysis and
Visualization",Package,https://github.com/theomargel/ProtE,NA,knitr,NA,NA,NA,2025-02-18,NA,NA,NA,NA,NA,NA,10.32614/CRAN.package.ProtE,TRUE,FALSE,TRUE,FALSE,1
pubh,2.0.0,NA,"R (>= 4.4.0), emmeans, ggformula, stats","car, dplyr, Epi, epitools, ggplot2, jtools, lmtest,
performance, sandwich, sjlabelled, sjmisc, survival, tibble,
tidyselect",NA,"broom, broom.helpers, cardx, crosstable, easystats,
effectsize, ggeffects, ISwR, knitr, MASS, nlme, rstatix",NA,GPL-2,NA,NA,NA,NA,9da982b24c8f066650503a62ff5101ea,no,NA,"Josie Athens [aut, cre],
  Frank Harell [ctb],
  John Fox [ctb],
  R-Core [ctb]","c(
    person(""Josie"", ""Athens"", email = ""josie.athens@gmail.com"", role = c(""aut"", ""cre"")),
    person(""Frank"", ""Harell"", email = ""f.harrell@vanderbilt.edu"", role = ""ctb""),
    person(""John"", ""Fox"", email = ""jfox@mcmaster.ca"", role = ""ctb""),
    person(""R-Core"", role=""ctb""))",NA,https://github.com/josie-athens/pubh/issues,NA,NA,NA,NA,NA,NA,NA,NA,NA,NA,NA,NA,NA,NA,NA,NA,NA,2024-10-08 05:00:03 UTC,"A toolbox for making R functions and capabilities more
    accessible to students and professionals from Epidemiology and
    Public Health related disciplines. Includes a function to report 
    coefficients and confidence intervals from models using robust
    standard errors (when available), functions that expand 'ggplot2'
    plots and functions relevant for introductory papers in Epidemiology 
    or Public Health. Please note that use of the 
    provided data sets is for educational purposes only.",UTF-8,NA,NA,true,NA,NA,NA,Josie Athens <josie.athens@gmail.com>,NA,2024-10-08 04:46:38 UTC; josie,NA,NA,NA,NA,A Toolbox for Public Health and Epidemiology,NA,NA,NA,knitr,NA,NA,NA,2024-10-08,NA,NA,NA,NA,NA,NA,10.32614/CRAN.package.pubh,TRUE,FALSE,TRUE,FALSE,1
pysd2r,0.1.0,NA,R (>= 3.3),"knitr, reticulate, tibble",NA,"dplyr, ggplot2, testthat",NA,MIT + file LICENSE,NA,NA,NA,NA,6334a33300fcc8f353e55fa62e599036,no,NA,"Jim Duggan [aut, cre]","person(""Jim"", ""Duggan"", email = ""jim.duggan@nuigalway.ie"", role = c(""aut"", ""cre""))",NA,NA,NA,NA,NA,NA,NA,NA,NA,NA,NA,NA,NA,NA,NA,NA,NA,NA,NA,2018-09-03 12:30:10 UTC,"Using the R package 'reticulate', this package creates an interface to the 'pysd' toolset.
    The package provides an R interface to a number of 'pysd' functions, and can read files in
    'Vensim' 'mdl' format, and 'xmile' format. The resulting simulations are returned as a 'tibble', and from 
    that the results can be processed using 'dplyr' and 'ggplot2'. The package has been tested  using 'python3'.",UTF-8,NA,NA,true,NA,NA,NA,Jim Duggan <jim.duggan@nuigalway.ie>,NA,2018-09-03 10:41:09 UTC; jim,NA,NA,NA,"'python3' needs to built for the same architecture
R is built for (32 or 64 bit).",API to 'Python' Library 'pysd',NA,NA,NA,knitr,NA,NA,NA,2018-09-03,NA,NA,NA,NA,NA,NA,10.32614/CRAN.package.pysd2r,TRUE,FALSE,TRUE,FALSE,1
qbinplots,0.3.3,NA,R (>= 4.1.0),"ggplot2, data.table, patchwork, scales",NA,"palmerpenguins, tinytest",NA,MIT + file LICENSE,NA,NA,NA,NA,81b59ee12391ccb718c971207acbaeb5,no,NA,"Edwin de Jonge [aut, cre] (<https://orcid.org/0000-0002-6580-4718>),
  Martijn Tennekes [ctb]","
    c(
    person(""Edwin"", ""de Jonge"", , ""edwindjonge@gmail.com"", role = c(""aut"", ""cre""),
           comment = c(ORCID = ""0000-0002-6580-4718"")),
    person(""Martijn"", ""Tennekes"", , ""mtennekes@gmail.com"", role = c(""ctb""))
    )",NA,https://github.com/edwindj/qbinplots/issues,NA,NA,NA,NA,NA,NA,NA,NA,NA,NA,NA,NA,NA,NA,NA,NA,NA,2025-02-24 17:20:02 UTC,"Create quantile binned and conditional plots for Exploratory Data
  Analysis. The package provides several plotting functions that are all based
  on quantile binning. The plots are created with 'ggplot2' and 'patchwork' 
  and can be further adjusted.",UTF-8,NA,NA,NA,NA,NA,NA,Edwin de Jonge <edwindjonge@gmail.com>,NA,2025-02-22 10:22:13 UTC; edwin,NA,NA,NA,NA,Quantile Binned Plots,NA,https://edwindj.github.io/qbinplots/,NA,NA,NA,NA,NA,2025-02-24,NA,NA,NA,NA,NA,NA,10.32614/CRAN.package.qbinplots,TRUE,FALSE,TRUE,FALSE,1
qqboxplot,0.3.0,NA,R (>= 3.3),"ggplot2, grid",NA,"knitr, rmarkdown, dplyr, gridExtra, testthat (>= 3.0.0),
vdiffr (>= 0.3.3), scales",NA,MIT + file LICENSE,NA,NA,NA,NA,244fd7115fd0a3f58740acfddf00854c,no,NA,"Jordan Rodu [aut, cre]","
    person(given = ""Jordan"",
           family = ""Rodu"",
           role = c(""aut"", ""cre""),
           email = ""jordan.rodu@gmail.com"")",NA,NA,NA,NA,NA,NA,NA,NA,NA,NA,NA,NA,NA,NA,NA,NA,NA,NA,NA,2022-11-20 03:30:02 UTC,"A system to implement the Q-Q boxplot.  It is implemented as an
    extension to 'ggplot2'.  The Q-Q boxplot is an amalgam of the boxplot and the
    Q-Q plot and allows the user to rapidly examine summary statistics and tail
    behavior for multiple distributions in the same pane.  As an extension of
    the 'ggplot2' implementation of the boxplot, possible modifications to the 
    boxplot extend to the Q-Q boxplot.",UTF-8,NA,NA,true,NA,NA,NA,Jordan Rodu <jordan.rodu@gmail.com>,NA,2022-11-20 03:17:28 UTC; jsr6q,NA,NA,NA,NA,Implementation of the Q-Q Boxplot,NA,NA,NA,knitr,NA,NA,NA,2022-11-20,NA,NA,NA,NA,NA,NA,10.32614/CRAN.package.qqboxplot,TRUE,FALSE,TRUE,TRUE,2
qqplotr,0.0.6,NA,"R (>= 3.1), ggplot2 (>= 2.2)","dplyr, robustbase, MASS, opdisDownsampling, qqconf (>= 1.3.1)",NA,"shiny, devtools, lattice, shinyBS, knitr, rmarkdown",NA,GPL-3 | file LICENSE,NA,NA,NA,NA,38ab3b831917a4f1b2fdb2b722e0195b,no,NA,"Alexandre Almeida [aut],
  Adam Loy [aut, cre],
  Heike Hofmann [aut]","c(person(""Alexandre"", ""Almeida"", email = ""almeida.xan@gmail.com"", role = c(""aut"")),
		person(""Adam"", ""Loy"", email = ""loyad01@gmail.com"", role = c(""aut"", ""cre"")),
    person(""Heike"", ""Hofmann"", role = ""aut""))",NA,https://github.com/aloy/qqplotr/issues,NA,NA,NA,NA,NA,NA,NA,NA,NA,NA,NA,"'data.R' 'geom_qq_band.R' 'qqplotr.R' 'runShinyExample.R'
'stat_pp_band.R' 'stat_pp_line.R' 'stat_pp_point.R'
'stat_qq_line.R' 'stat_qq_band.R' 'stat_qq_point.R'",NA,NA,NA,NA,NA,2023-01-25 21:00:02 UTC,Extensions of 'ggplot2' Q-Q plot functionalities.,UTF-8,NA,NA,true,NA,NA,NA,Adam Loy <loyad01@gmail.com>,NA,2023-01-25 19:43:38 UTC; aloy,NA,NA,NA,NA,Quantile-Quantile Plot Extensions for 'ggplot2',Package,https://github.com/aloy/qqplotr,NA,knitr,NA,NA,NA,2023-01-25,NA,"ARCensReg, asremlPlus, ggResidpanel, MKpower",NA,"HLMdiag, latrend, performance, psycModel, rempsyc, see",NA,NA,10.32614/CRAN.package.qqplotr,TRUE,FALSE,TRUE,FALSE,1
qtl2ggplot,1.2.4,NA,R (>= 3.1.0),"Rcpp (>= 0.12.7), assertthat, dplyr, ggplot2, purrr, stringr,
tidyr, rlang, graphics, RColorBrewer, grid, qtl2, ggrepel",Rcpp,"devtools, testthat, roxygen2, knitr, rmarkdown",NA,GPL-3,NA,NA,NA,NA,501a59ea4e76fcca22a999f964340f82,yes,NA,"Brian S Yandell [aut, cre],
  Karl W Broman [aut]","c(person(""Brian S Yandell"",
                role = c(""aut"", ""cre""),
                email = ""brian.yandell@wisc.edu""),
             person(""Karl W Broman"",
                role = ""aut"",
                email = ""kbroman@biostat.wisc.edu""))",NA,https://github.com/byandell/qtl2ggplot/issues,NA,NA,NA,NA,NA,true,NA,NA,NA,NA,NA,NA,NA,NA,NA,NA,2024-03-15,2024-03-15 16:10:02 UTC,"Functions to plot QTL (quantitative trait loci) analysis
    results and related diagnostics.
    Part of 'qtl2', an upgrade of the 'qtl'
    package to better handle high-dimensional data and complex cross
    designs.",UTF-8,NA,NA,NA,NA,NA,NA,Brian S Yandell <brian.yandell@wisc.edu>,NA,2024-03-15 15:45:51 UTC; brianyandell,NA,NA,NA,NA,Data Visualization for QTL Experiments,NA,"https://github.com/byandell/qtl2ggplot, https://kbroman.org/qtl2/",NA,knitr,NA,NA,NA,2024-03-15,NA,NA,NA,qtl2pattern,NA,NA,10.32614/CRAN.package.qtl2ggplot,TRUE,TRUE,FALSE,FALSE,1
quickPlot,1.0.2,NA,R (>= 4.1),"data.table (>= 1.10.4), fpCompare, grDevices, grid, methods,
stats, terra, utils",NA,"covr, fastshp, ggplot2, knitr, raster, RColorBrewer,
rmarkdown, sf, sp, testthat (>= 1.0.2), withr",NA,GPL-3,NA,NA,NA,NA,bd5e5d18c2548a28d6e519e646f740d2,no,https://predictiveecology.r-universe.dev/,"Eliot J B McIntire [aut, cre] (<https://orcid.org/0000-0002-6914-8316>),
  Alex M Chubaty [aut] (<https://orcid.org/0000-0001-7146-8135>),
  His Majesty the King in Right of Canada, as represented by the Minister
    of Natural Resources Canada [cph]","c(
    person(""Eliot J B"", ""McIntire"", email = ""eliot.mcintire@canada.ca"",
           role = c(""aut"", ""cre""), comment=c(ORCID = ""https://orcid.org/0000-0002-6914-8316"")),
    person(""Alex M"", ""Chubaty"", email = ""achubaty@for-cast.ca"",
    role = c(""aut""), comment = c(ORCID = ""https://orcid.org/0000-0001-7146-8135"")),
    person(""His Majesty the King in Right of Canada, as represented by the Minister of Natural Resources Canada"",
    role = ""cph"")
    )",NA,https://github.com/PredictiveEcology/quickPlot/issues,NA,NA,NA,NA,NA,yes,NA,NA,NA,NA,NA,"'environment.R' 'plotting-classes.R' 'plotting-colours.R'
'plotting-helpers.R' 'plotting-other.R' 'plotting.R'
'quickPlot-classes.R' 'quickPlot-package.R' 'testing-helpers.R'
'zzz.R'",NA,NA,NA,NA,2023-07-01,2023-07-02 05:20:02 UTC,"A high-level plotting system, compatible with `ggplot2` objects, 
    maps from `sf`, `terra`, `raster`, `sp`. It is built primarily on the 
    'grid' package. The objective of the package is to provide a plotting system 
    that is built for speed and modularity. This is useful for quick visualizations 
    when testing code and for plotting multiple figures to the same device from 
    independent sources that may be independent of one another (i.e., different 
    function or modules the create the visualizations).  The suggested package 
    'fastshp' can be installed from the repository 
    (<https://PredictiveEcology.r-universe.dev>).",UTF-8,NA,en-CA,NA,NA,NA,NA,Eliot J B McIntire <eliot.mcintire@canada.ca>,NA,2023-07-01 22:42:50 UTC; emcintir,NA,NA,NA,NA,A System of Plotting Optimized for Speed and Modularity,Package,"https://quickplot.predictiveecology.org,
https://github.com/PredictiveEcology/quickPlot",NA,"knitr, rmarkdown",NA,NA,NA,2023-07-02,SpaDES.core,"NetLogoR, SpaDES",NA,SpaDES.tools,NA,NA,10.32614/CRAN.package.quickPlot,TRUE,FALSE,TRUE,FALSE,1
quickReg,1.5.0,NA,R (>= 3.0.0),"ggplot2 (>= 2.0.0), rlang (>= 0.1.2), survival, psych, utils,
stats, nortest, dplyr",NA,"ggthemes, knitr, rmarkdown, testthat",NA,GPL-2,NA,NA,NA,NA,6e4ca986a9f6f62614e55abb6a6967bb,no,NA,"Xikun Han [aut, cre]","person(""Xikun"", ""Han"", email = ""hanxikun2014@163.com"",role = c(""aut"", ""cre""))",NA,NA,NA,NA,NA,NA,NA,NA,NA,NA,NA,NA,NA,NA,NA,NA,NA,NA,NA,2017-09-28 06:41:12 UTC,"A set of functions to extract results from regression models and
 plot the effect size using 'ggplot2' seamlessly. While 'broom' is useful to
 convert statistical analysis objects into tidy data frames, 'coefplot' is adept at showing
 multivariate regression results. With specific outcome, this package could build regression models
 automatically, extract results into a data frame and provide a quicker way to summarize
 models' statistical findings using 'ggplot2'.",NA,NA,NA,true,NA,NA,NA,Xikun Han <hanxikun2014@163.com>,NA,2017-09-28 06:26:38 UTC; xikunH,NA,NA,NA,NA,"Build Regression Models Quickly and Display the Results Using
'ggplot2'",NA,NA,NA,knitr,NA,NA,NA,2017-09-28,NA,NA,NA,NA,NA,NA,10.32614/CRAN.package.quickReg,TRUE,FALSE,TRUE,FALSE,1
r6qualitytools,1.0.1,NA,NA,"dplyr, EnvStats, ggplot2, graphics, grid, gridExtra, MASS,
methods, patchwork, plotly, R6, RColorBrewer, Rsolnp, scales,
stats, tibble, tidyr, utils",NA,NA,NA,GPL (>= 3),NA,NA,NA,NA,9537744395be03dc540c695edb84afb9,no,NA,"Andrea Barahona [aut],
  Fabian Encarnacion [aut, cre, cph],
  Miguel Flores [aut],
  Javier Tarrio-Saavedra [ctb],
  Salvador Naya [ctb]","c(
    person(""Andrea"", ""Barahona"", role = ""aut""),
    person(""Fabian"", ""Encarnacion"", , ""fab.encarnacion@outlook.com"", role = c(""aut"", ""cre"", ""cph"")),
    person(""Miguel"", ""Flores"", role = ""aut""),
    person(""Javier"", ""Tarrio-Saavedra"", role = ""ctb""),
    person(""Salvador"", ""Naya"", role = ""ctb"")
  )",NA,https://github.com/Fabianenc/r6qualitytools/issues,NA,NA,NA,NA,NA,NA,NA,NA,NA,NA,NA,NA,NA,NA,NA,NA,NA,2024-10-03 19:30:02 UTC,"A comprehensive suite of statistical tools for Quality Management, designed around the Define, Measure, Analyze, Improve, and Control (DMAIC) cycle used in Six Sigma methodology. Based on the discontinued CRAN package 'qualitytools', this package refactors its original design by incorporating 'R6' object-oriented programming for increased flexibility and performance. It replaces traditional graphics with modern, interactive visualizations using 'ggplot2' and 'plotly'. Built on 'tidyverse' principles, it simplifies data manipulation and visualization, offering an intuitive approach to quality science.",UTF-8,NA,NA,NA,NA,NA,NA,Fabian Encarnacion <fab.encarnacion@outlook.com>,NA,2024-10-03 02:54:54 UTC; Fabian,NA,NA,NA,NA,R6-Based Statistical Methods for Quality Science,Package,https://github.com/Fabianenc/r6qualitytools,NA,NA,NA,NA,NA,2024-10-03,NA,NA,NA,NA,NA,NA,10.32614/CRAN.package.r6qualitytools,TRUE,FALSE,TRUE,FALSE,1
ragg,1.3.3,NA,NA,"systemfonts (>= 1.0.3), textshaping (>= 0.3.0)","systemfonts, textshaping","covr, graphics, grid, testthat (>= 3.0.0)",NA,MIT + file LICENSE,NA,NA,NA,NA,17fb3fca5d53f4927c5661685ebab80c,yes,NA,"Thomas Lin Pedersen [cre, aut]
    (<https://orcid.org/0000-0002-5147-4711>),
  Maxim Shemanarev [aut, cph] (Author of AGG),
  Tony Juricic [ctb, cph] (Contributor to AGG),
  Milan Marusinec [ctb, cph] (Contributor to AGG),
  Spencer Garrett [ctb] (Contributor to AGG),
  Posit, PBC [cph, fnd]","c(
    person(""Thomas Lin"", ""Pedersen"", , ""thomas.pedersen@posit.co"", role = c(""cre"", ""aut""),
           comment = c(ORCID = ""0000-0002-5147-4711"")),
    person(""Maxim"", ""Shemanarev"", role = c(""aut"", ""cph""),
           comment = ""Author of AGG""),
    person(""Tony"", ""Juricic"", , ""tonygeek@yahoo.com"", role = c(""ctb"", ""cph""),
           comment = ""Contributor to AGG""),
    person(""Milan"", ""Marusinec"", , ""milan@marusinec.sk"", role = c(""ctb"", ""cph""),
           comment = ""Contributor to AGG""),
    person(""Spencer"", ""Garrett"", role = ""ctb"",
           comment = ""Contributor to AGG""),
    person(""Posit, PBC"", role = c(""cph"", ""fnd""))
  )",NA,https://github.com/r-lib/ragg/issues,NA,NA,NA,NA,NA,NA,NA,NA,NA,NA,NA,NA,NA,NA,NA,NA,NA,2024-09-11 17:50:02 UTC,"Anti-Grain Geometry (AGG) is a high-quality and
    high-performance 2D drawing library. The 'ragg' package provides a set
    of graphic devices based on AGG to use as alternative to the raster
    devices provided through the 'grDevices' package.",UTF-8,NA,NA,NA,NA,NA,NA,Thomas Lin Pedersen <thomas.pedersen@posit.co>,NA,2024-09-11 08:03:16 UTC; thomas,NA,NA,NA,"freetype2, libpng, libtiff, libjpeg",Graphic Devices Based on AGG,Package,"https://ragg.r-lib.org, https://github.com/r-lib/ragg",NA,NA,NA,NA,NA,2024-09-11,NA,"countsimQC, flextable, ggfx, ggrastr, officer, pkgdown, tidyverse, WhatsR",NA,"afcharts, affiner, BioCartaImage, bittermelon, camcorder, circhelp, ClustAssess, cowplot, densityarea, fillpattern, flowchart, gastempt, geomtextpath, ggalign, gganimate, ggdist, ggpattern, ggplot2, ggpointless, ggragged, ggsci, gMCPLite, gridpattern, hdnom, htmltools, jmvcore, knitr, legendry, marquee, OncoBayes2, patchwork, plumber, rasterpdf, rayimage, RBesT, shiny, simona, spant, statnipokladna, thematic, tidybayes, tinysnapshot, unhcrthemes, unusualprofile, ursa, washi",NA,NA,10.32614/CRAN.package.ragg,TRUE,TRUE,FALSE,FALSE,1
ratlas,0.1.0,NA,R (>= 3.5.0),"bookdown (>= 0.9), colorspace (>= 1.4.1), dplyr (>= 0.8.1),
extrafont (>= 0.17), fs (>= 1.2.7), ggplot2 (>= 3.3.2), ggtext
(>= 0.1.1), glue (>= 1.3.1), grDevices, hrbrthemes (>= 0.6.0),
knitr (>= 1.22), magrittr (>= 1.5), officedown (>= 0.2.2),
purrr (>= 0.3.4), rlang (>= 0.3.4), scales (>= 1.0.0), stringr
(>= 1.4.0), tibble (>= 2.1.3), tidyr (>= 0.8.3), xaringan (>=
0.11), xfun (>= 0.12)",NA,"covr (>= 3.2.1), cowplot (>= 1.0.0), dichromat (>= 2.0.0),
english (>= 1.2.3), here (>= 0.1), kableExtra (>= 1.1.0), lintr
(>= 1.0.3), magick (>= 2.2), pkgdown (>= 2.0.7), rmarkdown (>=
1.12), spelling (>= 2.1), testthat (>= 2.1.0), tinytex (>=
0.13), usethis (>= 1.6.0), vdiffr (>= 0.3.1), viridis (>=
0.5.1), withr (>= 2.2.0)",NA,GPL-3,NA,NA,NA,NA,48d2fd076d60afd2679b0a95a7cb500b,no,NA,"W. Jake Thompson [aut, cre] (<https://orcid.org/0000-0001-7339-0300>),
  Noelle Pablo [aut],
  Jeffrey Hoover [aut] (<https://orcid.org/0000-0002-0276-0308>),
  University of Kansas [cph, fnd]","
    c(person(given = ""W. Jake"",
             family = ""Thompson"",
             role = c(""aut"", ""cre""),
             email = ""wjakethompson@gmail.com"",
             comment = c(ORCID = ""0000-0001-7339-0300"")),
      person(given = ""Noelle"",
             family = ""Pablo"",
             role = ""aut"",
             email = ""noellepablo@gmail.com""),
      person(given = ""Jeffrey"",
             family = ""Hoover"",
             role = ""aut"",
             email = ""jeffrey.c.hoover@gmail.com"",
             comment = c(ORCID = ""0000-0002-0276-0308"")),
      person(given = ""University of Kansas"",
             role = c(""cph"", ""fnd"")))",NA,https://github.com/atlas-aai/ratlas/issues,NA,NA,NA,NA,NA,NA,NA,NA,NA,NA,NA,NA,NA,NA,NA,NA,NA,2024-11-06 16:20:02 UTC,"Provides templates, formatting tools, and 'ggplot2' themes 
    tailored for the Accessible Teaching, Learning, and Assessment Systems (ATLAS) 
    organization. These templates facilitate the creation of topic guides and 
    technical reports, while the formatting functions enable users to customize 
    numbers and tables to meet specific requirements. Additionally, the themes 
    ensure a uniform visual style across graphics.",UTF-8,NA,en-US,true,NA,NA,NA,W. Jake Thompson <wjakethompson@gmail.com>,NA,2024-11-04 20:42:06 UTC; n013p475,NA,NA,NA,NA,ATLAS Formatting Functions and Templates,NA,"https://ratlas.netlify.app, https://github.com/atlas-aai/ratlas",NA,knitr,NA,NA,NA,2024-11-06,NA,NA,NA,NA,NA,NA,10.32614/CRAN.package.ratlas,TRUE,FALSE,TRUE,FALSE,1
RcmdrPlugin.KMggplot2,0.2-6,NA,"R (>= 3.5.0), grid, Rcmdr (>= 2.6-0), ggplot2 (>= 3.2.1)","stats, methods, utils, grDevices, graphics, ggthemes (>=
4.2.0), plyr (>= 1.8.4), RColorBrewer (>= 1.1-2), scales (>=
1.0.0), survival (>= 2.44-1.1), tcltk2 (>= 1.2-11)",NA,"extrafont, knitr, rmarkdown",NA,GPL-2,NA,NA,NA,NA,b1bc789d2f656fee9dbabdedc5a6361c,no,NA,"Triad sou. [aut, cre],
  Kengo Nagashima [aut] (<https://orcid.org/0000-0003-4529-9045>)","c(
  person(""Triad"", ""sou."", email = ""triadsou@gmail.com"", role = c(""aut"", ""cre"")),
  person(""Kengo"", ""Nagashima"", role = c(""aut""), comment = c(ORCID = ""0000-0003-4529-9045"")))",NA,NA,NA,NA,NA,NA,NA,NA,NA,NA,NA,NA,NA,"'aaa-package.r' 'geom-stepribbon.r' 'guiparts-aaa.r'
'guiparts-checkboxes.r' 'guiparts-radioboxes.r'
'guiparts-textfield.r' 'guiparts-textfields.r'
'guiparts-toolbox.r' 'guiparts-variableboxes.r' 'data-aaa.r'
'plot-aaa.r' 'plot-factorise.r' 'plot-gcont.r' 'plot-gbox.r'
'plot-gdiscbar.r' 'plot-gdist.r' 'plot-gkm.r' 'plot-ghist.r'
'plot-gline.r' 'plot-gpie.r' 'plot-gqq.r' 'plot-gscat.r'
'plot-gscatmat.r' 'theme-natrisk.r' 'theme-natrisk21.r'
'theme-natriskbg.r' 'theme-simple.r' 'theme-wsj2.r'
'util-gettextKmg2.r' 'util-ggsaveKmg2.r' 'util-lastcom.r'
'util-nonFactors.r' 'zzz.r'",NA,NA,NA,NA,NA,2019-09-17 07:10:02 UTC,"A GUI front-end for 'ggplot2' supports Kaplan-Meier plot, histogram,
    Q-Q plot, box plot, errorbar plot, scatter plot, line chart, pie chart,
    bar chart, contour plot, and distribution plot.",NA,NA,NA,NA,NA,NA,NA,Triad sou. <triadsou@gmail.com>,NA,2019-09-17 05:28:37 UTC; Nagashima,NA,NA,NA,NA,R Commander Plug-in for Data Visualization with 'ggplot2',Package,NA,NA,knitr,NA,NA,NA,2019-09-17,NA,NA,NA,NA,NA,NA,10.32614/CRAN.package.RcmdrPlugin.KMggplot2,TRUE,TRUE,TRUE,FALSE,2
RColorConesa,1.0.0,NA,NA,ggplot2,NA,testthat (>= 3.0.0),NA,MIT + file LICENSE,NA,NA,NA,NA,f917e2999f583e86e1b4e7e54b20897a,no,NA,"Pedro Salguero Garcia [aut, cre]
    (<https://orcid.org/0000-0002-1879-3374>)","
    person(""Pedro"", ""Salguero Garcia"", , ""pedrosalguerog@gmail.com"", role = c(""aut"", ""cre""),
           comment = c(ORCID = ""0000-0002-1879-3374""))",NA,NA,NA,NA,NA,NA,NA,NA,NA,NA,NA,NA,NA,NA,NA,NA,NA,NA,NA,2023-09-12 20:30:09 UTC,"Provides a collection of palettes designed to integrate with 'ggplot', reflecting the color schemes associated with 'ConesaLab'.",UTF-8,NA,NA,NA,NA,NA,NA,Pedro Salguero Garcia <pedrosalguerog@gmail.com>,NA,2023-09-12 08:37:20 UTC; Ps,NA,NA,NA,NA,Conesa Colors Palette,NA,NA,NA,NA,NA,NA,NA,2023-09-12,NA,NA,NA,Coxmos,NA,NA,10.32614/CRAN.package.RColorConesa,TRUE,FALSE,TRUE,FALSE,1
Rdune,1.1.1,NA,NA,"ggplot2, graphics, grDevices",NA,"knitr, rmarkdown, testthat (>= 3.0.0)",NA,MIT + file LICENSE,NA,NA,NA,NA,9977e3e7806b2fa21cd2e5d42a716aa7,no,NA,"Nicholas Vietto [aut, cre, cph]","person(given = ""Nicholas"",
                  family = ""Vietto"", 
                  email = ""nicholasvietto@gmail.com"", 
                  role = c(""aut"", ""cre"", ""cph"")) ",NA,https://github.com/nvietto/Rdune/issues,NA,NA,NA,NA,NA,NA,NA,NA,NA,NA,NA,NA,NA,NA,NA,NA,NA,2024-07-29 21:10:10 UTC,Enables the use of color palettes inspired by the 'Dune' movies. These palettes are compatible with 'ggplot2'. See Wickham (2016) <doi:10.1007/978-3-319-24277-4> for more details on 'ggplot2'.,UTF-8,NA,NA,NA,NA,NA,NA,Nicholas Vietto <nicholasvietto@gmail.com>,NA,2024-07-29 21:00:27 UTC; nicholasvietto,NA,NA,NA,NA,'Creates Color Palettes Inspired by Dune',Package,"https://github.com/nvietto/Rdune, https://nvietto.github.io/Rdune/",NA,knitr,NA,NA,NA,2024-07-29,NA,NA,NA,NA,NA,NA,10.32614/CRAN.package.Rdune,TRUE,FALSE,TRUE,FALSE,1
rempsyc,0.1.9,NA,R (>= 3.6),"rlang, dplyr (>= 1.1.0)",NA,"flextable (>= 0.9.1), ggplot2 (>= 3.4.0), effectsize (>=
0.8.5), performance (>= 0.10.0), insight (>= 0.18.4),
correlation, datawizard (>= 0.5.0), report (>= 0.5.1),
modelbased, see, lmtest, ggrepel, boot, bootES, ggsignif,
qqplotr (>= 0.0.6), broom, emmeans, ggpubr, interactions,
openxlsx2 (>= 0.8), patchwork, psych, VennDiagram, Rmisc,
methods, tidyr, testthat (>= 3.0.0), knitr, markdown, rmarkdown",NA,GPL (>= 3),NA,NA,NA,NA,218afbb8ab298921a3e27910dc5d0db9,no,NA,"Rémi Thériault [aut, cre] (<https://orcid.org/0000-0003-4315-6788>)","
    person(""Rémi"", ""Thériault"", , ""remi.theriault@mail.mcgill.ca"", role = c(""aut"", ""cre""),
           comment = c(ORCID = ""0000-0003-4315-6788""))",NA,https://github.com/rempsyc/rempsyc/issues,NA,NA,NA,NA,NA,NA,NA,NA,NA,NA,NA,NA,NA,NA,NA,NA,2025-02-01,2025-02-01 23:40:05 UTC,"Make your workflow faster and easier. Easily customizable
    plots (via 'ggplot2'), nice APA tables (following the style of the
    *American Psychological Association*) exportable to Word (via
    'flextable'), easily run statistical tests or check assumptions, and
    automatize various other tasks. ",UTF-8,NA,NA,NA,NA,NA,NA,Rémi Thériault <remi.theriault@mail.mcgill.ca>,NA,2025-02-01 17:10:50 UTC; coding,NA,NA,NA,NA,Convenience Functions for Psychology,NA,https://rempsyc.remi-theriault.com,NA,knitr,NA,NA,NA,2025-02-01,NA,NA,NA,"lavaanExtra, performance",NA,NA,10.32614/CRAN.package.rempsyc,TRUE,FALSE,TRUE,FALSE,1
RGraphSpace,1.0.7,NA,"R(>= 4.4), methods, igraph, ggplot2","grDevices, scales, grid",NA,"knitr, rmarkdown, testthat",RedeR,Artistic-2.0,NA,NA,NA,NA,45b6c17d1b4f9529bb36b334dd2ec160,no,NA,"Victor Apolonio [ctb],
  Vinicius Chagas [ctb],
  Mauro Castro [aut, cre] (<https://orcid.org/0000-0003-4942-8131>)","
    c(person(""Victor"", ""Apolonio"", role = ""ctb""),
      person(""Vinicius"", ""Chagas"", role = ""ctb""),
      person(""Mauro"", ""Castro"", role = c(""aut"", ""cre""),
              email = ""mauro.a.castro@gmail.com"",
              comment = c(ORCID = ""0000-0003-4942-8131"")))",NA,https://github.com/sysbiolab/RGraphSpace/issues,NA,NA,NA,NA,NA,NA,NA,NA,NA,NA,NA,"gspaceChecks.R gspaceValidation.R gspaceSupplements.R
gspaceMisc.R gspacePlots.R gspaceClasses.R gspaceGenerics.R
gspaceMethods.R",NA,NA,NA,NA,NA,2024-11-12 10:20:12 UTC,"Interface to integrate 'igraph' and 'ggplot2' graphics within spatial maps. 'RGraphSpace' implements new geometric objects using 'ggplot2' prototypes, customized for representing large 'igraph' objects in a normalized coordinate system. By scaling shapes and graph elements, 'RGraphSpace' can provide a framework for layered visualizations.",UTF-8,NA,NA,NA,NA,NA,NA,Mauro Castro <mauro.a.castro@gmail.com>,NA,2024-11-12 02:23:19 UTC; maac,NA,NA,NA,NA,A Lightweight Interface Between 'ggplot2' and 'igraph' Objects,Package,https://github.com/sysbiolab/RGraphSpace,NA,knitr,NA,NA,NA,2024-11-12,PathwaySpace,NA,NA,NA,NA,NA,10.32614/CRAN.package.RGraphSpace,TRUE,FALSE,TRUE,FALSE,1
rphylopic,1.5.0,NA,R (>= 4.0),"ggplot2, jsonlite, grid, graphics, png, grImport2 (>= 0.3.3),
rsvg (>= 2.6.0), httr, curl, methods, lifecycle, pbapply,
knitr, scales",NA,"testthat (>= 3.0.0), vdiffr (>= 1.0.0), rmarkdown, covr,
phytools, palaeoverse, ggtree, ape, deeptime, palmerpenguins,
maps, sf",NA,GPL (>= 3),NA,NA,NA,NA,80aedcdb9ec4c7af9d6876510fa85e23,no,NA,"William Gearty [aut, cre] (<https://orcid.org/0000-0003-0076-3262>),
  Lewis A. Jones [aut] (<https://orcid.org/0000-0003-3902-8986>),
  Scott Chamberlain [aut] (<https://orcid.org/0000-0003-1444-9135>),
  David Miller [ctb]","c(
    person(given = ""William"", family = ""Gearty"", email = ""willgearty@gmail.com"",
      role = c(""aut"", ""cre""), comment = c(ORCID = ""0000-0003-0076-3262"")),
    person(given = ""Lewis A."", family = ""Jones"", email = ""LewisAlan.Jones@uvigo.es"",
      role = c(""aut""), comment = c(ORCID = ""0000-0003-3902-8986"")),
    person(given = ""Scott"", family = ""Chamberlain"", email = ""myrmecocystus@gmail.com"",
      role = c(""aut""), comment = c(ORCID = ""0000-0003-1444-9135"")),
    person(given = ""David"", family = ""Miller"", email = ""dave@ninepointeightone.net"",
      role = c(""ctb""))
  )",NA,https://github.com/palaeoverse/rphylopic/issues,NA,NA,NA,NA,NA,NA,NA,NA,NA,NA,NA,NA,NA,NA,NA,NA,NA,2024-09-04 13:50:06 UTC,"Work with the PhyloPic Web Service (<http://api-docs.phylopic.org/v2/>) 
    to fetch silhouette images of organisms. Includes functions for adding 
    silhouettes to both base R plots and ggplot2 plots.",UTF-8,NA,en-US,NA,NA,NA,NA,William Gearty <willgearty@gmail.com>,NA,2024-09-04 13:21:23 UTC; willg,NA,NA,NA,NA,Get Silhouettes of Organisms from PhyloPic,NA,"https://rphylopic.palaeoverse.org,
https://github.com/palaeoverse/rphylopic,
https://palaeoverse.org",NA,knitr,NA,NA,NA,2024-09-04,NA,NA,NA,"orthogene, rmacrostrat",NA,NA,10.32614/CRAN.package.rphylopic,TRUE,FALSE,TRUE,FALSE,1
RplotterPkg,0.1.3,NA,R (>= 4.4.0),"ggplot2 (>= 3.5.1), data.table (>= 1.16.4), rlang (>= 1.1.4),
gt (>= 0.11.1), gtable (>= 0.3.6), glue (>= 1.8.0), purrr (>=
1.0.2), ggplotify (>= 0.1.2), aplpack (>= 1.3.5), methods",NA,"knitr (>= 1.49), RColorBrewer (>= 1.1-3), rmarkdown (>=
2.29), testthat (>= 3.0.0), vdiffr (>= 1.0.8), here (>= 1.0.1),
socviz (>= 1.2), tsbox (>= 0.4.1), gapminder (>= 0.3.0),
palmerpenguins (>= 0.1.1), spData (>= 2.3.3), sf (>= 1.0-19),
raster (>= 3.6-30), elevatr (>= 0.99.0), maps (>= 3.4.1)",NA,MIT + file LICENSE,NA,NA,NA,NA,7da9dbb6673c9084e1f60b51263ca541,no,NA,"Rick Dean [aut, cre, cph] (<https://orcid.org/0009-0005-8086-8436>)","c(
    person(
      ""Rick"", ""Dean"",
      email = ""deanr3@bardstown.com"",
      role = c(""aut"", ""cre"", ""cph""),
      comment = c(ORCID = ""0009-0005-8086-8436"")
    )
  )",NA,https://github.com/deandevl/RplotterPkg/issues,NA,NA,NA,NA,NA,NA,NA,NA,NA,NA,NA,NA,NA,NA,NA,NA,NA,2025-03-05 16:00:02 UTC,"Makes it easy to produce everyday 'ggplot2' 
  charts in a functional way without an extensive ""tree""
  implementation. The package includes over 15 functions
  for the production and arrangement of basic graphing.",UTF-8,NA,en-US,true,NA,NA,NA,Rick Dean <deanr3@bardstown.com>,NA,2025-03-04 12:27:49 UTC; deanr,NA,NA,NA,NA,R Plotting Functions Using 'ggplot2',Package,https://github.com/deandevl/RplotterPkg,NA,NA,NA,NA,NA,2025-03-05,NA,NA,NA,NA,NA,NA,10.32614/CRAN.package.RplotterPkg,TRUE,FALSE,TRUE,FALSE,1
RPregression,0.1.0,NA,R (>= 3.5.0),"stargazer, ggplot2, stats",NA,NA,NA,GPL-3,NA,NA,NA,NA,d4e1de9a5450db9e1b3f60de376d21d6,no,NA,"Raghav Puri [aut, cre]","c(person(given = ""Raghav"", family = ""Puri"", role = c(""aut"", ""cre""), email = ""itsraghavpuri@gmail.com""))",NA,NA,NA,NA,NA,NA,NA,NA,NA,NA,NA,NA,NA,NA,NA,NA,NA,NA,NA,2024-06-14 15:30:03 UTC,"Perform a regression analysis, generate a regression table, create a scatter plot, and download the results. It uses 'stargazer' for generating regression tables and 'ggplot2' for creating plots. With just two lines of code, you can perform a regression analysis, visualize the results, and save the output. It is part of my make R easy project where one doesn't need to know how to use various packages in order to get results and makes it easily accessible to beginners. This is a part of my make R easy project. Help from 'ChatGPT' was taken. References were Wickham (2016) <doi:10.1007/978-3-319-24277-4>.",NA,NA,NA,NA,NA,NA,NA,Raghav Puri <itsraghavpuri@gmail.com>,NA,2024-06-14 10:55:22 UTC; raghavpuri,NA,NA,NA,NA,A Simple Regression and Plotting Tool,Package,NA,NA,NA,NA,NA,NA,2024-06-14,NA,NA,NA,NA,NA,NA,10.32614/CRAN.package.RPregression,TRUE,FALSE,TRUE,FALSE,1
RSSthemes,1.0.0,NA,R (>= 3.6),"ggplot2, graphics, grDevices, purrr, showtext, sysfonts",NA,"covr, knitr, markdown, rmarkdown, testthat (>= 3.0.0)",NA,CC BY 4.0,NA,NA,NA,NA,f1b3c279b039f07ef4ba2db1cc37ff6a,no,NA,"Nicola Rennie [aut, cre],
  Royal Statistical Society [fnd, cph]","c(
    person(given = ""Nicola"", family = ""Rennie"", role = c(""aut"", ""cre""), email = ""nrennie35@gmail.com""),
    person(""Royal Statistical Society"", role = c(""fnd"", ""cph"")))",NA,https://github.com/nrennie/RSSthemes/issues,NA,NA,NA,NA,NA,NA,NA,NA,NA,NA,NA,NA,NA,NA,NA,NA,NA,2023-08-29 17:10:14 UTC,"Defines colour palettes and themes for Royal Statistical 
  Society (RSS) publications, including Significance magazine. Palettes and 
  themes are supported in both base R and 'ggplot2' graphics, and are intended 
  to be used by authors submitting to RSS publications.",UTF-8,NA,NA,NA,NA,NA,NA,Nicola Rennie <nrennie35@gmail.com>,NA,2023-08-29 16:53:28 UTC; nrenn,NA,NA,NA,NA,RSS Palettes and Themes,NA,https://github.com/nrennie/RSSthemes,NA,NA,NA,NA,NA,2023-08-29,NA,NA,NA,NA,NA,NA,10.32614/CRAN.package.RSSthemes,TRUE,FALSE,TRUE,FALSE,1
rtemps,0.8.0,NA,NA,"knitr, rmarkdown, bookdown, DT, ggplot2, xfun",NA,NA,NA,MIT + file LICENSE,NA,NA,NA,NA,a9dadf86c2d93906e943639a9dfc0c20,no,NA,"John Zobolas [aut, cph, cre] (<https://orcid.org/0000-0002-3609-8674>)","person(""John"", ""Zobolas"", role = c(""aut"", ""cph"", ""cre""), 
  email = ""bblodfon@gmail.com"", comment = c(ORCID = ""0000-0002-3609-8674""))",NA,NA,NA,NA,NA,NA,NA,NA,NA,NA,NA,NA,NA,NA,NA,NA,NA,NA,NA,2020-11-04 21:40:03 UTC,"A collection of R Markdown templates for nicely structured, reproducible 
    data analyses in R. The templates have embedded examples on how to write 
    citations, footnotes, equations and use colored message/info boxes, how to 
    cross-reference different parts/sections in the report, provide a nice 
    table of contents (toc) with a References section and proper R session 
    information as well as examples using DT tables and ggplot2 graphs. 
    The bookdown Lite template theme supports code folding.",UTF-8,NA,NA,true,NA,NA,NA,John Zobolas <bblodfon@gmail.com>,NA,2020-11-04 21:06:58 UTC; john,NA,NA,NA,NA,R Templates for Reproducible Data Analyses,Package,https://github.com/bblodfon/rtemps,NA,NA,NA,NA,NA,2020-11-04,NA,NA,NA,NA,NA,NA,10.32614/CRAN.package.rtemps,TRUE,FALSE,TRUE,FALSE,1
rtms,0.2.0,NA,R (>= 2.10),"stats, ggplot2",NA,NA,NA,GPL (>= 3),NA,NA,NA,NA,ae8e445d178a7686a809bca4b5fffe3e,no,NA,"Mary Ashley Rimmer [aut],
  Nathaniel Twarog [aut, cre]","c(
    person(""Mary Ashley"", ""Rimmer"", email=""maryashley.rimmer@stjude.org"", role = c(""aut"")),
    person(""Nathaniel"", ""Twarog"", email=""nathaniel.twarog@stjude.org"", role = c(""aut"", ""cre"")))",NA,NA,NA,NA,NA,NA,NA,NA,NA,NA,NA,NA,NA,NA,NA,NA,NA,NA,NA,2023-06-06 07:00:02 UTC,"Quickly imports, processes, analyzes, and visualizes mass-spectrometric 
	data.  Includes functions for easily extracting specific data and measurements
	from large (multi-gigabyte) raw Bruker data files, as well as a set of S3 object
	classes for manipulating and measuring mass spectrometric peaks and plotting
	peaks and spectra using the 'ggplot2' package.",UTF-8,NA,NA,true,NA,NA,NA,Nathaniel Twarog <nathaniel.twarog@stjude.org>,NA,2023-06-04 13:35:07 UTC; ntwarog,NA,NA,NA,NA,R Toolkit for Mass Spectrometry,NA,NA,NA,NA,NA,NA,NA,2023-06-06,NA,NA,NA,NA,NA,NA,10.32614/CRAN.package.rtms,TRUE,FALSE,TRUE,FALSE,1
RVenn,1.1.0,NA,NA,"ggforce (>= 0.2.1), ggplot2 (>= 3.0.0), magrittr (>= 1.5),
purrr (>= 0.2.5), methods (>= 3.5.1), rlang (>= 0.2.2), vegan
(>= 2.5.2), pheatmap (>= 1.0.10)",NA,"testthat, knitr, rmarkdown",NA,GPL-3,NA,NA,NA,NA,bec3867599790ea0f11c7e380e997df0,no,NA,"Turgut Yigit Akyol [aut, cre]","person(""Turgut Yigit"", ""Akyol"", email = ""tyakyol@gmail.com"",
    role = c(""aut"", ""cre""))",NA,NA,NA,NA,NA,NA,NA,NA,NA,NA,NA,NA,NA,"'Construct.R' 'Plot.R' 'SetOperations.R' 'RVenn.R'
'Enrichment.R' 'Pairs.R' 'Heatmap.R'",NA,NA,NA,NA,NA,2019-07-18 21:40:02 UTC,"Set operations for many sets. The base functions for set operations
    in R can be used for only two sets. This package uses 'purr' to find the
    union, intersection and difference of three or more sets. This package also
    provides functions for pairwise set operations among several sets. Further, 
    based on 'ggplot2' and 'ggforce', a Venn diagram can be drawn for two or 
    three sets. For bigger data sets, a clustered heatmap showing presence/absence 
    of the elements of the sets can be drawn based on the 'pheatmap' package. 
    Finally, enrichment test can be applied to two sets whether an overlap is 
    statistically significant or not.",UTF-8,NA,NA,true,NA,NA,NA,Turgut Yigit Akyol <tyakyol@gmail.com>,NA,2019-07-18 20:55:18 UTC; tyakyol,NA,NA,NA,NA,Set Operations for Many Sets,Package,NA,NA,knitr,NA,NA,NA,2019-07-18,NA,NA,NA,MetMashR,NA,NA,10.32614/CRAN.package.RVenn,TRUE,FALSE,TRUE,FALSE,1
scatr,1.0.1,NA,R (>= 3.2),"jmvcore (>= 0.8.0), R6, ggplot2, cowplot, ggstance, ggridges",NA,NA,NA,GPL (>= 2),NA,NA,NA,NA,b040983eb0bd9902e7dea2684a41638c,no,NA,Ravi Selker,NA,NA,https://github.com/raviselker/scatr/issues,NA,NA,NA,NA,NA,NA,NA,NA,NA,NA,NA,NA,NA,NA,NA,NA,2017-12-01,2017-12-05 09:47:24 UTC,"Allows you to make clean, good-looking scatter plots with the option to 
    easily add marginal density or box plots on the axes. It is also available as a module for 'jamovi'
    (see <https://www.jamovi.org> for more information). 'Scatr' is based on the 
    'cowplot' package by Claus O. Wilke and the 'ggplot2' package by Hadley Wickham.",UTF-8,NA,NA,true,NA,NA,NA,Ravi Selker <selker.ravi@gmail.com>,NA,2017-12-04 13:52:49 UTC; ravi,NA,NA,NA,NA,Create Scatter Plots with Marginal Density or Box Plots,Package,https://github.com/raviselker/scatr,NA,NA,NA,NA,NA,2017-12-05,NA,NA,NA,NA,NA,NA,10.32614/CRAN.package.scatr,TRUE,FALSE,TRUE,FALSE,1
scatterbar,0.1.0,NA,R (>= 3.5.0),"magrittr, dplyr, tidyr, ggplot2",NA,"knitr, rmarkdown, patchwork",NA,GPL-3,NA,NA,NA,NA,6d21946ee3416e5f9ce06d6960578bf5,no,NA,"Dee Velazquez [aut, cre] (<https://orcid.org/0009-0004-4380-4794>),
  Jean Fan [aut, rev] (<https://orcid.org/0000-0002-0212-5451>)","
    c(person(""Dee"", ""Velazquez"", email = ""dvelazq5@jhu.edu"", 
    role = c(""aut"", ""cre""), 
    comment = c(ORCID = ""0009-0004-4380-4794"")),
    person(""Jean"", ""Fan"", email = ""jeanfan@jhu.edu"", 
    role = c(""aut"", ""rev""), 
    comment = c(ORCID = ""0000-0002-0212-5451"")))",NA,https://github.com/JEFworks-Lab/scatterbar/issues,NA,NA,NA,NA,NA,NA,NA,NA,NA,NA,NA,NA,NA,NA,NA,NA,NA,2024-11-25 11:50:02 UTC,"Provides a powerful and flexible tool for visualizing proportional data across spatially resolved contexts. By combining the concepts of scatter plots and stacked bar charts, 'scatterbar' allows users to create scattered bar chart plots, which effectively display the proportions of different categories at each (x, y) location. This visualization is particularly useful for applications where understanding the distribution of categories across spatial coordinates is essential. This package features automatic determination of optimal scaling factors based on data, customizable scaling and padding options for both x and y axes, flexibility to specify custom colors for each category, options to customize the legend title, and integration with 'ggplot2' for robust and high-quality visualizations. For more details, see Velazquez et al. (2024) <doi:10.1101/2024.08.14.606810>.",UTF-8,NA,NA,FALSE,NA,NA,NA,Dee Velazquez <dvelazq5@jhu.edu>,NA,2024-11-22 22:47:37 UTC; deev,NA,NA,NA,NA,Scattered Stacked Bar Chart Plots,Package,"https://github.com/JEFworks-Lab/scatterbar,
http://jef.works/scatterbar/",NA,knitr,NA,NA,NA,2024-11-25,NA,NA,NA,NA,NA,NA,10.32614/CRAN.package.scatterbar,TRUE,FALSE,TRUE,FALSE,1
sccore,1.0.5,NA,R (>= 3.5.0),"dplyr, ggplot2, ggrepel, graphics, grDevices, igraph, irlba,
magrittr, Matrix, methods, parallel, pbmcapply, pROC, Rcpp,
rlang, scales, stats, tibble, utils, uwot, withr","Rcpp, RcppArmadillo, RcppProgress, RcppEigen","ggrastr (>= 0.1.7), jsonlite, rmumps, testthat",NA,GPL-3,NA,NA,NA,NA,9aed0f3a67614c35ee12a50c0b5acbaf,yes,NA,"Viktor Petukhov [aut],
  Rasmus Rydbirk [aut],
  Peter Kharchenko [aut],
  Evan Biederstedt [aut, cre]","c(person(""Viktor"",""Petukhov"", email=""viktor.s.petuhov@ya.ru"", role=""aut""), person(""Rasmus"",""Rydbirk"", email=""rrydbirk@bmb.sdu.dk"", role=""aut""), person(""Peter"", ""Kharchenko"", email = ""peter_kharchenko@hms.harvard.edu"", role = ""aut""), person(""Evan"",""Biederstedt"", email=""evan.biederstedt@gmail.com"", role=c(""aut"", ""cre"")))",NA,https://github.com/kharchenkolab/sccore/issues,NA,NA,NA,NA,NA,NA,NA,NA,NA,NA,NA,NA,NA,NA,NA,NA,NA,2024-02-23 00:00:02 UTC,"Core utilities for single-cell RNA-seq data analysis. Contained within are utility functions for working with differential expression (DE) matrices and count matrices, a collection of functions for manipulating and plotting data via 'ggplot2', and functions to work with cell graphs and cell embeddings. Graph-based methods include embedding kNN cell graphs into a UMAP <doi:10.21105/joss.00861>, collapsing vertices of each cluster in the graph, and propagating graph labels.",UTF-8,NA,NA,true,NA,NA,NA,Evan Biederstedt <evan.biederstedt@gmail.com>,NA,2024-02-22 23:19:51 UTC; evanbiederstedt,NA,NA,NA,NA,Core Utilities for Single-Cell RNA-Seq,NA,https://github.com/kharchenkolab/sccore,NA,NA,NA,NA,NA,2024-02-23,NA,"conos, CRMetrics, leidenAlg, pagoda2, scITD",NA,NA,NA,NA,10.32614/CRAN.package.sccore,TRUE,FALSE,TRUE,FALSE,1
see,0.11.0,NA,"graphics, grDevices, R (>= 4.0), stats","bayestestR (>= 0.15.2), correlation (>= 0.8.7), datawizard (>=
1.0.1), effectsize (>= 1.0.0), ggplot2 (>= 3.5.1), insight (>=
1.1.0), modelbased (>= 0.10.0), patchwork (>= 1.3.0),
parameters (>= 0.24.2), performance (>= 0.13.0)",NA,"BH, brms, collapse, curl, DHARMa, emmeans, factoextra,
Formula, ggdag, ggdist, ggraph, ggrepel, ggridges, ggside,
glmmTMB, grid, httr2, lavaan, lme4, logspline, marginaleffects,
MASS, mclogit, mclust, merDeriv, mgcv, metafor, NbClust,
nFactors, psych, qqplotr (>= 0.0.6), randomForest, RcppEigen,
rlang, rmarkdown, rstanarm, scales (>= 1.3.0), splines,
testthat (>= 3.2.1), tidygraph, vdiffr (>= 1.0.8)",NA,MIT + file LICENSE,NA,NA,NA,NA,80cc02a3f4737258586cf6f6c9562300,no,NA,"Daniel Lüdecke [aut, ctb] (<https://orcid.org/0000-0002-8895-3206>),
  Dominique Makowski [aut, inv] (<https://orcid.org/0000-0001-5375-9967>),
  Indrajeet Patil [aut, cre] (<https://orcid.org/0000-0003-1995-6531>),
  Mattan S. Ben-Shachar [aut, ctb]
    (<https://orcid.org/0000-0002-4287-4801>),
  Brenton M. Wiernik [aut, ctb] (<https://orcid.org/0000-0001-9560-6336>),
  Philip Waggoner [aut, ctb] (<https://orcid.org/0000-0002-7825-7573>),
  Jeffrey R. Stevens [ctb] (<https://orcid.org/0000-0003-2375-1360>),
  Matthew Smith [rev],
  Jakob Bossek [rev]","
    c(person(given = ""Daniel"",
             family = ""Lüdecke"",
             role = c(""aut"", ""ctb""),
             email = ""d.luedecke@uke.de"",
             comment = c(ORCID = ""0000-0002-8895-3206"")),
      person(given = ""Dominique"",
             family = ""Makowski"",
             role = c(""aut"", ""inv""),
             email = ""dom.makowski@gmail.com"",
             comment = c(ORCID = ""0000-0001-5375-9967"")),
      person(given = ""Indrajeet"",
             family = ""Patil"",
             role = c(""aut"", ""cre""),
             email = ""patilindrajeet.science@gmail.com"",
             comment = c(ORCID = ""0000-0003-1995-6531"")),
      person(given = ""Mattan S."",
             family = ""Ben-Shachar"",
             role = c(""aut"", ""ctb""),
             email = ""matanshm@post.bgu.ac.il"",
             comment = c(ORCID = ""0000-0002-4287-4801"")),
      person(given = ""Brenton M."",
             family = ""Wiernik"",
             role = c(""aut"", ""ctb""),
             email = ""brenton@wiernik.org"",
             comment = c(ORCID = ""0000-0001-9560-6336"")),
      person(given = ""Philip"",
             family = ""Waggoner"",
             role = c(""aut"", ""ctb""),
             email = ""philip.waggoner@gmail.com"",
             comment = c(ORCID = ""0000-0002-7825-7573"")),
      person(given = ""Jeffrey R."",
             family = ""Stevens"",
             role = ""ctb"",
             email = ""jeffrey.r.stevens@gmail.com"",
             comment = c(ORCID = ""0000-0003-2375-1360"")),
      person(given = ""Matthew"",
             family = ""Smith"",
             role = ""rev"",
             email = ""M.Smith3@napier.ac.uk""),
      person(given = ""Jakob"",
             family = ""Bossek"",
             role = ""rev"",
             email = ""bossek@wi.uni-muenster.de""))",NA,https://github.com/easystats/see/issues,NA,NA,NA,NA,NA,NA,NA,NA,NA,NA,NA,NA,NA,NA,NA,NA,NA,2025-03-11 16:20:02 UTC,"Provides plotting utilities supporting packages in the 'easystats'
    ecosystem (<https://github.com/easystats/easystats>) and some extra themes,
    geoms, and scales for 'ggplot2'. Color scales are based on
    <https://materialui.co/>.
    References: Lüdecke et al. (2021) <doi:10.21105/joss.03393>.",UTF-8,NA,en-US,NA,NA,NA,NA,Indrajeet Patil <patilindrajeet.science@gmail.com>,NA,2025-03-10 20:36:02 UTC; indrajeetpatil,NA,NA,NA,NA,Model Visualisation Toolbox for 'easystats' and 'ggplot2',Package,https://easystats.github.io/see/,NA,NA,NA,NA,NA,2025-03-11,NA,"easystats, jsmodule",NA,"afex, bayestestR, bruceR, correlation, datawizard, effectsize, ggeffects, JSmediation, modelbased, parameters, performance, psycModel, regport, rempsyc",NA,NA,10.32614/CRAN.package.see,TRUE,FALSE,TRUE,FALSE,1
seecolor,0.2.0,NA,NA,"dplyr, crayon, purrr, stringr, rstudioapi, magrittr, ggplot2,
fansi",NA,"covr, knitr, rmarkdown",NA,MIT + file LICENSE,NA,NA,NA,NA,262d27186d660e74f43addfb502fdf04,no,NA,"Shangchen Song [aut, cre]","
    person(given = ""Shangchen"",
           family = ""Song"",
           role = c(""aut"", ""cre""),
           email = ""s.song@ufl.edu"")",NA,https://github.com/lovestat/seecolor/issues,NA,NA,NA,NA,NA,NA,NA,NA,NA,NA,NA,NA,NA,NA,NA,NA,NA,2023-02-24 16:50:02 UTC,"Output colors used in literal vectors, palettes and plot objects (ggplot).",UTF-8,NA,NA,NA,NA,NA,NA,Shangchen Song <s.song@ufl.edu>,NA,2023-02-24 16:40:30 UTC; ss,NA,NA,NA,NA,View Colors Used in R Objects in the Console,NA,https://github.com/lovestat/seecolor,NA,knitr,NA,NA,NA,2023-02-24,NA,NA,NA,NA,NA,NA,10.32614/CRAN.package.seecolor,TRUE,FALSE,TRUE,FALSE,1
shadowtext,0.1.4,NA,R (>= 3.4.0),"ggplot2, grid, scales",NA,"knitr, rmarkdown, prettydoc",NA,Artistic-2.0,NA,NA,NA,NA,a71bf4ffb6c834864bf961f7866bb032,no,NA,"Guangchuang Yu [aut, cre]","person(""Guangchuang"", ""Yu"", email = ""guangchuangyu@gmail.com"", role = c(""aut"", ""cre""))",NA,https://github.com/GuangchuangYu/shadowtext/issues,NA,NA,NA,NA,NA,NA,NA,NA,NA,NA,NA,NA,NA,NA,NA,NA,NA,2024-07-18 07:00:01 UTC,"Implement shadowtextGrob() for 'grid' and geom_shadowtext() layer for 'ggplot2'.
             These functions create/draw text grob with background shadow.",UTF-8,NA,NA,NA,NA,NA,NA,Guangchuang Yu <guangchuangyu@gmail.com>,NA,2024-07-18 06:25:24 UTC; HUAWEI,NA,NA,NA,NA,Shadow Text Grob and Layer,NA,https://github.com/GuangchuangYu/shadowtext/,NA,knitr,NA,NA,NA,2024-07-18,NA,"dce, ggkegg, lipidomeR, ResIN, SUMMER, tastypie",NA,"ggsc, ggtree, meme, MicrobiotaProcess, SmCCNet",NA,NA,10.32614/CRAN.package.shadowtext,TRUE,FALSE,TRUE,FALSE,1
sherlock,0.7.0,NA,R (>= 2.10),"magrittr, rlang (>= 0.4.11), forcats, ggplot2, dplyr, tidyr,
cowplot, scales, ggh4x, stringr, plotly, readr, openxlsx,
purrr, fs, rstudioapi, tidytext",NA,roxygen2,NA,MIT + file LICENSE,NA,NA,NA,NA,9c2da93876afee8b36f5dff5101de5ba,no,NA,"Gabor Szabo [aut, cre]","c( 
    person(given = ""Gabor"", family = ""Szabo"", email = ""gabor.attila.szabo@gmail.com"", role = c(""aut"", ""cre"")))",NA,https://github.com/gaboraszabo/sherlock/issues,NA,NA,NA,NA,NA,NA,NA,NA,NA,NA,NA,NA,NA,NA,NA,NA,NA,2023-06-11 23:50:02 UTC,"Powerful graphical displays and statistical tools for structured problem solving and diagnosis. 
    The functions of the 'sherlock' package are especially useful for applying the process of elimination as a problem diagnosis technique.
    The 'sherlock' package was designed to seamlessly work with the 'tidyverse' set of packages and provides a collection of graphical displays 
    built on top of the 'ggplot' and 'plotly' packages, such as different kinds of small multiple plots as well as helper functions such as 
    adding reference lines, normalizing observations, reading in data or saving analysis results in an Excel file.
    References:
    David Hartshorne (2019, ISBN: 978-1-5272-5139-7).
    Stefan H. Steiner, R. Jock MacKay (2005, ISBN: 0873896467).",UTF-8,NA,NA,true,NA,NA,NA,Gabor Szabo <gabor.attila.szabo@gmail.com>,NA,2023-06-11 23:37:47 UTC; gabor,NA,NA,NA,NA,Graphical Displays for Structured Problem Solving and Diagnosis,NA,"https://github.com/gaboraszabo/sherlock,
https://gaboraszabo.github.io/sherlock/",NA,NA,NA,NA,NA,2023-06-11,NA,NA,NA,NA,NA,NA,10.32614/CRAN.package.sherlock,TRUE,FALSE,TRUE,FALSE,1
smplot2,0.2.5,NA,R (>= 3.4.0),"ggplot2, graphics, ggpubr, cowplot, rlang, tibble, dplyr,
grid, utils, pwr, stats, Hmisc, zoo, patchwork",NA,NA,NA,GPL-2,NA,NA,NA,NA,382a1a21c0a17356cca7aecdf57eb05a,no,NA,"Seung Hyun Min [aut, cre]","
    person(
      given = ""Seung Hyun"",
      family = ""Min"",
      role = c(""aut"", ""cre""),
      email = ""seung.min@mail.mcgill.ca""
    )",NA,https://github.com/smin95/smplot2/issues,NA,NA,NA,NA,NA,NA,NA,NA,NA,NA,NA,NA,NA,NA,NA,NA,NA,2025-01-26 09:50:02 UTC,Provides functions for creating and annotating a composite plot in 'ggplot2'. Offers background themes and shortcut plotting functions that produce figures that are appropriate for the format of scientific journals. Some methods are described in Min and Zhou (2021) <doi:10.3389/fgene.2021.802894>.,UTF-8,NA,NA,NA,NA,NA,NA,Seung Hyun Min <seung.min@mail.mcgill.ca>,NA,2025-01-26 01:49:22 UTC; sammi,NA,NA,NA,NA,"Create Standalone and Composite Plots in 'ggplot2' for
Publications",Package,https://smin95.github.io/dataviz/,NA,NA,NA,NA,NA,2025-01-26,NA,ggsem,NA,NA,NA,NA,10.32614/CRAN.package.smplot2,TRUE,FALSE,TRUE,FALSE,1
snplinkage,1.2.0,NA,"R (>= 2.15), GWASTools (>= 1.10.1)","biomaRt, cowplot, data.table, gdsfmt, ggplot2, ggrepel, grid,
grDevices, gtable, knitr, magrittr, methods, parallel,
reshape2, SNPRelate, stats, utils",NA,"rmarkdown, testthat",NA,GPL-3,NA,NA,NA,NA,dfb94c299d9190b92f074c18f1c33b9d,no,NA,"Thomas Charlon [aut, cre] (<https://orcid.org/0000-0001-7497-0470>),
  Karl Forner [aut],
  Alessandro Di Cara [aut],
  Jérôme Wojcik [aut]","c(
  person(""Thomas"", ""Charlon"", role = c(""aut"", ""cre""), email = ""charlon@protonmail.com"", comment = c(ORCID = ""0000-0001-7497-0470"")),
  person(""Karl"", ""Forner"", role = ""aut""),
  person(""Alessandro"", ""Di Cara"", role = ""aut""),
  person(""Jérôme"", ""Wojcik"", role = ""aut""))",NA,https://gitlab.com/thomaschln/snplinkage/-/issues,NA,NA,NA,NA,NA,NA,NA,NA,NA,NA,NA,NA,NA,NA,NA,NA,NA,2024-09-09 19:10:02 UTC,"Linkage disequilibrium visualizations of up to several hundreds of single nucleotide polymorphisms (SNPs), annotated with chromosomic positions and gene names. Two types of plots are available for small numbers of SNPs (<40) and for large numbers (tested up to 500). Both can be extended by combining other ggplots, e.g. association studies results, and functions enable to directly visualize the effect of SNP selection methods, as minor allele frequency filtering and TagSNP selection, with a second correlation heatmap. The SNPs correlations are computed on Genotype Data objects from the 'GWASTools' package using the 'SNPRelate' package, and the plots are customizable 'ggplot2' and 'gtable' objects and are annotated using the 'biomaRt' package. Usage is detailed in the vignette with example data and results from up to 500 SNPs of 1,200 scans are in Charlon T. (2019) <doi:10.13097/archive-ouverte/unige:161795>.",UTF-8,NA,NA,NA,NA,NA,NA,Thomas Charlon <charlon@protonmail.com>,NA,2024-09-09 16:07:26 UTC; root,NA,NA,NA,NA,"Single Nucleotide Polymorphisms Linkage Disequilibrium
Visualizations",NA,https://gitlab.com/thomaschln/snplinkage,NA,knitr,NA,NA,NA,2024-09-09,NA,NA,NA,NA,NA,NA,10.32614/CRAN.package.snplinkage,TRUE,FALSE,TRUE,FALSE,1
spacejamr,0.2.1,NA,R (>= 3.5),"crsuggest, dplyr, ggraph, ggplot2, igraph, magrittr, sf,
spatstat.random, spatstat.geom, ggthemes",NA,"covr, testthat (>= 3.0.0)",NA,MIT + file LICENSE,NA,NA,NA,NA,295900121cc8edb532671f227c4055ad,no,NA,"Darren Colby [aut, cre] (<https://orcid.org/0000-0001-8468-2755>)","
    person(given = ""Darren"",
           family = ""Colby"",
           role = c(""aut"", ""cre""),
           email = ""dscolby17@gmail.com"",
           comment = c(ORCID = ""0000-0001-8468-2755""))",NA,https://github.com/dscolby/spacejamr/issues,NA,NA,NA,NA,NA,NA,NA,NA,NA,NA,NA,NA,NA,NA,NA,NA,NA,2022-04-01 20:10:02 UTC,"Social network analysis is becoming commonplace in many social 
    science disciplines, but access to useful network data, especially 
    among marginalized populations, still remains a formidable challenge. 
    This package mitigates that problem by providing tools to simulate spatial 
    Bernoulli networks as proposed in Carter T. Butts 
    (2002, ISBN:978-0-493-72676-2), ""Spatial models of large-scale interpersonal            
    networks."" Using this package, network analysts can simulate a spatial point 
    process or sequence with a given number of nodes inside a geographical 
    boundary and estimate the probability of a tie formation between all node 
    pairs. When simulating a network, an analyst can choose between five spatial
    interaction functions. The package also enables quick comparison of summary             
    statistics for simulated networks and provides simple to use plotting 
    methods for its classes that return plots which can be further refined with 
    the 'ggplot2' package.",UTF-8,NA,NA,true,NA,NA,NA,Darren Colby <dscolby17@gmail.com>,NA,2022-04-01 19:53:24 UTC; publicuser,NA,NA,NA,NA,Simulate Spatial Bernoulli Networks,NA,https://github.com/dscolby/spacejamr,NA,NA,NA,NA,NA,2022-04-01,NA,NA,NA,NA,NA,NA,10.32614/CRAN.package.spacejamr,TRUE,FALSE,TRUE,FALSE,1
spbabel,0.6.0,NA,R (>= 3.2.3),"dplyr, methods, sp, tibble, rlang, pkgconfig",NA,"testthat, ggplot2, raster, sf, rmarkdown, covr, trip, viridis",NA,GPL-3,NA,NA,NA,NA,df4e821049b1c287931ca6575216a911,no,NA,"Michael D. Sumner [aut, cre]","c(person(""Michael D."",""Sumner"", role = c(""aut"", ""cre""), email = ""mdsumner@gmail.com""))",NA,https://github.com/mdsumner/spbabel/issues,NA,NA,NA,NA,NA,TRUE,NA,NA,NA,NA,NA,NA,NA,NA,NA,NA,NA,2023-03-12 10:20:11 UTC,"Tools to convert from specific formats to more general forms of 
    spatial data. Using tables to store the actual entities present in spatial
    data provides flexibility, and the functions here deliberately 
    minimize the level of interpretation applied, leaving that for specific 
    applications. Includes support for simple features,  round-trip for 'Spatial' classes and long-form 
    tables, analogous to 'ggplot2::fortify'. There is also a more 'normal form' representation
    that decomposes simple features and their kin to tables of objects, parts, and unique coordinates. ",UTF-8,NA,NA,yes,NA,NA,NA,Michael D. Sumner <mdsumner@gmail.com>,NA,2023-03-12 09:59:11 UTC; mdsumner,NA,NA,NA,NA,Convert Spatial Data Using Tidy Tables,Package,https://mdsumner.github.io/spbabel/,NA,NA,NA,NA,NA,2023-03-12,NA,angstroms,NA,NA,NA,NA,10.32614/CRAN.package.spbabel,TRUE,FALSE,TRUE,FALSE,1
sportyR,2.2.2,NA,R (>= 3.3),"ggfittext, ggplot2, glue, grid, rlang",NA,"data.table, gganimate, testthat (>= 3.0.0), knitr, rmarkdown,
curl",NA,GPL (>= 3),NA,NA,NA,NA,b2e8904039c4711014d8150288c9ff39,no,NA,"Ross Drucker [aut, cre] (<https://orcid.org/0000-0002-0688-0235>)","
    c(
      person(
        given = ""Ross"",
        family = ""Drucker"",
        role = c(""aut"", ""cre""),
        email = ""ross.a.drucker@gmail.com"",
        comment = c(ORCID = ""0000-0002-0688-0235"")
      )
    )",NA,https://github.com/sportsdataverse/sportyR/issues,NA,NA,NA,NA,NA,NA,NA,NA,NA,NA,NA,NA,NA,NA,NA,NA,NA,2024-02-15 10:10:02 UTC,"Create scaled 'ggplot' representations of playing surfaces.
    Playing surfaces are drawn pursuant to rule-book specifications.
    This package should be used as a baseline plot for displaying any type of
    tracking data.",UTF-8,NA,NA,NA,NA,NA,NA,Ross Drucker <ross.a.drucker@gmail.com>,NA,2024-02-15 09:40:43 UTC; rossdrucker,NA,NA,NA,"pandoc (>= 1.12.3), pandoc-citeproc",Plot Scaled 'ggplot' Representations of Sports Playing Surfaces,NA,"https://sportyr.sportsdataverse.org/,
https://github.com/sportsdataverse/sportyR",NA,knitr,NA,NA,NA,2024-02-15,NA,NA,NA,NA,NA,NA,10.32614/CRAN.package.sportyR,TRUE,FALSE,TRUE,FALSE,1
stevethemes,0.1.0,NA,R (>= 3.5.0),"ggplot2 (>= 3.3.0), rlang (>= 1.0.0), systemfonts",NA,NA,NA,MIT + file LICENSE,NA,NA,NA,NA,958de5bd6a56070500019241d0eb50de,no,NA,"Steve Miller [aut, cre] (<https://orcid.org/0000-0003-4072-6263>),
  Accademia di Belle Arti di Urbino [ctb] (Principal design of Titillium
    Web font),
  Steve Matteson [ctb] (Designer of Open Sans),
  Erik Spiekermann [ctb] (Designer of Fira Sans),
  Ralph du Carrois [ctb] (Designer of Fira Sans),
  Sebastian Kosch [ctb] (Design initiator for Crimson Pro),
  Jacques Le Bailly [ctb] (Designer of Crimson Pro)","c(person(""Steve"", ""Miller"",
                  email = ""steven.v.miller@gmail.com"", 
                  role = c(""aut"", ""cre""),
                  comment = c(ORCID = ""0000-0003-4072-6263"")),
             person(""Accademia di Belle Arti di Urbino"",
             comment = ""Principal design of Titillium Web font"",
             role = c(""ctb"")),
             person(""Steve"", ""Matteson"",
             comment = ""Designer of Open Sans"",
             role = c(""ctb"")),
             person(""Erik"", ""Spiekermann"",
             comment = ""Designer of Fira Sans"",
             role = c(""ctb"")),
             person(""Ralph"", ""du Carrois"",
             comment = ""Designer of Fira Sans"",
             role = c(""ctb"")),
             person(""Sebastian"", ""Kosch"",
             comment = ""Design initiator for Crimson Pro"",
             role = c(""ctb"")),
             person(""Jacques"", ""Le Bailly"",
             comment = ""Designer of Crimson Pro"",
             role = c(""ctb""))
                  )",NA,https://github.com/svmiller/stevethemes/issues,NA,NA,NA,NA,NA,NA,NA,NA,NA,NA,NA,NA,NA,NA,NA,NA,NA,2023-01-31 16:50:02 UTC,"This is a compilation of my preferred themes and
    related theme elements for 'ggplot2'. I believe these themes
    and theme elements are aesthetically pleasing, both for pedagogical 
    instruction and for the presentation of applied statistical research to a wide
    audience. These themes imply routine use of easily obtained/free fonts, simple
    forms of which are included in this package.",UTF-8,NA,NA,true,NA,NA,NA,Steve Miller <steven.v.miller@gmail.com>,NA,2023-01-31 08:01:04 UTC; steve,NA,NA,NA,NA,Steve's 'ggplot2' Themes and Related Theme Elements,Package,http://svmiller.com/stevethemes/,NA,NA,NA,NA,NA,2023-01-31,NA,NA,NA,NA,NA,NA,10.32614/CRAN.package.stevethemes,TRUE,FALSE,TRUE,FALSE,1
sugarglider,1.0.3,NA,R (>= 3.0.0),"dplyr, ggplot2",NA,"testthat (>= 3.0.0), ggplotify, tidyr, grid, lubridate,
knitr, rmarkdown, gridExtra, ozmaps, sf, tidyverse, viridis,
ggthemes, vdiffr, kableExtra, ggiraph, jsonlite, httr, usmap,
geosphere, purrr",NA,MIT + file LICENSE,NA,NA,NA,NA,df2465458503d646d4fd28f04d842079,no,NA,"Maliny Po [aut, cre, cph] (<https://orcid.org/0009-0008-4686-6631>),
  S. Nathan Yang [aut] (<https://orcid.org/0009-0002-9985-1042>),
  H. Sherry Zhang [ctb] (<https://orcid.org/0000-0002-7122-1463>),
  Dianne Cook [ctb] (<https://orcid.org/0000-0002-3813-7155>)","c(
    person(""Maliny"", ""Po"", , ""malinypo12@gmail.com"", role = c(""aut"", ""cre"", ""cph""),
           comment = c(ORCID = ""0009-0008-4686-6631"")),
    person(""S. Nathan"", ""Yang"", , ""nathan.s.yang@gmail.com"", role = ""aut"",
           comment = c(ORCID = ""0009-0002-9985-1042"")),
    person(""H. Sherry"", ""Zhang"", , ""huizezhangsh@gmail.com"", role = ""ctb"",
           comment = c(ORCID = ""0000-0002-7122-1463"")),
    person(""Dianne"", ""Cook"", , ""dicook@monash.edu"", role = ""ctb"",
           comment = c(ORCID = ""0000-0002-3813-7155""))
  )",NA,https://github.com/maliny12/sugarglider/issues,NA,NA,NA,NA,NA,NA,NA,NA,NA,NA,NA,NA,NA,NA,NA,NA,NA,2024-10-24 14:10:02 UTC,"Provides 'ggplot2' extensions to construct glyph-maps for visualizing seasonality in spatiotemporal data. See the Journal of Statistical Software reference: Zhang, H. S., Cook, D., Laa, U., Langrené, N., & Menéndez, P. (2024) <doi:10.18637/jss.v110.i07>. The manuscript for this package is currently under preparation and can be found on GitHub at <https://github.com/maliny12/paper-sugarglider>. ",UTF-8,NA,NA,true,NA,NA,NA,Maliny Po <malinypo12@gmail.com>,NA,2024-10-22 01:05:21 UTC; malinypo,NA,NA,NA,NA,Create Glyph-Maps of Spatiotemporal Data,Package,"https://maliny12.github.io/sugarglider/,
https://github.com/maliny12/sugarglider",NA,knitr,NA,NA,NA,2024-10-24,NA,NA,NA,NA,NA,NA,10.32614/CRAN.package.sugarglider,TRUE,FALSE,TRUE,TRUE,2
sugrrants,0.2.9,NA,"ggplot2 (>= 2.2.0), R (>= 3.1.3)","dplyr (>= 0.8.0), grid, gtable, lubridate (>= 1.7.1), rlang
(>= 0.2.0)",NA,"covr, knitr, plotly, readr, rmarkdown, testthat, tidyr,
tsibble (>= 0.8.0), viridis",NA,GPL (>= 3),NA,NA,NA,NA,709076892cee8db8b196ddc65eb5f852,no,NA,"Earo Wang [aut, cre] (<https://orcid.org/0000-0001-6448-5260>),
  Di Cook [aut, ths] (<https://orcid.org/0000-0002-3813-7155>),
  Rob Hyndman [aut, ths] (<https://orcid.org/0000-0002-2140-5352>)","
    c(person(given = ""Earo"",
             family = ""Wang"",
             role = c(""aut"", ""cre""),
             email = ""earo.wang@gmail.com"",
             comment = c(ORCID = ""0000-0001-6448-5260"")),
      person(given = ""Di"",
             family = ""Cook"",
             role = c(""aut"", ""ths""),
             comment = c(ORCID = ""0000-0002-3813-7155"")),
      person(given = ""Rob"",
             family = ""Hyndman"",
             role = c(""aut"", ""ths""),
             comment = c(ORCID = ""0000-0002-2140-5352"")))",NA,https://github.com/earowang/sugrrants/issues,NA,NA,NA,NA,NA,NA,NA,NA,NA,NA,NA,NA,NA,NA,NA,NA,NA,2024-03-12 05:20:03 UTC,"Provides 'ggplot2' graphics for analysing time
    series data. It aims to fit into the 'tidyverse' and grammar of
    graphics framework for handling temporal data.",UTF-8,NA,en-GB,true,NA,NA,NA,Earo Wang <earo.wang@gmail.com>,NA,2024-03-12 00:50:48 UTC; earo,NA,NA,NA,NA,Supporting Graphs for Analysing Time Series,NA,https://pkg.earo.me/sugrrants/,NA,knitr,NA,NA,NA,2024-03-12,NA,packageRank,NA,NA,NA,NA,10.32614/CRAN.package.sugrrants,TRUE,FALSE,TRUE,FALSE,1
sure,0.2.0,NA,R (>= 3.1),"ggplot2 (>= 2.2.1), goftest, gridExtra, stats",NA,"MASS, ordinal, rms, testthat, VGAM",NA,GPL (>= 2),NA,NA,NA,NA,b4cb1924972fa23db35851275cd267d9,no,NA,"Brandon Greenwell [aut, cre],
  Andrew McCarthy [aut],
  Brad Boehmke [aut],
  Dungang Liu [ctb]","c(
  person(""Brandon"", ""Greenwell"",
         email = ""greenwell.brandon@gmail.com"",
         role = c(""aut"", ""cre"")),
  person(""Andrew"", ""McCarthy"",
         email = ""andrew.mccarthy@theperducogroup.com"",
         role = c(""aut"")),
  person(""Brad"", ""Boehmke"",
         email = ""bradleyboehmke@gmail.com"",
         role = c(""aut"")),
  person(""Dungang"", ""Liu"",
         email = ""dungang.liu@uc.edu"",
         role = c(""ctb""))
  )",NA,https://github.com/AFIT-R/sure/issues,NA,NA,NA,NA,NA,NA,NA,NA,NA,NA,NA,NA,NA,NA,NA,NA,NA,2017-09-19 18:04:46 UTC,"An implementation of the surrogate approach to residuals and 
  diagnostics for ordinal and general regression models; for details, see Liu 
  and Zhang (2017) <doi:10.1080/01621459.2017.1292915>. These residuals can be 
  used to construct standard residual plots for model diagnostics (e.g., 
  residual-vs-fitted value plots, residual-vs-covariate plots, Q-Q plots, etc.). 
  The package also provides an 'autoplot' function for producing standard 
  diagnostic plots using 'ggplot2' graphics. The package currently supports 
  cumulative link models from packages 'MASS', 'ordinal', 'rms', and 'VGAM'. 
  Support for binary regression models using the standard 'glm' function is also 
  available.",UTF-8,NA,NA,true,NA,NA,NA,Brandon Greenwell <greenwell.brandon@gmail.com>,NA,2017-09-19 15:41:08 UTC; greenweb,NA,NA,NA,NA,Surrogate Residuals for Ordinal and General Regression Models,Package,https://github.com/AFIT-R/sure,NA,NA,NA,NA,NA,2017-09-19,weightedCL,NA,NA,NA,NA,NA,10.32614/CRAN.package.sure,TRUE,FALSE,TRUE,FALSE,1
svgPanZoom,0.3.4,NA,R (>= 3.1.2),htmlwidgets (>= 0.3.2),NA,"htmltools, svglite","gridSVG, knitr, XML, xml2",MIT + file LICENSE,NA,NA,NA,NA,aa682e255fab5307401e9332d626718f,no,NA,"Anders Riutta et. al. [aut, cph] (svg-pan-zoom.js BSD-licensed library
    in htmlwidgets/lib, https://github.com/ariutta/svg-pan-zoom),
  Jorik Tangelder [aut, cph] (hammer.js MIT-licensed touch library in
    htmlwidgets/lib, https://github.com/hammerjs/hammer),
  Kent Russell [aut, cre] (R interface to svg-pan-zoom.js)","c(
              person(
                ""Anders"", ""Riutta et. al."", role = c(""aut"", ""cph""),
                comment = ""svg-pan-zoom.js BSD-licensed library in htmlwidgets/lib,
                https://github.com/ariutta/svg-pan-zoom""
              ),
              person(
                ""Jorik"", ""Tangelder"", role = c(""aut"", ""cph""),
                comment = ""hammer.js MIT-licensed touch library in htmlwidgets/lib,
                https://github.com/hammerjs/hammer""
              ),
              person(
                ""Kent"", ""Russell"", role = c(""aut"", ""cre""),
                comment = ""R interface to svg-pan-zoom.js"",
                email = ""kent.russell@timelyportfolio.com""
              )
            )",NA,https://github.com/timelyportfolio/svgPanZoom/issues,NA,NA,NA,NA,NA,NA,NA,NA,NA,NA,NA,NA,NA,NA,NA,NA,2020-02-15,2020-02-15 21:20:02 UTC,"This 'htmlwidget' provides pan and zoom interactivity to R
    graphics, including 'base', 'lattice', and 'ggplot2'. The interactivity is
    provided through the 'svg-pan-zoom.js' library. Various options to the widget
    can tailor the pan and zoom experience to nearly any user desire.",NA,NA,NA,NA,NA,NA,NA,Kent Russell <kent.russell@timelyportfolio.com>,NA,2020-02-15 14:12:31 UTC; kentr,NA,NA,NA,NA,R 'Htmlwidget' to Add Pan and Zoom to Almost any R Graphic,NA,https://github.com/timelyportfolio/svgPanZoom,NA,NA,NA,NA,NA,2020-02-15,NA,"cytomapper, cytoviewer, texPreview",NA,"heuristicsmineR, maths.genealogy",NA,NA,10.32614/CRAN.package.svgPanZoom,TRUE,FALSE,TRUE,FALSE,1
tablesgg,0.9-1,NA,NA,"ggplot2 (>= 3.4.0), tables, graphics, grDevices, stats, tools,
utils, grid",NA,"ggtext, gridtext, quadprog, xtable, knitr, rmarkdown",NA,GPL (>= 3),NA,NA,NA,NA,0739e76964c0fb3340fbc6fa60b22247,no,NA,"Richard Raubertas [aut, cre]","c(person(""Richard"", ""Raubertas"", role=c(""aut"", ""cre""), 
                    email=""rrprf@emvt.net""))",NA,NA,NA,NA,NA,NA,NA,NA,NA,NA,NA,NA,NA,NA,NA,NA,NA,NA,2024-01-26,2024-01-27 01:10:02 UTC,"Presentation-quality tables are displayed as plots on an R 
  graphics device.  Although there are other packages that format tables 
  for display, this package is unique in combining two features: (a) It is 
  aware of the logical structure of the table being presented, and makes 
  use of that for automatic layout and styling of the table.  This avoids 
  the need for most manual adjustments to achieve an attractive result. 
  (b) It displays tables using 'ggplot2' graphics.  Therefore a table can 
  be presented anywhere a graph could be, with no more effort.  External 
  software such as LaTeX or HTML or their viewers is not required.  The 
  package provides a full set of tools to control the style and appearance 
  of tables, including titles, footnotes and reference marks, horizontal 
  and vertical rules, and spacing of rows and columns.  Methods are included 
  to display matrices; data frames; tables created by R's ftable(), table(), 
  and xtabs() functions; and tables created by the 'tables' and 'xtable' 
  packages.  Methods can be added to display other table-like objects.  A 
  vignette is included that illustrates usage and options available in the 
  package.",NA,NA,NA,yes,NA,NA,NA,Richard Raubertas <rrprf@emvt.net>,NA,2024-01-26 20:49:43 UTC; rfr,NA,NA,NA,NA,"Presentation-Quality Tables, Displayed Using 'ggplot2'",NA,https://github.com/rrprf/tablesgg,NA,knitr,NA,NA,NA,2024-01-27,NA,NA,NA,NA,NA,NA,10.32614/CRAN.package.tablesgg,TRUE,TRUE,TRUE,FALSE,2
tdr,0.13,NA,"lattice, ggplot2","RColorBrewer, grDevices, stats, utils",NA,latticeExtra,NA,GPL-2,NA,NA,NA,NA,e94e59d167432ca8c63c0fce20d699dd,no,NA,"Oscar Perpinan Lamigueiro [cre, aut]","person(""Oscar"", ""Perpinan Lamigueiro"", email=""oscar.perpinan@gmail.com"", role=c('cre', 'aut'))",NA,https://github.com/oscarperpinan/tdr/issues,NA,NA,NA,NA,NA,NA,NA,NA,NA,NA,NA,NA,NA,NA,NA,NA,2018-01-10,2018-01-10 21:19:37 UTC,"Implementation of target diagrams using 'lattice' and 'ggplot2' graphics. Target diagrams provide a graphical overview of the respective contributions of the unbiased RMSE and MBE to the total RMSE (Jolliff, J. et al., 2009. ""Summary Diagrams for Coupled Hydrodynamic-Ecosystem Model Skill Assessment."" Journal of Marine Systems 76: 64–82.)",UTF-8,NA,NA,NA,NA,NA,NA,Oscar Perpinan Lamigueiro <oscar.perpinan@gmail.com>,NA,2018-01-10 21:09:35 UTC; oscar,NA,NA,NA,NA,Target Diagram,Package,http://github.com/oscarperpinan/tdr,NA,NA,NA,NA,NA,2018-01-10,NA,NA,NA,"solaR, solaR2",NA,NA,10.32614/CRAN.package.tdr,TRUE,FALSE,TRUE,FALSE,1
Ternary,2.3.3,NA,R (>= 3.6.0),"PlotTools (>= 0.2.0), RcppHungarian, shiny, sp,",NA,"colourpicker, knitr, readxl, rmarkdown, shinyjs, spelling,
testthat (>= 3.0), vdiffr,",NA,GPL (>= 2),NA,NA,NA,NA,805bd186c460257eafcfca77d6e858f0,no,NA,"Martin R. Smith [aut, cre, cph]
    (<https://orcid.org/0000-0001-5660-1727>),
  Lilian Sanselme [ctb]","c(person(""Martin R."", ""Smith"",
                    email = ""martin.smith@durham.ac.uk"",
                    role = c(""aut"", ""cre"", ""cph""), 
                    comment = c(ORCID = ""0000-0001-5660-1727"")
                   ),
             person(""Lilian"", ""Sanselme"", role = ""ctb"")
            )",NA,https://github.com/ms609/Ternary/issues/,NA,NA,NA,NA,NA,NA,NA,NA,NA,NA,NA,NA,NA,NA,NA,NA,NA,2024-08-27 13:10:02 UTC,"Plots ternary diagrams (simplex plots / Gibbs triangles) and
  Holdridge life zone plots <doi:10.1126/science.105.2727.367> using the
  standard graphics functions.
  Allows custom annotation, interpolating, contouring and scaling of plotting
  region.
  Includes a 'Shiny' user interface for point-and-click ternary plotting.
  An alternative to 'ggtern', which uses the 'ggplot2' family of plotting 
  functions.",UTF-8,NA,en-GB,true,NA,NA,NA,Martin R. Smith <martin.smith@durham.ac.uk>,NA,2024-08-27 12:05:18 UTC; pjjg18,NA,NA,NA,NA,Create Ternary and Holdridge Plots,NA,"https://ms609.github.io/Ternary/,
https://github.com/ms609/Ternary/",NA,knitr,NA,NA,NA,2024-08-27,NA,"bexy, comstab, CongreveLamsdell2016, Quartet, shinyNORRRM",NA,"fastTopics, pomdp, TreeDist",NA,NA,10.32614/CRAN.package.Ternary,TRUE,FALSE,TRUE,FALSE,1
textab,1.0.1,NA,NA,NA,NA,"knitr, rmarkdown",NA,MIT + file LICENSE,NA,NA,NA,NA,662ab524116838bf2276859a963ea3af,no,NA,"Thibaut Lamadon [aut, cph],
  Bradley Setzler [aut, cre, cph]","c(
      person(""Thibaut"", ""Lamadon"", , ""thibaut.lamadon@gmail.com"", role = c(""aut"",""cph"")),
      person(""Bradley"", ""Setzler"", , ""bradley.setzler@gmail.com"", role = c(""aut"",""cre"",""cph""))
    )",NA,https://github.com/setzler/textab/issues,NA,NA,NA,NA,NA,NA,NA,NA,NA,NA,NA,NA,NA,NA,NA,NA,NA,2023-04-25 11:50:02 UTC,"Generate 'LaTeX' tables directly from R. It builds 'LaTeX' tables in blocks in the spirit of 'ggplot2' using the '+' and '/' operators for concatenation in the vertical and horizontal dimensions, respectively. It exports tables in the 'LaTeX' tabular environment using '.tex' code. It can compile '.tex' code to 'PDF' automatically.",UTF-8,NA,NA,NA,NA,NA,NA,Bradley Setzler <bradley.setzler@gmail.com>,NA,2023-04-25 11:41:52 UTC; bradleysetzler,NA,NA,NA,NA,Create Highly-Customized 'LaTeX' Tables,NA,https://setzler.github.io/textab/,NA,knitr,NA,NA,NA,2023-04-25,NA,NA,NA,NA,NA,NA,10.32614/CRAN.package.textab,TRUE,FALSE,TRUE,FALSE,1
tgamtheme,0.1.0,NA,R (>= 3.5.0),"grDevices, ggplot2",NA,testthat (>= 3.0.0),NA,MIT + file LICENSE,NA,NA,NA,NA,d9a8bf025f6909690817d0a1769c046f,no,NA,"Tom Cardoso [aut, cre] (creator and maintainer)","c(person(""Tom"", ""Cardoso"", email = ""tcardoso@globeandmail.com"", role = c(""aut"", ""cre""), comment = ""creator and maintainer""))",NA,https://github.com/globeandmail/tgamtheme/issues,NA,NA,NA,NA,NA,NA,NA,NA,NA,NA,NA,NA,NA,NA,NA,NA,NA,2021-02-05 09:40:08 UTC,"Theme and colour palettes for The Globe and Mail's graphics. Includes colour and fill scale functions, colour palette helpers and a Globe-styled 'ggplot2' theme object.",UTF-8,NA,en-US,true,NA,NA,NA,Tom Cardoso <tcardoso@globeandmail.com>,NA,2021-01-29 17:45:50 UTC; tcardoso,NA,NA,NA,NA,Globe and Mail Graphics Theme for 'ggplot2',Package,"https://github.com/globeandmail/tgamtheme,
https://globeandmail.github.io/tgamtheme/",NA,NA,NA,NA,NA,2021-02-05,NA,upstartr,NA,NA,NA,NA,10.32614/CRAN.package.tgamtheme,TRUE,FALSE,TRUE,FALSE,1
thematic,0.1.6,NA,R (>= 3.0.0),"farver, ggplot2 (>= 3.3.0), graphics, grDevices, grid,
rappdirs, rlang, rstudioapi (>= 0.8), scales, utils",NA,"bslib, Cairo, curl, gganimate, ggiraph, htmltools, jsonlite,
knitr, lattice, ragg, rmarkdown, shiny (>= 1.5.0), showtext,
stats, svglite, sysfonts, systemfonts, testthat, vdiffr (>=
1.0.0), withr",NA,MIT + file LICENSE,NA,NA,NA,NA,256e05a2faae3bb5b8b7765332c9bade,no,NA,"Carson Sievert [aut, cre] (<https://orcid.org/0000-0002-4958-2844>),
  Barret Schloerke [aut] (<https://orcid.org/0000-0001-9986-114X>),
  Joe Cheng [aut],
  Posit Software, PBC [cph, fnd]","c(
    person(""Carson"", ""Sievert"", , ""carson@posit.co"", role = c(""aut"", ""cre""),
           comment = c(ORCID = ""0000-0002-4958-2844"")),
    person(""Barret"", ""Schloerke"", , ""barret@posit.co"", role = ""aut"",
           comment = c(ORCID = ""0000-0001-9986-114X"")),
    person(""Joe"", ""Cheng"", , ""joe@posit.co"", role = ""aut""),
    person(""Posit Software, PBC"", role = c(""cph"", ""fnd""))
  )",NA,https://github.com/rstudio/thematic/issues,NA,NA,NA,NA,NA,NA,NA,NA,NA,NA,NA,"'auto.R' 'base.R' 'cache.R' 'gfonts.R' 'ggplot.R' 'globals.R'
'hooks.R' 'knitr.R' 'lattice.R' 'onLoad.R' 'thematic-package.R'
'thematic-save-plot.R' 'thematic.R' 'utils.R'
'view-shinytest.R'",NA,NA,NA,NA,NA,2024-07-29 15:50:02 UTC,"Theme 'ggplot2', 'lattice', and 'base' graphics based on a
    few choices, including foreground color, background color, accent
    color, and font family. Fonts that aren't available on the system, but
    are available via download on 'Google Fonts', can be automatically
    downloaded, cached, and registered for use with the 'showtext' and
    'ragg' packages.",UTF-8,NA,NA,NA,NA,NA,NA,Carson Sievert <carson@posit.co>,NA,2024-07-25 15:50:58 UTC; cpsievert,NA,NA,NA,NA,"Unified and Automatic 'Theming' of 'ggplot2', 'lattice', and
'base' R Graphics",NA,"https://rstudio.github.io/thematic/,
https://github.com/rstudio/thematic",NA,NA,NA,NA,NA,2024-07-29,NA,"NiLeDAM, oceanexplorer",NA,"actxps, bs4Dash, bslib, shinyMobile",NA,NA,10.32614/CRAN.package.thematic,TRUE,FALSE,TRUE,FALSE,1
tidybayes,3.0.7,NA,R (>= 4.0.0),"methods, ggdist (>= 3.0.0), dplyr (>= 1.1.0), tidyr (>=
1.0.0), ggplot2 (>= 3.3.5), coda, rlang (>= 0.3.0),
arrayhelpers, tidyselect, tibble, magrittr, posterior (>=
1.0.1), withr, cli, vctrs",NA,"knitr, testthat, purrr (>= 0.2.3), forcats, vdiffr (>=
1.0.0), svglite, rstan (>= 2.17.0), rstantools (>= 2.1.0),
runjags, rjags, jagsUI, rstanarm (>= 2.19.2), emmeans, broom
(>= 0.4.3), MCMCglmm, bayesplot, modelr, brms (>= 2.16.0),
cowplot, covr, rmarkdown, ggrepel, bindrcpp, RColorBrewer,
gganimate, gifski, png, ragg, pkgdown, distributional,
transformr",NA,GPL (>= 3),NA,NA,NA,NA,9a5ab072a71abc885f4c573bc242d2b9,no,NA,"Matthew Kay [aut, cre],
  Timothy Mastny [ctb]","c(
        person(""Matthew"", ""Kay"", role = c(""aut"", ""cre""), email = ""mjskay@northwestern.edu""),
        person(""Timothy"", ""Mastny"", role = ""ctb"", email = ""tim.mastny@gmail.com"")
    )",NA,https://github.com/mjskay/tidybayes/issues,NA,NA,NA,NA,NA,NA,NA,NA,NA,NA,NA,"""ggdist-curve_interval.R"" ""ggdist-cut_cdf_qi.R""
""ggdist-geom_slabinterval.R"" ""ggdist-geom_dotsinterval.R""
""ggdist-geom_interval.R"" ""ggdist-geom_lineribbon.R""
""ggdist-geom_pointinterval.R"" ""ggdist-lkjcorr_marginal.R""
""ggdist-parse_dist.R"" ""ggdist-scales.R""
""ggdist-stat_slabinterval.R"" ""ggdist-stat_dist_slabinterval.R""
""ggdist-stat_sample_slabinterval.R""
""ggdist-stat_dotsinterval.R"" ""ggdist-stat_pointinterval.R""
""ggdist-stat_interval.R"" ""ggdist-stat_lineribbon.R""
""ggdist-student_t.R"" ""ggdist-theme_ggdist.R""
""ggdist-tidy_format_translators.R"" ""tidybayes-package.R""
""add_draws.R"" ""combine_chains.R"" ""compare_levels.R""
""compose_data.R"" ""density_bins.R"" ""emmeans_comparison.R""
""epred_draws.R"" ""epred_rvars.R"" ""flip_aes.R"" ""gather_draws.R""
""gather_emmeans_draws.R"" ""gather_pairs.R"" ""gather_rvars.R""
""gather_variables.R"" ""get_variables.R"" ""global_variables.R""
""linpred_draws.R"" ""linpred_rvars.R"" ""nest_rvars.R"" ""onAttach.R""
""point_interval.R"" ""predict_curve.R"" ""predicted_draws.R""
""predicted_rvars.R"" ""recover_types.R"" ""residual_draws.R""
""sample_draws.R"" ""spread_draws.R"" ""spread_rvars.R""
""summarise_draws.R"" ""testthat.R"" ""tidy_draws.R""
""tidybayes-models.R"" ""ungather_draws.R"" ""unspread_draws.R""
""util.R"" ""x_at_y.R"" ""deprecated.R""",NA,NA,NA,NA,NA,2024-09-15 06:20:02 UTC,"Compose data for and extract, manipulate, and visualize posterior draws from Bayesian models
    ('JAGS', 'Stan', 'rstanarm', 'brms', 'MCMCglmm', 'coda', ...) in a tidy data format. Functions are provided
    to help extract tidy data frames of draws from Bayesian models and that generate point
    summaries and intervals in a tidy format. In addition, 'ggplot2' 'geoms' and 'stats' are provided for
    common visualization primitives like points with multiple uncertainty intervals, eye plots (intervals plus
    densities), and fit curves with multiple, arbitrary uncertainty bands.",UTF-8,NA,en-US,NA,NA,NA,NA,Matthew Kay <mjskay@northwestern.edu>,NA,2024-09-15 05:33:44 UTC; matth,NA,NA,NA,NA,Tidy Data and 'Geoms' for Bayesian Models,NA,"https://mjskay.github.io/tidybayes/,
https://github.com/mjskay/tidybayes/",NA,knitr,NA,NA,NA,2024-09-15,NA,"bartMan, BayesERtools, BayesGrowth, bennu, fido, INSPECTumours, mcmsupply, mcp, ppcseq, rcbayes, reslr, surveil, tidytreatment, trialr",NA,"bmm, multiverse, rstanemax",NA,NA,10.32614/CRAN.package.tidybayes,TRUE,FALSE,TRUE,FALSE,1
tidychangepoint,1.0.0,NA,R (>= 4.2),"broom, changepoint, cli, dplyr, GA, ggplot2, lifecycle,
memoise, methods, patchwork, purrr, rlang, scales, stringr,
tibble, tidyr, tsibble, vctrs, wbs, xts, zoo",NA,"bench, knitr, here, multitaper, readr, rmarkdown, testthat
(>= 3.0.0)",NA,GPL (>= 3),NA,NA,NA,NA,4b288a107843f209b5d1d5b011a37ccc,no,NA,"Benjamin S. Baumer [aut, cre, cph]
    (<https://orcid.org/0000-0002-3279-0516>),
  Biviana Marcela Suárez Sierra [aut]
    (<https://orcid.org/0000-0003-2151-3537>),
  Arrigo Coen [aut] (<https://orcid.org/0000-0001-7798-7104>),
  Carlos A. Taimal [aut] (<https://orcid.org/0000-0002-8716-1282>),
  Xueheng Shi [ctb]","c(
    person(""Benjamin S."", ""Baumer"", email = ""ben.baumer@gmail.com"", 
      role = c(""aut"", ""cre"", ""cph""), comment = c(ORCID = ""0000-0002-3279-0516"")
    ),
    person(
      ""Biviana Marcela"", ""Suárez Sierra"", email = ""bmsuarezs@eafit.edu.co"", 
      role = c(""aut""), comment = c(ORCID = ""0000-0003-2151-3537"")
    ),    
    person(
      ""Arrigo"", ""Coen"", role = c(""aut""), 
      comment = c(ORCID = ""0000-0001-7798-7104"")
    ),
    person(
      ""Carlos A."", ""Taimal"", role = c(""aut""), 
      comment = c(ORCID = ""0000-0002-8716-1282"")
    ),
    person(
      ""Xueheng"", ""Shi"", role = c(""ctb"")
    )
  )",NA,NA,NA,NA,NA,NA,NA,NA,NA,NA,NA,NA,NA,NA,NA,NA,NA,NA,NA,2025-01-31 20:50:02 UTC,"Changepoint detection algorithms for R are widespread but have
    different interfaces and reporting conventions. 
    This makes the comparative analysis of results difficult. 
    We solve this problem by providing a tidy, unified interface for several 
    different changepoint detection algorithms. 
    We also provide consistent numerical and graphical reporting leveraging 
    the 'broom' and 'ggplot2' packages. ",UTF-8,NA,NA,true,NA,NA,NA,Benjamin S. Baumer <ben.baumer@gmail.com>,NA,2025-01-31 20:37:42 UTC; bbaumer,NA,NA,NA,NA,A Tidy Framework for Changepoint Detection Analysis,NA,https://beanumber.github.io/tidychangepoint/,NA,knitr,NA,NA,NA,2025-01-31,NA,NA,NA,NA,NA,NA,10.32614/CRAN.package.tidychangepoint,TRUE,FALSE,TRUE,FALSE,1
tidyEdSurvey,0.1.3,NA,"R (>= 3.5.0), EdSurvey (>= 4.0.1),","dplyr, ggplot2, tidyselect, lifecycle, cli, stats, rlang,
methods",NA,testthat,NA,GPL-2,NA,NA,NA,NA,d51c93ecc77fe95e3f66ab5271ff05c3,no,NA,"Blue Webb [aut, cre] (<https://orcid.org/0009-0004-4080-9864>),
  Tom Fink [ctb] (<https://orcid.org/0009-0003-9308-2833>)","c(person(""Blue"",""Webb"",,""bwebb@air.org"",role=c(""aut"", ""cre""),
              comment = c(ORCID = ""0009-0004-4080-9864"")),
            person(""Tom"", ""Fink"",role = ""ctb"",
              comment = c(ORCID = ""0009-0003-9308-2833"")))",NA,NA,NA,NA,NA,NA,NA,NA,NA,NA,NA,NA,NA,NA,NA,NA,NA,NA,2024-05-14,2024-05-14 20:20:03 UTC,"Takes objects of class edsurvey.data.frame and converts them to a data.frame within the calling environment of 'dplyr' and 'ggplot2' functions. Additionally, for plotting with 'ggplot2', users can map aesthetics to subject scales and all plausible values will be used. This package supports student level data; to work with school or teacher level data, see '?EdSurvey::getData'.",UTF-8,NA,NA,NA,NA,NA,NA,Blue Webb <bwebb@air.org>,NA,2024-05-14 19:19:08 UTC; bwebb,NA,NA,NA,NA,Integration of 'dplyr' and 'ggplot2' with 'EdSurvey',NA,NA,NA,NA,NA,NA,NA,2024-05-14,NA,NA,NA,NA,NA,NA,10.32614/CRAN.package.tidyEdSurvey,TRUE,FALSE,TRUE,FALSE,1
tidygam,1.0.0,NA,R (>= 2.10),"cli, dplyr, ggplot2, glue, insight, magrittr, mgcv, rlang,
stringr, tibble, tidyr, tidyselect",NA,"knitr, rmarkdown",NA,MIT + file LICENSE,NA,NA,NA,NA,f8934601d5de95b8a5edfdb34414d6c2,no,NA,"Stefano Coretta [aut, cre]","
    c(person(given = ""Stefano"",
             family = ""Coretta"",
             email = paste0(""stefano.coretta"", ""@"", ""gmail.com""),
             role = c(""aut"", ""cre"")))",NA,https://github.com/stefanocoretta/tidygam/issues,NA,NA,NA,NA,NA,NA,NA,NA,NA,NA,NA,NA,NA,NA,NA,NA,2024-12-18,2024-12-18 15:50:02 UTC,"Provides functions that compute predictions from Generalised
    Additive Models (GAMs) fitted with 'mgcv' and return them as a tibble.
    These can be plotted with a generic plot()-method that uses 'ggplot2' or
    plotted as any other data frame. The main function is predict_gam().",UTF-8,NA,en-US,true,NA,NA,NA,Stefano Coretta <stefano.coretta@gmail.com>,NA,2024-12-18 15:32:50 UTC; ste,NA,NA,NA,NA,Tidy Prediction and Plotting of Generalised Additive Models,Package,"https://github.com/stefanocoretta/tidygam,
https://stefanocoretta.github.io/tidygam/",NA,knitr,NA,NA,NA,2024-12-18,NA,NA,NA,NA,NA,NA,10.32614/CRAN.package.tidygam,TRUE,FALSE,TRUE,FALSE,1
tidypaleo,0.1.3,NA,R (>= 3.4.0),"rlang, tidyselect, dplyr, vctrs, tibble, scales, ggplot2 (>=
3.0.0), styler, purrr, ggstance, stringr, withr, tidyr (>=
1.0.2), digest, rioja",NA,"testthat, knitr, rmarkdown, vegan, patchwork, forcats, vdiffr",NA,MIT + file LICENSE,NA,NA,NA,NA,d074ed7915b4e7bdb8d4a4de91b12b86,no,NA,"Dewey Dunnington [aut, cre, cph]
    (<https://orcid.org/0000-0002-9415-4582>)","person(""Dewey"", ""Dunnington"", 
                  email = ""dewey@fishandwhistle.net"", 
                  role = c(""aut"", ""cre"", ""cph""), comment = c(ORCID = ""0000-0002-9415-4582""))",NA,https://github.com/paleolimbot/tidypaleo/issues,NA,NA,NA,NA,NA,NA,NA,NA,NA,NA,NA,NA,NA,NA,NA,NA,NA,2023-01-18 08:20:03 UTC,"Provides a set of functions with a common framework for age-depth model management, 
  stratigraphic visualization, and common statistical transformations. The focus of the
  package is stratigraphic visualization, for which 'ggplot2' components are provided
  to reproduce the scales, geometries, facets, and theme elements commonly used in
  publication-quality stratigraphic diagrams. Helpers are also provided to reproduce
  the exploratory statistical summaries that are frequently included on
  stratigraphic diagrams. See Dunnington et al. (2021) <doi:10.18637/jss.v101.i07>.",UTF-8,NA,NA,true,NA,NA,NA,Dewey Dunnington <dewey@fishandwhistle.net>,NA,2023-01-18 02:56:24 UTC; deweydunnington,NA,NA,NA,NA,Tidy Tools for Paleoenvironmental Archives,NA,"https://paleolimbot.github.io/tidypaleo/,
https://github.com/paleolimbot/tidypaleo",NA,knitr,NA,NA,NA,2023-01-18,NA,NA,NA,NA,NA,NA,10.32614/CRAN.package.tidypaleo,TRUE,FALSE,TRUE,FALSE,1
tidyquant,1.0.11,NA,"R (>= 3.5.0),","dplyr (>= 1.0.0), ggplot2 (>= 3.4.0), httr, httr2, curl,
lazyeval, lubridate, magrittr, PerformanceAnalytics, RobStatTM,
quantmod (>= 0.4-13), purrr, readr, readxl, stringr, tibble,
tidyr (>= 1.0.0), timetk (>= 2.4.0), timeDate, TTR, xts, rlang,
zoo, cli",NA,"alphavantager (>= 0.1.2), Quandl, riingo, tibbletime, broom,
knitr, forcats, rmarkdown, testthat (>= 2.1.0), scales,
Rblpapi, janitor",NA,MIT + file LICENSE,NA,NA,NA,NA,bdb844257a24e2648742ec0a490eeb98,no,NA,"Matt Dancho [aut, cre],
  Davis Vaughan [aut]","c(
    person(""Matt"", ""Dancho"", email = ""mdancho@business-science.io"", role = c(""aut"", ""cre"")),
    person(""Davis"", ""Vaughan"", email = ""dvaughan@business-science.io"", role = c(""aut""))
  )",NA,https://github.com/business-science/tidyquant/issues,NA,NA,NA,NA,NA,NA,NA,NA,NA,NA,NA,NA,NA,NA,NA,NA,NA,2025-02-13 05:30:02 UTC,"Bringing business and financial analysis to the 'tidyverse'. The 'tidyquant' 
    package provides a convenient wrapper to various 'xts', 'zoo', 'quantmod', 'TTR' 
    and 'PerformanceAnalytics' package 
    functions and returns the objects in the tidy 'tibble' format. The main 
    advantage is being able to use quantitative functions with the 'tidyverse'
    functions including 'purrr', 'dplyr', 'tidyr', 'ggplot2', 'lubridate', etc. See 
    the 'tidyquant' website for more information, documentation and examples.",UTF-8,NA,NA,true,NA,NA,NA,Matt Dancho <mdancho@business-science.io>,NA,2025-02-13 01:09:08 UTC; mdancho,NA,NA,NA,NA,Tidy Quantitative Financial Analysis,Package,"https://business-science.github.io/tidyquant/,
https://github.com/business-science/tidyquant",NA,knitr,NA,NA,NA,2025-02-13,NA,sweep,NA,"anomalize, bitmexr, modeltime.resample, RTL",NA,NA,10.32614/CRAN.package.tidyquant,TRUE,FALSE,TRUE,FALSE,1
tidyterra,0.7.0,NA,R (>= 3.6.0),"cli (>= 3.0.0), data.table, dplyr (>= 1.0.0), ggplot2 (>=
3.5.0), magrittr, rlang, scales, sf (>= 1.0.0), terra (>=
1.8-10), tibble (>= 3.0.0), tidyr (>= 1.0.0)",NA,"hexbin, isoband, knitr, lifecycle, maptiles, rmarkdown, s2,
testthat (>= 3.0.0), vctrs, vdiffr",NA,MIT + file LICENSE,NA,NA,NA,NA,a780fe5dc20f400d8246c9ee3e1eb99e,no,NA,"Diego Hernangómez [aut, cre, cph]
    (<https://orcid.org/0000-0001-8457-4658>),
  Dewey Dunnington [ctb] (<https://orcid.org/0000-0002-9415-4582>, for
    ggspatial code),
  ggplot2 authors [cph] (for contour code)","c(
    person(""Diego"", ""Hernangómez"", , ""diego.hernangomezherrero@gmail.com"", role = c(""aut"", ""cre"", ""cph""),
           comment = c(ORCID = ""0000-0001-8457-4658"")),
    person(""Dewey"", ""Dunnington"", role = ""ctb"",
           comment = c(ORCID = ""0000-0002-9415-4582"", ""for ggspatial code"")),
    person(""ggplot2 authors"", role = ""cph"",
           comment = ""for contour code"")
  )",NA,https://github.com/dieghernan/tidyterra/issues,NA,NA,NA,NA,NA,NA,NA,NA,NA,NA,NA,NA,NA,NA,NA,NA,NA,2025-02-03 20:50:02 UTC,"Extension of the 'tidyverse' for 'SpatRaster' and
    'SpatVector' objects of the 'terra' package. It includes also new
    'geom_' functions that provide a convenient way of visualizing 'terra'
    objects with 'ggplot2'.",UTF-8,NA,NA,true,NA,NA,NA,Diego Hernangómez <diego.hernangomezherrero@gmail.com>,NA,2025-02-03 20:05:29 UTC; diego,NA,NA,NA,NA,'tidyverse' Methods and 'ggplot2' Helpers for 'terra' Objects,NA,"https://dieghernan.github.io/tidyterra/,
https://github.com/dieghernan/tidyterra",NA,knitr,NA,NA,NA,2025-02-03,NA,"disaggregation, ebvcube, geocausal, ggmapcn, glossa, intSDM, lifeR, malariaAtlas, MassWateR, medfateland, multilandr, rStrava",NA,"biomod2, blackmarbler, CatastRo, DOYPAColors, fmesher, inlabru, mapSpain, PHENTHAUproc, rasterpic, RCzechia, S4DM, sparrpowR, tectonicr, tidysdm",NA,NA,10.32614/CRAN.package.tidyterra,TRUE,FALSE,TRUE,FALSE,1
tidytext,0.4.2,NA,R (>= 2.10),"cli, dplyr (>= 1.1.1), generics, janeaustenr, lifecycle,
Matrix, methods, purrr (>= 0.1.1), rlang (>= 0.4.10), stringr,
tibble, tokenizers, vctrs",NA,"broom, covr, data.table, ggplot2, hunspell, knitr, mallet,
NLP, quanteda, readr, reshape2, rmarkdown, scales, stm,
stopwords, testthat (>= 2.1.0), textdata, tidyr, tm,
topicmodels, vdiffr, wordcloud",NA,MIT + file LICENSE,NA,NA,NA,NA,c85788a523c09a920202ac810b790e80,no,NA,"Gabriela De Queiroz [ctb],
  Colin Fay [ctb] (<https://orcid.org/0000-0001-7343-1846>),
  Emil Hvitfeldt [ctb],
  Os Keyes [ctb] (<https://orcid.org/0000-0001-5196-609X>),
  Kanishka Misra [ctb],
  Tim Mastny [ctb],
  Jeff Erickson [ctb],
  David Robinson [aut],
  Julia Silge [aut, cre] (<https://orcid.org/0000-0002-3671-836X>)","c(
    person(""Gabriela"", ""De Queiroz"", , ""gabidequeiroz@gmail.com"", role = ""ctb""),
    person(""Colin"", ""Fay"", , ""contact@colinfay.me"", role = ""ctb"",
           comment = c(ORCID = ""0000-0001-7343-1846"")),
    person(""Emil"", ""Hvitfeldt"", , ""emilhhvitfeldt@gmail.com"", role = ""ctb""),
    person(""Os"", ""Keyes"", , ""ironholds@gmail.com"", role = ""ctb"",
           comment = c(ORCID = ""0000-0001-5196-609X"")),
    person(""Kanishka"", ""Misra"", , ""kmisra@purdue.edu"", role = ""ctb""),
    person(""Tim"", ""Mastny"", , ""tim.mastny@gmail.com"", role = ""ctb""),
    person(""Jeff"", ""Erickson"", , ""jeff@erick.so"", role = ""ctb""),
    person(""David"", ""Robinson"", , ""admiral.david@gmail.com"", role = ""aut""),
    person(""Julia"", ""Silge"", , ""julia.silge@gmail.com"", role = c(""aut"", ""cre""),
           comment = c(ORCID = ""0000-0002-3671-836X""))
  )",NA,https://github.com/juliasilge/tidytext/issues,NA,NA,NA,NA,NA,NA,NA,NA,NA,NA,NA,NA,NA,NA,NA,NA,NA,2024-04-10 12:50:06 UTC,"Using tidy data principles can make many text mining tasks
    easier, more effective, and consistent with tools already in wide use.
    Much of the infrastructure needed for text mining with tidy data
    frames already exists in packages like 'dplyr', 'broom', 'tidyr', and
    'ggplot2'. In this package, we provide functions and supporting data
    sets to allow conversion of text to and from tidy formats, and to
    switch seamlessly between tidy tools and existing text mining
    packages.",UTF-8,NA,NA,TRUE,NA,NA,NA,Julia Silge <julia.silge@gmail.com>,NA,2024-04-10 11:39:59 UTC; juliasilge,NA,NA,NA,NA,"Text Mining using 'dplyr', 'ggplot2', and Other Tidy Tools",Package,"https://juliasilge.github.io/tidytext/,
https://github.com/juliasilge/tidytext",NA,knitr,NA,NA,NA,2024-04-10,textanalyzer,"akc, AnimalSequences, available, benchdamic, bibliometrix, CINE, crsra, dail, datamedios, DistatisR, DOPE, epitweetr, ggpage, Goodreader, GSEAmining, iheiddown, LDAShiny, MadanText, MadanTextNetwork, madshapR, margaret, miaViz, miRetrieve, moodleR, naturaList, NIMAA, opitools, oRus, saotd, scicomptools, sherlock, statquotes, texter, TextForecast, TextMiningGUI, tidylda, tsentiment, ulex, upstartr, vivainsights, WeatherSentiment, weed, widyr, wpa",NA,"bugphyzz, eurlex, funrar, gutenbergr, ibawds, LexisNexisTools, MetMashR, mvrsquared, newsanchor, openintro, polmineR, rfars, schrute, smartid, spacyr, spRingsteen, textmineR, tidylo, tidypmc, Twitmo, vosonSML",quanteda,NA,10.32614/CRAN.package.tidytext,TRUE,FALSE,TRUE,FALSE,1
tigger,1.1.0,NA,"R (>= 4.0), ggplot2 (>= 3.4.0)","alakazam (>= 1.3.0), dplyr (>= 1.0.0), doParallel, foreach,
graphics, gridExtra, gtools, iterators, lazyeval, parallel,
rlang, stats, stringi, tidyr (>= 1.1.0), utils",NA,"knitr, rmarkdown, testthat",NA,AGPL-3,NA,NA,NA,NA,080334af65c18d484d3e1454f629326f,no,NA,"Daniel Gadala-Maria [aut],
  Susanna Marquez [aut, cre],
  Moriah Cohen [aut],
  Jason Vander Heiden [aut],
  Gur Yaari [aut],
  Steven Kleinstein [aut, cph]","c(person(""Daniel"", ""Gadala-Maria"", role=c(""aut""), 
                    email=""daniel.gadala-maria@yale.edu""),
             person(""Susanna"", ""Marquez"", role=c(""aut"", ""cre""), 
                    email=""susanna.marquez@yale.edu""),                    
             person(""Moriah"", ""Cohen"", role=c(""aut""), 
                    email=""moriah.cohen@biu.ac.il""),   
             person(""Jason"", ""Vander Heiden"", role=c(""aut""), 
                    email=""jason.vanderheiden@gmail.com""),
             person(""Gur"", ""Yaari"", role=c(""aut""), 
                    email=""gur.yaari@biu.ac.il""),
             person(""Steven"", ""Kleinstein"", role=c(""aut"", ""cph""), 
                    email=""steven.kleinstein@yale.edu""))",NA,https://bitbucket.org/kleinstein/tigger/issues,NA,NA,NA,true,NA,NA,NA,NA,NA,NA,NA,NA,NA,NA,NA,NA,2023-10-10,2023-10-10 13:40:02 UTC,"Infers the V genotype of an individual from immunoglobulin (Ig)
    repertoire sequencing data (AIRR-Seq, Rep-Seq). Includes detection of 
    any novel alleles. This information is then used to correct existing V 
    allele calls from among the sample sequences.
    Citations:
    Gadala-Maria, et al (2015) <doi:10.1073/pnas.1417683112>,
    Gadala-Maria, et al (2019) <doi:10.3389/fimmu.2019.00129>.",UTF-8,NA,NA,true,NA,NA,NA,Susanna Marquez <susanna.marquez@yale.edu>,NA,2023-10-10 12:54:05 UTC; susanna,NA,NA,NA,NA,Infers Novel Immunoglobulin Alleles from Sequencing Data,Package,http://tigger.readthedocs.io,NA,knitr,NA,NA,NA,2023-10-10,NA,ogrdbstats,NA,NA,NA,NA,10.32614/CRAN.package.tigger,TRUE,TRUE,FALSE,FALSE,1
time.slots,0.2.0,NA,NA,"dplyr, ggfittext, ggplot2, lubridate, scales",NA,"testthat (>= 3.0.0), tidyr",NA,MIT + file LICENSE,NA,NA,NA,NA,2ad8e20bbd920c27376c2d4e8e39db6d,no,NA,"Mukti Rathod [aut, cre],
  Harel Lustiger [ctb]","c(
    person(""Mukti"", ""Rathod"", , ""mukti.rathod@annalect.com"", role = c(""aut"", ""cre"")),
    person(""Harel"", ""Lustiger"", , ""harel.lustiger@annalect.com"", role = ""ctb"")
  )",NA,https://bitbucket.org/annalectnz/time.slots/issues,NA,NA,NA,NA,NA,NA,NA,NA,NA,NA,NA,NA,NA,NA,NA,NA,NA,2022-04-22 09:20:02 UTC,"Generate weekly timetables as a ggplot2 layer. Add
    informative timeslots with elements such as title, key-value pairs, or
    colour to reveal trends.",UTF-8,NA,NA,NA,NA,NA,NA,Mukti Rathod <mukti.rathod@annalect.com>,NA,2022-04-20 22:50:03 UTC; mukti.rathod,NA,NA,NA,NA,Display Data in a Weekly Calendar View,NA,https://bitbucket.org/annalectnz/time.slots,NA,NA,NA,NA,NA,2022-04-22,NA,NA,NA,NA,NA,NA,10.32614/CRAN.package.time.slots,TRUE,FALSE,TRUE,FALSE,1
tinysnapshot,0.0.8,NA,NA,"diffobj, magick (>= 2.7.4), tinytest (>= 1.4.1)",NA,"fontquiver, ggplot2, ragg, rsvg, svglite",NA,GPL (>= 3),NA,NA,NA,NA,1333b6bee9feb6a8e35f200b9c30984c,no,NA,"Vincent Arel-Bundock [aut, cre, cph]
    (<https://orcid.org/0000-0003-2042-7063>)","
    c(person(given = ""Vincent"",
             family = ""Arel-Bundock"",
             role = c(""aut"", ""cre"", ""cph""),
             email = ""vincent.arel-bundock@umontreal.ca"",
             comment = c(ORCID = ""0000-0003-2042-7063"")))",NA,https://github.com/vincentarelbundock/tinysnapshot/issues,NA,NA,NA,NA,NA,NA,NA,NA,NA,NA,NA,NA,NA,NA,NA,NA,NA,2025-01-21 13:10:02 UTC,Snapshots for unit tests using the 'tinytest' framework for R. Includes expectations to test base R and 'ggplot2' plots as well as console output from print().,UTF-8,NA,NA,NA,NA,NA,NA,Vincent Arel-Bundock <vincent.arel-bundock@umontreal.ca>,NA,2025-01-21 12:26:59 UTC; vincent,NA,NA,NA,NA,Snapshots for Unit Tests using the 'tinytest' Framework,Package,https://github.com/vincentarelbundock/tinysnapshot,NA,NA,NA,NA,NA,2025-01-21,NA,ttdo,NA,"aion, ArchaeoPhases, dimensio, ggfixest, ggspark, isopleuros, kairos, khroma, marginaleffects, modelsummary, nexus, parttree, tabula, tinyplot, tinytable",NA,NA,10.32614/CRAN.package.tinysnapshot,TRUE,FALSE,TRUE,FALSE,1
tinythemes,0.0.2,NA,NA,ggplot2,NA,"hrbrthemes, patchwork",NA,MIT + file LICENSE,NA,NA,NA,NA,c6d2d274bc15ac5ba854fc1f21dfce96,no,NA,"Dirk Eddelbuettel [aut, cre] (<https://orcid.org/0000-0001-6419-907X>),
  Bob Rudis [aut] (<https://orcid.org/0000-0001-5670-2640>)","c(person(given = ""Dirk"", family = ""Eddelbuettel"",
                    role = c(""aut"", ""cre""), email = ""edd@debian.org"",
                    comment = c(ORCID = ""0000-0001-6419-907X"")),
             person(given = ""Bob"", family = ""Rudis"", role = ""aut"", email = ""bob@rud.is"", 
                    comment = c(ORCID = ""0000-0001-5670-2640"")))",NA,https://github.com/eddelbuettel/tinythemes/issues,NA,NA,NA,NA,NA,NA,NA,NA,NA,NA,NA,NA,NA,NA,NA,NA,2024-03-04,2024-03-04 12:50:02 UTC,"Themes for 'ggplot2' are a convenient way to style plots. The 'hrbrthemes' package
 contains a particularly nice one, but brings along a significant tail of dependencies. So this
 (currently experimental) package brings along just the 'theme_ipsum_rc' theme using the 'Roboto'
 'Condensed' font.  Should the font not be installed on your system, see the help in the package
 'hrbrthemes' on how to install 'Roboto Condensed'.",UTF-8,NA,NA,NA,NA,NA,NA,Dirk Eddelbuettel <edd@debian.org>,NA,2024-03-04 12:32:35 UTC; edd,NA,NA,NA,NA,Lightweight Repackaging of 'Themes' for 'ggplot2',Package,https://github.com/eddelbuettel/tinythemes,NA,NA,NA,NA,NA,2024-03-04,NA,NA,NA,NA,NA,NA,10.32614/CRAN.package.tinythemes,TRUE,FALSE,TRUE,FALSE,1
treemapify,2.5.6,NA,R (>= 3.6),"ggplot2 (>= 2.2.1), ggfittext (>= 0.5.0), grid (>= 3.1), cli
(>= 3.6.1)",NA,"knitr, rmarkdown, testthat, vdiffr, spelling",NA,GPL (>= 3),NA,NA,NA,NA,847e38a1cf00dade72b7dc3c36a3f6be,no,NA,"David Wilkins [aut, cre] (<https://orcid.org/0000-0002-3385-8981>),
  Bob Rudis [ctb] (<https://orcid.org/0000-0001-5670-2640>)","c(
  person(""David"", ""Wilkins"", , ""david@wilkox.org"", role = c(""aut"", ""cre""),
         comment = c(ORCID = ""0000-0002-3385-8981"")),
  person(""Bob"", ""Rudis"", , ""bob@rud.is"", role = c(""ctb""),
         comment = c(ORCID = ""0000-0001-5670-2640""))
  )",NA,https://github.com/wilkox/treemapify/issues/,NA,NA,NA,NA,NA,NA,NA,NA,NA,NA,NA,NA,NA,NA,NA,NA,NA,2023-09-30 07:40:02 UTC,Provides 'ggplot2' geoms for drawing treemaps.,UTF-8,NA,en-GB,true,NA,NA,NA,David Wilkins <david@wilkox.org>,NA,2023-09-30 07:12:19 UTC; wilkox,NA,NA,NA,NA,Draw Treemaps in 'ggplot2',NA,https://wilkox.org/treemapify/,NA,knitr,NA,NA,NA,2023-09-30,NA,"epiCo, hockeystick, margaret, mpactr, rfm",NA,unhcrthemes,NA,NA,10.32614/CRAN.package.treemapify,TRUE,FALSE,TRUE,FALSE,1
trekcolors,0.2.0,NA,R (>= 2.10),ggplot2,NA,"testthat, knitr, rmarkdown, covr",NA,MIT + file LICENSE,NA,NA,NA,NA,ff136ca4b44276cb66c5123d6472a47b,no,NA,"Matthew Leonawicz [aut, cre] (<https://orcid.org/0000-0001-9452-2771>)","person(""Matthew"", ""Leonawicz"", email = ""rpkgs@pm.me"", role = c(""aut"", ""cre""), comment = c(ORCID = ""0000-0001-9452-2771""))",NA,https://github.com/leonawicz/trekcolors/issues,NA,NA,NA,NA,NA,NA,NA,NA,NA,NA,NA,NA,NA,NA,NA,NA,NA,2024-09-12 17:40:09 UTC,"Provides a dataset of predefined color palettes based on the Star Trek science fiction series, associated color palette functions, 
    and additional functions for generating customized palettes that are on theme. The package also offers functions for applying 
    the palettes to plots made using the 'ggplot2' package.",UTF-8,NA,en-US,true,NA,NA,NA,Matthew Leonawicz <rpkgs@pm.me>,NA,2024-09-11 22:24:02 UTC; Matt,NA,NA,NA,NA,Star Trek Color Palettes,NA,https://github.com/leonawicz/trekcolors,NA,NA,NA,NA,NA,2024-09-12,NA,lcars,NA,gyro,NA,NA,10.32614/CRAN.package.trekcolors,TRUE,FALSE,TRUE,FALSE,1
trelliscopejs,0.2.6,NA,R (>= 3.4.0),"dplyr, purrr, grid, htmltools, DistributionUtils, grDevices,
gtable, digest, jsonlite, ggplot2 (>= 3.2.1), base64enc,
htmlwidgets, graphics, progress, utils, knitr, webshot,
autocogs, tidyr, rlang",NA,"plotly, testthat, covr, gapminder, rmarkdown, shiny,
housingData",NA,BSD_3_clause + file LICENSE,NA,NA,NA,NA,1eafd416afa1992007cbaab6c6858c4e,no,NA,"Ryan Hafen [aut, cre] (<https://orcid.org/0000-0002-5516-8367>),
  Barret Schloerke [aut]","c(
    person(given = ""Ryan"",
           family = ""Hafen"",
           role = c(""aut"", ""cre""),
           email = ""rhafen@gmail.com"",
           comment = c(ORCID = ""0000-0002-5516-8367"")),
    person(given = ""Barret"",
           family = ""Schloerke"",
           email = ""schloerke@gmail.com"",
           role = ""aut""))",NA,https://github.com/hafen/trelliscopejs/issues,NA,NA,NA,NA,NA,NA,NA,NA,NA,NA,NA,NA,NA,NA,NA,NA,NA,2021-02-01 08:00:02 UTC,"Trelliscope is a scalable, flexible, interactive approach to visualizing data (Hafen, 2013 <doi:10.1109/LDAV.2013.6675164>). This package provides methods that make it easy to create a Trelliscope display specification for TrelliscopeJS. High-level functions are provided for creating displays from within 'tidyverse' or 'ggplot2' workflows. Low-level functions are also provided for creating new interfaces.",UTF-8,NA,NA,true,NA,NA,NA,Ryan Hafen <rhafen@gmail.com>,NA,2021-02-01 07:40:10 UTC; hafen,NA,NA,NA,NA,Create Interactive Trelliscope Displays,NA,https://github.com/hafen/trelliscopejs,NA,knitr,NA,NA,NA,2021-02-01,NA,NA,NA,"modeltime, pmartR, timetk",NA,NA,10.32614/CRAN.package.trelliscopejs,TRUE,FALSE,TRUE,FALSE,1
tvthemes,1.3.3,NA,NA,"ggplot2 (>= 3.1.0), extrafont (>= 0.17), scales (>= 1.0.0),
magick (>= 2.0), grDevices (>= 3.5.3)",NA,"testthat (>= 2.1.1), dplyr (>= 0.8.0.1), cowplot (>= 0.9.4),
png (>= 0.1-7), glue (>= 1.3.1), stringr, knitr, rmarkdown",NA,GPL-3,NA,NA,NA,NA,7e00134655c8fe8fb3cfdde0673d56dc,no,NA,"Ryo Nakagawara [aut, cre]","
  person(given = ""Ryo"",
         family = ""Nakagawara"",
         role = c(""aut"", ""cre""),
         email = ""ryonakagawara@gmail.com"")",NA,https://github.com/Ryo-N7/tvthemes/issues,NA,NA,NA,NA,NA,NA,NA,NA,NA,NA,NA,NA,NA,NA,NA,NA,NA,2024-02-27 15:00:02 UTC,"Contains various 'ggplot2' themes and color palettes based on TV shows 
    such as 'Game of Thrones', 'Brooklyn Nine-Nine', 'Avatar: The Last Airbender',
    'Spongebob Squarepants', and more.",UTF-8,NA,en-US,NA,NA,NA,NA,Ryo Nakagawara <ryonakagawara@gmail.com>,NA,2024-02-27 14:23:55 UTC; ryo90,NA,NA,NA,NA,TV Show Themes and Color Palettes for 'ggplot2' Graphics,Package,https://github.com/Ryo-N7/tvthemes,NA,knitr,NA,NA,NA,2024-02-27,NA,NA,NA,NA,NA,NA,10.32614/CRAN.package.tvthemes,TRUE,FALSE,TRUE,FALSE,1
unhcrthemes,0.6.3,NA,R (>= 3.5),"ggplot2 (>= 3.5.0), scales, ggtext, ggrepel, systemfonts,
extrafont",NA,"rmarkdown, knitr, colorspace, ragg, refugees, tidyverse,
treemapify, ggstream, dplyr",NA,MIT + file LICENSE,NA,NA,NA,NA,cddec9249a78494178479dc51ff0896b,no,NA,"Cédric Vidonne [aut, cre],
  Ahmadou Dicko [aut],
  UNHCR [cph]","
    c(person(""Cédric"", ""Vidonne"",
             email = ""cedric@vidonne.me"",
	     role = c(""aut"", ""cre"")),
      person(""Ahmadou"", ""Dicko"",
             email = ""mail@ahmadoudicko.com"",
	     role = ""aut""),
      person(""UNHCR"",
         role = ""cph""))",NA,https://github.com/unhcr-dataviz/unhcrthemes/issues,NA,NA,NA,NA,NA,NA,NA,NA,NA,NA,NA,NA,NA,NA,NA,NA,NA,2025-01-16 13:00:02 UTC,"A 'ggplot2' theme and color palettes following
    the United Nations High Commissioner for Refugees (UNHCR) Data Visualization Guidelines recommendations.",UTF-8,NA,NA,NA,NA,NA,NA,Cédric Vidonne <cedric@vidonne.me>,NA,2025-01-16 11:29:47 UTC; cvidonne,NA,NA,NA,NA,UNHCR 'ggplot2' Theme and Colour Palettes,Package,"https://github.com/unhcr-dataviz/unhcrthemes,
https://unhcr-dataviz.github.io/unhcrthemes/",NA,knitr,NA,NA,NA,2025-01-16,NA,NA,NA,NA,NA,NA,10.32614/CRAN.package.unhcrthemes,TRUE,FALSE,TRUE,FALSE,1
utile.visuals,0.3.3,NA,R (>= 3.4.0),"dplyr, ggplot2 (>= 0.3.4), gridExtra, purrr",NA,"survival, broom, grid",NA,LGPL (>= 2),NA,NA,NA,NA,d12cfb34d6a94278e9bc1d22e863e170,no,NA,"Eric Finnesgard [aut, cre]","c(person('Eric', 'Finnesgard', email = 'efinite@outlook.com', role = c('aut', 'cre')))",NA,https://github.com/efinite/utile.visuals/issues,NA,NA,NA,NA,NA,NA,NA,NA,NA,NA,NA,NA,NA,NA,NA,NA,NA,2023-01-24 01:00:02 UTC,A set of functions to aid in the production of visuals in ggplot2.,UTF-8,NA,NA,NA,NA,NA,NA,Eric Finnesgard <efinite@outlook.com>,NA,2023-01-24 00:42:07 UTC; Eric,NA,NA,NA,NA,Create Visuals for Publication,NA,https://efinite.github.io/utile.visuals/,NA,NA,NA,NA,NA,2023-01-24,NA,NA,NA,NA,NA,NA,10.32614/CRAN.package.utile.visuals,TRUE,FALSE,TRUE,FALSE,1
VALERIE,1.1.0,NA,NA,"GenomicAlignments (>= 1.16.0), GenomicRanges (>= 1.32.0),
IRanges (>= 2.14.0), Rsamtools (>= 1.34.0), plyr (>= 1.8.4),
ggplot2 (>= 3.0.0), pheatmap (>= 1.0.10), ggplotify (>= 0.0.3),
ggpubr (>= 0.2.4), scales (>= 1.0.0)",NA,"knitr, rmarkdown",NA,GPL-3,NA,NA,NA,NA,c13838447024ea90ff08eb5210a76c8f,no,NA,Sean Wen,NA,NA,NA,NA,NA,NA,NA,NA,true,NA,NA,NA,NA,NA,NA,NA,NA,NA,NA,NA,2020-07-10 10:20:13 UTC,Alternative splicing produces a variety of different protein products from a given gene. 'VALERIE' enables visualisation of alternative splicing events from high-throughput single-cell RNA-sequencing experiments. 'VALERIE' computes percent spliced-in (PSI) values for user-specified genomic coordinates corresponding to alternative splicing events. PSI is the proportion of sequencing reads supporting the included exon/intron as defined by Shiozawa (2018) <doi:10.1038/s41467-018-06063-x>. PSI are inferred from sequencing reads data based on specialised infrastructures for representing and computing annotated genomic ranges by Lawrence (2013) <doi:10.1371/journal.pcbi.1003118>. Computed PSI for each single cell are subsequently presented in the form of a heatmap implemented using the 'pheatmap' package by Kolde (2010) <https://CRAN.R-project.org/package=pheatmap>. Board overview of the mean PSI difference and associated p-values across different user-defined groups of single cells are presented in the form of a line graph using the 'ggplot2' package by Wickham (2007) <https://CRAN.R-project.org/package=ggplot2>.,UTF-8,NA,NA,NA,NA,NA,NA,Sean Wen <sean.wenwx@gmail.com>,NA,2020-07-10 09:44:19 UTC; seanwen,NA,NA,NA,NA,Visualising Splicing at Single-Cell Resolution,NA,NA,NA,knitr,NA,NA,NA,2020-07-10,NA,NA,NA,NA,NA,NA,10.32614/CRAN.package.VALERIE,TRUE,FALSE,TRUE,FALSE,1
viridis,0.6.5,NA,"R (>= 2.10), viridisLite (>= 0.4.0)","ggplot2 (>= 1.0.1), gridExtra",NA,"hexbin (>= 1.27.0), scales, MASS, knitr, dichromat,
colorspace, httr, mapproj, vdiffr, svglite (>= 1.2.0),
testthat, covr, rmarkdown, maps, terra",NA,MIT + file LICENSE,NA,NA,NA,NA,d3379572b7c9e31148c52c8e85417d9e,no,NA,"Simon Garnier [aut, cre],
  Noam Ross [ctb, cph],
  Bob Rudis [ctb, cph],
  Marco Sciaini [ctb, cph],
  Antônio Pedro Camargo [ctb, cph],
  Cédric Scherer [ctb, cph]","c(
      person(""Simon"", ""Garnier"", email = ""garnier@njit.edu"", role = c(""aut"", ""cre"")),
      person(""Noam"", ""Ross"", email = ""noam.ross@gmail.com"", role = c(""ctb"", ""cph"")),
      person(""Bob"", ""Rudis"", email = ""bob@rud.is"", role = c(""ctb"", ""cph"")),
      person(""Marco"", ""Sciaini"", email = ""sciaini.marco@gmail.com"", role = c(""ctb"", ""cph"")),
      person(""Antônio Pedro"", ""Camargo"", role = c(""ctb"", ""cph"")),
      person(""Cédric"", ""Scherer"", email = ""scherer@izw-berlin.de"", role = c(""ctb"", ""cph""))
  )",NA,https://github.com/sjmgarnier/viridis/issues,NA,NA,NA,NA,NA,NA,NA,NA,NA,NA,NA,NA,NA,NA,NA,NA,2024-01-28,2024-01-29 10:10:02 UTC,"Color maps designed to improve graph readability for readers with 
    common forms of color blindness and/or color vision deficiency. The color 
    maps are also perceptually-uniform, both in regular form and also when 
    converted to black-and-white for printing. This package also contains 
    'ggplot2' bindings for discrete and continuous color and fill scales. A lean
    version of the package called 'viridisLite' that does not include the 
    'ggplot2' bindings can be found at 
    <https://cran.r-project.org/package=viridisLite>.",UTF-8,NA,NA,true,NA,NA,NA,Simon Garnier <garnier@njit.edu>,NA,2024-01-28 16:20:23 UTC; simon,NA,NA,NA,NA,Colorblind-Friendly Color Maps for R,Package,"https://sjmgarnier.github.io/viridis/,
https://github.com/sjmgarnier/viridis/",NA,knitr,NA,NA,NA,2024-01-29,"fbst, gamblers.ruin.gameplay, heatmaply, reinsureR","AntibodyForests, aweSOM, barcodetrackR, baRulho, BASiCS, bayesvl, behaviorchange, BiBitR, BioM2, BioNAR, bioRad, blacksheepr, BNPdensity, BSTZINB, c3, CCPlotR, CellMixS, cellpypes, ChIPexoQual, ChromSCape, chronicle, CIDER, CINNA, clusEvol, clustMD, clustree, coloc, cophescan, corHMM, cosimmr, countries, cydar, cylcop, cytomapper, cytoviewer, DegNorm, dendextend, dendroTools, DepecheR, DHSr, DIGSS, DiscoRhythm, dissever, dlim, dMrs, DuoClustering2018, dynaSpec, dyngen, ecorest, ecr, eemR, eesim, effectR, EHRtemporalVariability, eiExpand, escalation, eyetools, FielDHub, fishRman, fitbitViz, foodingraph, ForestGapR, forestr, fsbrain, funspace, gbm.auto, GeneNMF, GeneTonic, GenomicPlot, GenVisR, geouy, ggraph, ggScatRidges, GGUM, GNAR, GRaNIE, GrowthCurveME, gwpcormapper, heiscore, HiCBricks, hidecan, hierarchicalSets, hmer, Hmisc, imcRtools, intensitynet, IOHanalyzer, kpcaIG, LDATS, lineartestr, localboot, loewesadditivity, mcMST, memoria, metaGE, MetAlyzer, mgcViz, miaViz, mirTarRnaSeq, mlr3viz, moanin, monocle, movegroup, mpactr, multiplestressR, multistateQTL, muscat, myClim, nandb, naniar, neatStats, nlive, occCite, Ostats, pcvr, PERK, PheVis, plotdap, prior3D, projectR, promor, qad, qreport, rasterdiv, RcmdrPlugin.BiclustGUI, rcontroll, RGAN, rliger, rmweather, RprobitB, RTCGA, rwty, sampbias, scater, scDesign3, scMET, scUtils, SEAHORS, simmr, SingleMoleculeFootprinting, skpr, SleepCycles, sparrow, SPARSEMODr, spatialRF, spatialrisk, spectralAnalysis, SpotClean, sptotal, SPUTNIK, SRTsim, SUMMER, tectonicr, tidygate, tidyHeatmap, tradeSeq, treeclimbR, trip, tsdataleaks, TSstudio, TwoTimeScales, umiAnalyzer, VDSM, virtualPollen, virtualspecies, WaverideR, whoa, wilson, wingen, WINS, wqspt, xadmix",NA,"aggregateBioVar, AMISforInfectiousDiseases, ARPobservation, bandle, bangladesh, bayesmove, BayesSpace, BindingSiteFinder, bluster, CAST, catmaply, circlesplot, colorspace, condiments, CoordinateCleaner, countland, ctpm, cytometree, dartR.base, dartR.popgen, DataVisualizations, depmap, destiny, DSjobtracker, dynamicSDM, eclust, ecochange, ecotraj, ENMTools, EpiCompare, eSDM, extras, fastai, FAVA, FFdownload, fitODBOD, gbm, gemma.R, geocmeans, geocomplexity, geosimilarity, ggblanket, ggcorset, ggpointdensity, ggside, glmmfields, himach, httk, immApex, industRial, inferCSN, intSDM, iNZightPlots, iSEE, marqLevAlg, metR, MetricGraph, mlr3torch, moderndive, nichetools, nosoi, nullabor, ohun, palr, pdSpecEst, permutes, platetools, Platypus, polykde, prioriactions, quadcleanR, rangeMapper, rankinPlot, ratlas, rayshader, RelDists, rfars, riverconn, rKOMICS, rnnmf, roads, rSPDE, rTLsDeep, scCustomize, SCpubr, semtree, SIBER, SimSurvey, SingleR, SpaceMarkers, SpatialOmicsOverlay, spbabel, stacomiR, stars, starvz, statebins, StratifiedSampling, sugarglider, sugrrants, surveyvoi, tcpl, tidyjson, torchaudio, troopdata, ufs, UnalR, wacolors, warbleR",NA,NA,10.32614/CRAN.package.viridis,TRUE,FALSE,TRUE,FALSE,1
viridisLite,0.4.2,NA,R (>= 2.10),NA,NA,"hexbin (>= 1.27.0), ggplot2 (>= 1.0.1), testthat, covr",NA,MIT + file LICENSE,NA,NA,NA,NA,059e754e58fd6735dd50a1799f95c8c1,no,NA,"Simon Garnier [aut, cre],
  Noam Ross [ctb, cph],
  Bob Rudis [ctb, cph],
  Marco Sciaini [ctb, cph],
  Antônio Pedro Camargo [ctb, cph],
  Cédric Scherer [ctb, cph]","c(
      person(""Simon"", ""Garnier"", email = ""garnier@njit.edu"", role = c(""aut"", ""cre"")),
      person(""Noam"", ""Ross"", email = ""noam.ross@gmail.com"", role = c(""ctb"", ""cph"")),
      person(""Bob"", ""Rudis"", email = ""bob@rud.is"", role = c(""ctb"", ""cph"")),
      person(""Marco"", ""Sciaini"", email = ""sciaini.marco@gmail.com"", role = c(""ctb"", ""cph"")),
      person(""Antônio Pedro"", ""Camargo"", role = c(""ctb"", ""cph"")),
      person(""Cédric"", ""Scherer"", email = ""scherer@izw-berlin.de"", role = c(""ctb"", ""cph""))
  )",NA,https://github.com/sjmgarnier/viridisLite/issues/,NA,NA,NA,NA,NA,NA,NA,NA,NA,NA,NA,NA,NA,NA,NA,NA,2023-05-02,2023-05-02 23:50:02 UTC,"Color maps designed to improve graph readability for readers with 
    common forms of color blindness and/or color vision deficiency. The color 
    maps are also perceptually-uniform, both in regular form and also when 
    converted to black-and-white for printing. This is the 'lite' version of the 
    'viridis' package that also contains 'ggplot2' bindings for discrete and 
    continuous color and fill scales and can be found at 
    <https://cran.r-project.org/package=viridis>.",UTF-8,NA,NA,NA,NA,NA,NA,Simon Garnier <garnier@njit.edu>,NA,2023-05-02 21:38:46 UTC; simon,NA,NA,NA,NA,Colorblind-Friendly Color Maps (Lite Version),Package,"https://sjmgarnier.github.io/viridisLite/,
https://github.com/sjmgarnier/viridisLite/",NA,NA,NA,NA,NA,2023-05-02,"fields, reinsureR, viridis","AdhereRViz, ANN2, APL, astrochron, baldur, bayesdfa, BayesfMRI, bioRad, CACIMAR, cholera, ciftiTools, clinUtils, coursekata, crplyr, cubeview, dabestr, dearseq, denim, detourr, DiagrammeR, diffUTR, ebirdst, EFAtools, epm, EQUALrepeat, expowo, fastml, fdasrvf, flipr, fmriqa, foreSIGHT, gaussplotR, GET, ggblanket, googleway, gprofiler2, IMIFA, Infusion, iraceplot, iSEE, IsoriX, kableExtra, karyotapR, leaflet, memoria, MetAlyzer, Morphoscape, mstate, netdiffuseR, netZooR, oppr, pavo, petersenlab, pipeComp, pkgdepR, plainview, plasma, plotly, Quartet, rasterVis, revtools, Rnvd3, scales, scUtils, sgdGMF, slideview, spatialLIBD, spDates, staRdom, steps, taxa, tmaptools, vcfR, voluModel, wqtrends",NA,"AdhereR, barrks, colourvalues, csodata, demuxSNP, DirStats, eaf, esvis, geoheatmap, ggDoE, glow, goffda, grandR, graph3d, highcharter, hockeystick, HotellingEllipse, isocat, isogeochem, isotracer, MEDseq, MorphoRegions, paletteer, palettes, patientProfilesVis, RCDT, ridgetorus, riskParityPortfolio, rotasym, samc, scDblFinder, sensitivity, sfdct, spant, sphunif, targeted",jamba,NA,10.32614/CRAN.package.viridisLite,TRUE,FALSE,TRUE,FALSE,1
visa,0.1.0,NA,R (>= 3.1.0),"ggplot2, ggpmisc, methods, Matrix, reshape2, RColorBrewer",NA,"devtools, testthat, flux, knitr, rmarkdown, stringi",NA,GPL-3,NA,NA,NA,NA,ea5e175658a29dcf3eb52c97c22cbdab,no,NA,"Kang Yu [aut, cre]","person(""Kang"", ""Yu"", email = ""kang.yu@outlook.com"",
  role = c(""aut"", ""cre""))",NA,https://github.com/kang-yu/visa/issues,NA,NA,NA,NA,NA,NA,NA,NA,NA,NA,NA,"'visa.R' 'Spectra-class.R' 'cm.nsr.R' 'cm.sr.R'
'data-specdb.R' 'data-specdf.R' 'ggplot-method.R'
'ggplot.lmfit.R' 'ggspectra.R' 'ndvi2.R' 'spectra.R' 'sr.R'
'wavelength.R'",NA,NA,NA,NA,NA,2021-04-20 07:20:02 UTC,"Provides easy-to-use tools for data analysis and visualization for hyperspectral remote sensing (also known as imaging spectroscopy), with 
    a particular focus on vegetation hyperspectral data analysis. It consists of a set of functions, ranging from the organization of hyperspectral data 
    in the proper data structure for spectral feature selection, calculation of vegetation index, multivariate analysis, as well as to the visualization 
    of spectra and results of analysis in the 'ggplot2' style.",UTF-8,NA,NA,true,NA,NA,NA,Kang Yu <kang.yu@outlook.com>,NA,2021-04-19 10:48:33 UTC; Kang Yu,NA,NA,NA,NA,Vegetation Imaging Spectroscopy Analyzer,Package,https://github.com/kang-yu/visa,NA,knitr,NA,NA,NA,2021-04-20,NA,NA,NA,NA,NA,NA,10.32614/CRAN.package.visa,TRUE,FALSE,TRUE,FALSE,1
visdat,0.6.0,NA,R (>= 3.2.2),"ggplot2, tidyr, dplyr, purrr, readr, magrittr, stats, tibble,
glue, forcats, cli, scales",NA,"testthat (>= 3.0.0), plotly (>= 4.5.6), knitr, rmarkdown,
vdiffr, spelling, covr, stringr",NA,MIT + file LICENSE,NA,NA,NA,NA,645b1de71ea95fd8b3975e152e7d5976,no,NA,"Nicholas Tierney [aut, cre] (<https://orcid.org/0000-0003-1460-8722>),
  Sean Hughes [rev] (<https://orcid.org/0000-0002-9409-9405>, Sean Hughes
    reviewed the package for rOpenSci, see
    https://github.com/ropensci/onboarding/issues/87),
  Mara Averick [rev] (Mara Averick reviewed the package for rOpenSci, see
    https://github.com/ropensci/onboarding/issues/87),
  Stuart Lee [ctb],
  Earo Wang [ctb],
  Nic Crane [ctb],
  Christophe Regouby [ctb]","c(
  person(""Nicholas"", ""Tierney"", role = c(""aut"", ""cre""),
      email = ""nicholas.tierney@gmail.com"", 
      comment = c(ORCID = ""https://orcid.org/0000-0003-1460-8722"")),
  person(""Sean"", ""Hughes"", role = ""rev"", 
      comment =c(ORCID = ""https://orcid.org/0000-0002-9409-9405"",
                 ""Sean Hughes reviewed the package for rOpenSci, 
                  see https://github.com/ropensci/onboarding/issues/87"")),
  person(""Mara"", ""Averick"", role = ""rev"", 
      comment = ""Mara Averick reviewed the package for rOpenSci, see 
      https://github.com/ropensci/onboarding/issues/87""),
  person(""Stuart"", ""Lee"", role = c(""ctb"")),
  person(""Earo"", ""Wang"", role = c(""ctb"")),
  person(""Nic"", ""Crane"", role = c(""ctb"")),
  person(""Christophe"", ""Regouby"", role=c(""ctb""))
      )",NA,https://github.com/ropensci/visdat/issues,NA,NA,NA,NA,NA,NA,NA,NA,NA,NA,NA,NA,NA,NA,NA,NA,NA,2023-02-02 03:10:02 UTC,"Create preliminary exploratory data visualisations of an entire 
    dataset to identify problems or unexpected features using 'ggplot2'.",UTF-8,NA,en-US,true,NA,NA,NA,Nicholas Tierney <nicholas.tierney@gmail.com>,NA,2023-02-02 00:52:14 UTC; nick,NA,NA,NA,NA,Preliminary Visualisation of Data,NA,"https://docs.ropensci.org/visdat/,
https://github.com/ropensci/visdat",NA,knitr,NA,NA,NA,2023-02-02,NA,"naniar, studentlife",NA,"pell, tabnet",NA,NA,10.32614/CRAN.package.visdat,TRUE,FALSE,TRUE,FALSE,1
vistime,1.2.4,NA,R (>= 3.2.0),"rlang, assertthat (>= 0.1), plotly (>= 4.0.0), ggplot2 (>=
3.4.0), ggrepel (>= 0.7.0), RColorBrewer (>= 0.2.2)",NA,"prettydoc, knitr, rmarkdown, testthat (>= 3.0.0), covr,
highcharter (> 0.1.0)",NA,GPL-3 | file LICENSE,NA,NA,NA,NA,2134200869be260e3cbbb03f89d182fe,no,NA,"Sandro Raabe [aut, cre]","c(
    person(""Sandro"", ""Raabe"", , ""sa.ra.online@posteo.de"", role = c(""aut"", ""cre""))
    )",NA,https://github.com/shosaco/vistime/issues,NA,NA,NA,NA,NA,NA,NA,NA,NA,NA,NA,NA,NA,NA,NA,NA,2023-10-28,2023-10-29 21:30:02 UTC,"A library for creating time based charts, like Gantt or timelines. Possible outputs 
  include 'ggplot2' diagrams, 'plotly.js' graphs, 'Highcharts.js' widgets and data.frames. Results can be
  used in the 'RStudio' viewer pane, in 'RMarkdown' documents or in Shiny apps. In the 
  interactive outputs created by vistime() and hc_vistime(), you can interact with the 
  plot using mouse hover or zoom.",UTF-8,NA,en-US,NA,NA,NA,NA,Sandro Raabe <sa.ra.online@posteo.de>,NA,2023-10-29 11:49:26 UTC; sandro,NA,NA,NA,NA,Pretty Timelines in R,NA,https://shosaco.github.io/vistime/,NA,knitr,NA,NA,NA,2023-10-29,NA,teal.modules.clinical,NA,NA,NA,NA,10.32614/CRAN.package.vistime,TRUE,FALSE,TRUE,FALSE,1
voteogram,0.3.2,NA,R (>= 3.2.0),"ggplot2 (>= 3.4.1), dplyr, scales, jsonlite, tibble, utils",NA,"testthat, covr, knitr, rmarkdown",NA,AGPL,NA,NA,NA,NA,4a6e920ed1ebd05fd8789dee08a1cde7,no,NA,"Bob Rudis [aut, cre] (<https://orcid.org/0000-0001-5670-2640>),
  ProPublica [cph] (Cartogram SVGs used to make the plot data.frames),
  GovTrack [cph] (Cartogram SVG used to make the plot data.frame)","c(
    person(""Bob"", ""Rudis"", email = ""bob@rud.is"", role = c(""aut"", ""cre""), 
           comment = c(ORCID = ""0000-0001-5670-2640"")),
      person(""ProPublica"", comment = ""Cartogram SVGs used to make the plot data.frames"", role = c(""cph"")),
      person(""GovTrack"", comment = ""Cartogram SVG used to make the plot data.frame"", role = c(""cph""))
    )",NA,https://github.com/hrbrmstr/voteogram/issues,NA,NA,NA,NA,NA,NA,NA,NA,NA,NA,NA,NA,NA,NA,NA,NA,2023-03-08,2023-03-08 12:20:02 UTC,"'ProPublica' <https://projects.propublica.org/represent/> makes United States
    Congress member votes available and has developed their own unique cartogram to visually
    represent this data. Tools are provided to retrieve voting data, prepare voting data 
    for plotting with 'ggplot2', create vote cartograms and theme them.",UTF-8,NA,NA,NA,NA,NA,NA,Bob Rudis <bob@rud.is>,NA,2023-03-08 12:04:45 UTC; hrbrmstr,NA,NA,NA,NA,United States House and Senate Voting Cartogram Generators,Package,https://github.com/hrbrmstr/voteogram,NA,knitr,NA,NA,NA,2023-03-08,NA,NA,NA,NA,NA,NA,10.32614/CRAN.package.voteogram,TRUE,FALSE,TRUE,FALSE,1
washi,0.2.0,NA,R (>= 3.5),"cli, flextable, ggplot2, graphics, grDevices, officer, scales,
systemfonts",NA,"covr, forcats, ragg, testthat (>= 3.0.0), vdiffr",NA,MIT + file LICENSE,NA,NA,NA,NA,7fabba3338ab22abe529fdfa00f701aa,no,NA,"Jadey Ryan [aut, cre],
  Molly Mcilquham [aut],
  Dani Gelardi [aut],
  Washington State Department of Agriculture [cph, fnd]","c(
    person(""Jadey"", ""Ryan"", , ""jryan@agr.wa.gov"", role = c(""aut"", ""cre"")),
    person(""Molly"", ""Mcilquham"", , ""molly.mcilquham@wsu.edu"", role = ""aut""),
    person(""Dani"", ""Gelardi"", , ""dgelardi@agr.wa.gov"", role = ""aut""),
    person(""Washington State Department of Agriculture"", role = c(""cph"", ""fnd""))
  )",NA,https://github.com/WA-Department-of-Agriculture/washi/issues/,NA,NA,NA,NA,NA,NA,NA,NA,NA,NA,NA,NA,NA,NA,NA,NA,NA,2023-09-07 23:50:02 UTC,"Create plots and tables in a consistent style with WaSHI
    (Washington Soil Health Initiative) branding. Use 'washi' to easily
    style your 'ggplot2' plots and 'flextable' tables.",UTF-8,NA,NA,true,NA,NA,NA,Jadey Ryan <jryan@agr.wa.gov>,NA,2023-09-07 23:28:26 UTC; JRyan,NA,NA,NA,NA,Washington Soil Health Initiative Branding,NA,"https://github.com/WA-Department-of-Agriculture/washi,
https://wa-department-of-agriculture.github.io/washi/",NA,NA,NA,NA,NA,2023-09-07,NA,NA,NA,NA,NA,NA,10.32614/CRAN.package.washi,TRUE,FALSE,TRUE,FALSE,1
waterfalls,1.0.0,NA,NA,"ggplot2 (>= 2.0.0), grDevices",NA,NA,NA,MIT + file LICENSE,NA,NA,NA,NA,5321be9186d29cab12321cc1f3ca3ecf,no,NA,Hugh Parsonage,NA,NA,NA,NA,NA,NA,NA,NA,NA,NA,NA,NA,NA,NA,NA,NA,NA,NA,NA,NA,2022-11-20 12:20:02 UTC,"A not uncommon task for quants is to create 'waterfall charts'. There seems to be no simple way to do this in 'ggplot2' currently. This package contains a single function (waterfall) that simply draws a waterfall chart in a 'ggplot2' object. Some flexibility is provided, though often the object created will need to be modified through a theme.",UTF-8,NA,NA,NA,NA,NA,NA,Hugh Parsonage <hugh.parsonage+waterfall@gmail.com>,NA,2022-11-20 12:14:06 UTC; hughp,NA,NA,NA,NA,Create Waterfall Charts using 'ggplot2' Simply,Package,https://github.com/hughparsonage/waterfalls,NA,NA,NA,NA,NA,2022-11-20,NA,NA,NA,NA,NA,NA,10.32614/CRAN.package.waterfalls,TRUE,FALSE,TRUE,FALSE,1
weibulltools,2.1.0,NA,R (>= 3.5.0),"dplyr, ggplot2, lifecycle (>= 1.0.0), magrittr, plotly, purrr,
Rcpp, sandwich, segmented, tibble","Rcpp (>= 0.12.18), RcppArmadillo","knitr, rmarkdown, testthat, pillar (>= 1.9.0)",NA,GPL-2,NA,NA,NA,NA,3226ba4c456b13488ce70c1a5f0e2ede,yes,NA,"Tim-Gunnar Hensel [aut, cre],
  David Barkemeyer [aut]","
    c(person(""Tim-Gunnar"", ""Hensel"", 
      email = ""tim-gunnar.hensel@tu-berlin.de"", 
      role = c(""aut"", ""cre"")),
      person(""David"", ""Barkemeyer"",
      email = ""david.barkemeyer@gmx.de"",
      role = ""aut"")
    )",NA,https://github.com/Tim-TU/weibulltools/issues,NA,NA,NA,NA,NA,NA,NA,NA,NA,NA,NA,NA,NA,NA,NA,NA,NA,2023-04-05 10:10:02 UTC,"Provides statistical methods and visualizations that are often 
             used in reliability engineering. Comprises a compact and easily 
             accessible set of methods and visualization tools that make the 
             examination and adjustment as well as the analysis and interpretation 
             of field data (and bench tests) as simple as possible.
             Non-parametric estimators like Median Ranks, 
             Kaplan-Meier (Abernethy, 2006, <ISBN:978-0-9653062-3-2>), 
             Johnson (Johnson, 1964, <ISBN:978-0444403223>), and Nelson-Aalen 
             for failure probability estimation within samples that contain 
             failures as well as censored data are included.   
             The package supports methods like Maximum Likelihood and Rank Regression, 
             (Genschel and Meeker, 2010, <DOI:10.1080/08982112.2010.503447>) 
             for the estimation of multiple parametric lifetime distributions,  
             as well as the computation of confidence intervals of quantiles and 
             probabilities using the delta method related to Fisher's confidence 
             intervals (Meeker and Escobar, 1998, <ISBN:9780471673279>) and the 
             beta-binomial confidence bounds. 
             If desired, mixture model analysis can be done with segmented regression
             and the EM algorithm.
             Besides the well-known Weibull analysis, the package also contains 
             Monte Carlo methods for the correction and completion of imprecisely 
             recorded or unknown lifetime characteristics.
             (Verband der Automobilindustrie e.V. (VDA), 2016, <ISSN:0943-9412>). 
             Plots are created statically ('ggplot2') or interactively ('plotly') and 
             can be customized with functions of the respective visualization package.
             The graphical technique of probability plotting as well as the addition 
             of regression lines and confidence bounds to existing plots are 
             supported. ",UTF-8,NA,en-US,true,NA,NA,NA,Tim-Gunnar Hensel <tim-gunnar.hensel@tu-berlin.de>,NA,2023-04-04 20:48:00 UTC; david,lifecycle,NA,NA,NA,Statistical Methods for Life Data Analysis,Package,"https://tim-tu.github.io/weibulltools/,
https://github.com/Tim-TU/weibulltools",NA,knitr,NA,NA,NA,2023-04-05,NA,NA,NA,NA,NA,NA,10.32614/CRAN.package.weibulltools,TRUE,FALSE,TRUE,FALSE,1
wheatmap,0.2.0,NA,NA,"grid, stats, colorspace, RColorBrewer",NA,"knitr, rmarkdown",NA,GPL-3,NA,NA,NA,NA,93f820bace140900b65cb8c128eb4b6e,no,NA,"Wanding Zhou [aut, cre]","person(""Wanding"", ""Zhou"", email=""zhouwanding@gmail.com"", role=c(""aut"",""cre""))",NA,https://github.com/zwdzwd/wheatmap/issues,NA,NA,NA,NA,NA,NA,NA,NA,NA,NA,NA,NA,NA,NA,NA,NA,NA,2022-02-27 17:10:02 UTC,"Builds complex plots, heatmaps in particular, using natural semantics. Bigger plots can be assembled using directives such as 'LeftOf', 'RightOf', 'TopOf', and 'Beneath' and more. Other features include clustering, dendrograms and integration with 'ggplot2' generated grid objects. This package is particularly designed for bioinformaticians to assemble complex plots for publication.",NA,NA,en-US,NA,NA,NA,NA,Wanding Zhou <zhouwanding@gmail.com>,NA,2022-02-27 16:56:11 UTC; zhouw3,NA,NA,NA,NA,Incrementally Build Complex Plots using Natural Semantics,Package,https://github.com/zwdzwd/wheatmap,NA,knitr,NA,NA,NA,2022-02-27,NA,"knowYourCG, sesame",NA,NA,NA,NA,10.32614/CRAN.package.wheatmap,TRUE,FALSE,TRUE,FALSE,1
where,1.0.0,NA,NA,NA,NA,"data.table, dplyr, ggplot2, knitr, rmarkdown, testthat (>=
3.0.0)",NA,MIT + file LICENSE,NA,NA,NA,NA,691dc6ef1ab29b0155203a4fe6fcff21,no,NA,"Matt Hendtlass [aut, cre]","
    person(""Matt"", ""Hendtlass"", , ""m.hendtlass@gmail.com"", role = c(""aut"", ""cre""))",NA,https://github.com/KiwiMateo/where/issues,NA,NA,NA,NA,NA,NA,NA,NA,NA,NA,NA,NA,NA,NA,NA,NA,NA,2024-11-19 09:40:02 UTC,"Provides a clean syntax for vectorising the use of
    Non-Standard Evaluation (NSE), for example in 'ggplot2', 'dplyr', or
    'data.table'.",UTF-8,NA,NA,NA,NA,NA,NA,Matt Hendtlass <m.hendtlass@gmail.com>,NA,2024-11-18 06:45:14 UTC; OEM,NA,NA,NA,NA,Vectorised Substitution and Evaluation,Package,https://github.com/KiwiMateo/where,NA,knitr,NA,NA,NA,2024-11-19,NA,NA,NA,NA,NA,NA,10.32614/CRAN.package.where,TRUE,FALSE,TRUE,FALSE,1
wpa,1.9.1,NA,R (>= 3.1.2),"dplyr, stats, utils, tidyr, tidyselect (>= 1.0.0), magrittr,
purrr, reshape2, ggplot2, ggrepel, scales, htmltools, markdown,
rmarkdown, networkD3, DT, tidytext, ggraph, igraph, proxy,
ggwordcloud, methods, data.table",NA,"knitr, extrafont, lifecycle, fst, glue, flexdashboard,
lmtest, sandwich, testthat (>= 3.0.0)",NA,MIT + file LICENSE,NA,NA,NA,NA,aa5bad14eafa6c912af625bfad1c37ba,no,NA,"Martin Chan [aut, cre],
  Carlos Morales [aut],
  Mark Powers [ctb],
  Ainize Cidoncha [ctb],
  Rosamary Ochoa Vargas [ctb],
  Tannaz Sattari [ctb],
  Lucas Hogner [ctb],
  Jasminder Thind [ctb],
  Simone Liebal [ctb],
  Aleksey Ashikhmin [ctb],
  Ellen Trinklein [ctb],
  Microsoft Corporation [cph]","c(
    person(given = ""Martin"", family = ""Chan"", role = c(""aut"", ""cre""), email = ""martin.chan@microsoft.com""),
    person(given = ""Carlos"", family = ""Morales"", role = ""aut"", email = ""carlos.morales@microsoft.com""),
    person(given = ""Mark"", family = ""Powers"", role = ""ctb"", email = ""mark.powers@microsoft.com""),
    person(given = ""Ainize"", family = ""Cidoncha"", role = ""ctb"", email = ""ainize.cidoncha@microsoft.com""),
    person(given = ""Rosamary"", family = ""Ochoa Vargas"", role = ""ctb"", email = ""rosamary.ochoa@microsoft.com""),
    person(given = ""Tannaz"", family = ""Sattari"", role = ""ctb"", email = ""tannaz.sattari@microsoft.com""),
    person(given = ""Lucas"", family = ""Hogner"", role = ""ctb"", email = ""lucas.hogner@microsoft.com""),
    person(given = ""Jasminder"", family = ""Thind"", role = ""ctb"", email = ""jasminder.thind@microsoft.com""),
    person(given = ""Simone"", family = ""Liebal"", role = ""ctb"", email = ""simone.liebal@microsoft.com""),
	person(given = ""Aleksey"", family = ""Ashikhmin"", role = ""ctb"", email = ""alashi@microsoft.com""),
    person(given = ""Ellen"", family = ""Trinklein"", role = ""ctb""),
    person(given = ""Microsoft Corporation"", role = ""cph"")
	)",NA,https://github.com/microsoft/wpa/issues/,NA,NA,NA,NA,NA,NA,NA,NA,NA,NA,NA,NA,NA,NA,NA,NA,NA,2024-06-06 13:20:02 UTC,"Opinionated functions that enable easier and faster
    analysis of Viva Insights data. There are three main types of functions in 'wpa':
    (i) Standard functions create a 'ggplot' visual or a summary table based on a specific
    Viva Insights metric; (2) Report Generation functions generate HTML reports on
    a specific analysis area, e.g. Collaboration; (3) Other miscellaneous functions cover
    more specific applications (e.g. Subject Line text mining) of Viva Insights data.
    This package adheres to 'tidyverse' principles and works well with the pipe syntax.
    'wpa' is built with the beginner-to-intermediate R users in mind, and is optimised for
    simplicity. ",UTF-8,NA,en-US,true,NA,NA,NA,Martin Chan <martin.chan@microsoft.com>,NA,2024-06-06 12:00:32 UTC; martinchan,NA,NA,NA,NA,Tools for Analysing and Visualising Viva Insights Data,Package,"https://github.com/microsoft/wpa/,
https://microsoft.github.io/wpa/",NA,NA,NA,NA,NA,2024-06-06,NA,vivainsights,NA,NA,NA,NA,10.32614/CRAN.package.wpa,TRUE,FALSE,TRUE,FALSE,1
wsjplot,0.1.0,NA,NA,"ggplot2, magrittr, stringr, scales, dplyr",NA,testthat,NA,MIT + file LICENSE,NA,NA,NA,NA,edb2c838d59ce266b6e1af6411afc9fc,no,NA,"Stephen Lee [aut, cre]","
    person(""Stephen"", ""Lee"", 
        email = ""smlee.981@gmail.com"", role = c(""aut"", ""cre"")
    )",NA,NA,NA,NA,NA,NA,NA,NA,NA,NA,NA,NA,NA,NA,NA,NA,NA,NA,NA,2020-10-22 09:10:02 UTC,"Easily override the default visual choices in 'ggplot2' to make 
    your time series plots look more like the Wall Street Journal. Specific 
    theme design choices include omitting x-axis grid lines and displaying 
    sparse light grey y-axis grid lines. Additionally, this allows to label 
    the y-axis scales with your units only displayed on the top-most number, 
    while also removing the bottom most number (unless specifically 
    overridden). The goal is visual simplicity, because who has time to waste 
    looking at a cluttered graph? ",UTF-8,NA,NA,true,NA,NA,NA,Stephen Lee <smlee.981@gmail.com>,NA,2020-10-13 15:56:14 UTC; smlee,NA,NA,NA,NA,Style Time Series Plots Like the Wall Street Journal,NA,NA,NA,NA,NA,NA,NA,2020-10-22,NA,NA,NA,NA,NA,NA,10.32614/CRAN.package.wsjplot,TRUE,FALSE,TRUE,FALSE,1
WVPlots,1.3.8,NA,"R (>= 3.4.0), wrapr (>= 2.0.9)","ggplot2 (>= 3.4.0), sigr (>= 1.1.4), cdata (>= 1.2.0),
rqdatatable (>= 1.3.1), rquery (>= 1.4.9), rlang, utils, grid,
gridExtra, graphics, grDevices, mgcv, stats",NA,"data.table, knitr, rmarkdown, plotly, hexbin, tinytest",NA,GPL-2 | GPL-3,NA,NA,NA,NA,171526f3e1c19d65f3b3f484c4de3eb9,no,NA,"John Mount [aut, cre],
  Nina Zumel [aut],
  Win-Vector LLC [cph]","c(
    person(""John"", ""Mount"", email = ""jmount@win-vector.com"", role = c(""aut"", ""cre"")),
    person(""Nina"", ""Zumel"", email = ""nzumel@win-vector.com"", role = c(""aut"")),
    person(family = ""Win-Vector LLC"", role = c(""cph""))
    )",NA,https://github.com/WinVector/WVPlots/issues,NA,NA,NA,NA,NA,true,NA,NA,NA,NA,NA,NA,NA,NA,NA,NA,2024-04-22,2024-04-22 20:40:07 UTC,"Select data analysis plots, under a standardized calling interface implemented on top of 'ggplot2' and 'plotly'.  
   Plots of interest include: 'ROC', gain curve, scatter plot with marginal distributions, 
   conditioned scatter plot with marginal densities,
   box and stem with matching theoretical distribution, and density with matching theoretical distribution.",NA,NA,NA,NA,NA,NA,NA,John Mount <jmount@win-vector.com>,NA,2024-04-22 20:18:32 UTC; johnmount,NA,NA,NA,NA,Common Plots for Analysis,Package,"https://github.com/WinVector/WVPlots,
https://winvector.github.io/WVPlots/",NA,knitr,NA,NA,NA,2024-04-22,NA,NA,NA,NA,NA,NA,10.32614/CRAN.package.WVPlots,TRUE,FALSE,TRUE,FALSE,1
xaringanthemer,0.4.3,NA,R (>= 2.10),"colorspace, glue, methods, purrr, utils, whisker",NA,"callr, ggplot2, knitr, mockery, rmarkdown, scales, showtext,
sysfonts, testthat (>= 2.1.0), xaringan",NA,MIT + file LICENSE,NA,NA,NA,NA,5dc3b9a532cd2e47c53ac0069e2a27d1,no,NA,"Garrick Aden-Buie [aut, cre] (<https://orcid.org/0000-0002-7111-0077>)","
    person(""Garrick"", ""Aden-Buie"", , ""garrick@adenbuie.com"", role = c(""aut"", ""cre""),
           comment = c(ORCID = ""0000-0002-7111-0077""))",NA,https://github.com/gadenbuie/xaringanthemer/issues,NA,NA,NA,NA,NA,NA,NA,NA,NA,NA,NA,NA,NA,NA,NA,NA,NA,2024-09-15 14:00:02 UTC,"Create beautifully color-coordinated and customized themes
    for your 'xaringan' slides, without writing any CSS. Complete your
    slide theme with 'ggplot2' themes that match the font and colors used
    in your slides.  Customized styles can be created directly in your
    slides' 'R Markdown' source file or in a separate external script.",UTF-8,NA,NA,NA,NA,NA,NA,Garrick Aden-Buie <garrick@adenbuie.com>,NA,2024-09-15 13:48:43 UTC; garrick,NA,NA,NA,NA,Custom 'xaringan' CSS Themes,Package,"https://pkg.garrickadenbuie.com/xaringanthemer/,
https://github.com/gadenbuie/xaringanthemer",NA,knitr,NA,NA,NA,2024-09-15,NA,NA,NA,NA,NA,NA,10.32614/CRAN.package.xaringanthemer,TRUE,FALSE,TRUE,FALSE,1
xdvir,0.1-2,NA,R (>= 4.3.0),"grDevices, grid, hexView (>= 0.3-4), tinytex, rlang,
systemfonts (>= 1.1.0)",NA,"gridBezier, knitr, rmarkdown, lattice, gridGraphics, gggrid,
ggplot2, cli",NA,GPL-3,NA,NA,NA,NA,222fb9f7dfd85dfc2c7afed3bf547bd1,yes,NA,"Paul Murrell [aut, cre] (<https://orcid.org/0000-0002-3224-8858>)","person(""Paul"", ""Murrell"", email = ""paul@stat.auckland.ac.nz"",
                  comment = c(ORCID = ""0000-0002-3224-8858""), 
                  role = c(""aut"", ""cre""))",NA,NA,NA,NA,NA,NA,NA,NA,NA,NA,NA,NA,NA,NA,NA,NA,NA,NA,NA,2025-02-24 17:00:02 UTC,"High-level functions to render 'LaTeX' fragments in plots, 
             including as labels and data symbols in 'ggplot2' plots, plus
             low-level functions to 
             author 'LaTeX' fragments (to produce 'LaTeX' documents), 
             typeset 'LaTeX' documents (to produce 'DVI' files), 
             read 'DVI' files (to produce ""DVI"" objects), 
             and render ""DVI"" objects.",NA,NA,NA,NA,NA,NA,NA,Paul Murrell <paul@stat.auckland.ac.nz>,NA,2025-02-21 22:05:14 UTC; pmur002,NA,NA,NA,freetype2,Render 'LaTeX' in Plots,Package,NA,NA,knitr,NA,NA,NA,2025-02-24,NA,NA,NA,NA,NA,NA,10.32614/CRAN.package.xdvir,TRUE,FALSE,TRUE,FALSE,1
xkcd,0.0.6,NA,"ggplot2 (>= 3.0), extrafont","Hmisc, stats",NA,NA,NA,GPL-3,NA,NA,NA,NA,e76ef869d4a2fa3b12ada0ddc7482d9d,no,NA,Emilio Torres-Manzanera,NA,NA,NA,NA,NA,NA,NA,NA,NA,NA,NA,NA,NA,NA,NA,NA,NA,NA,NA,2018-07-10,2018-07-11 15:30:02 UTC,Plotting ggplot2 graphs using the XKCD style.,NA,NA,NA,NA,NA,NA,NA,Emilio Torres-Manzanera <torres@uniovi.es>,NA,2018-07-11 14:49:14 UTC; emilio,NA,NA,NA,NA,Plotting ggplot2 Graphics in an XKCD Style,Package,NA,NA,NA,NA,NA,NA,2018-07-11,NA,NA,NA,NA,NA,NA,10.32614/CRAN.package.xkcd,TRUE,FALSE,TRUE,FALSE,1
xpose,0.4.19,NA,"R (>= 3.5.0), ggplot2 (>= 3.1.0)","dplyr (>= 0.8.0), ggforce (>= 0.2.0), grDevices, purrr (>=
0.3.0), readr (>= 2.1.0), rlang (>= 0.3.0), stringr (>= 1.4.0),
tibble (>= 2.1.0), tidyr (>= 0.8.0), utils, stats, vpc (>=
1.1.0)",NA,"here, gridExtra, rmarkdown, knitr, testthat, plotly, webshot,
mvtnorm",NA,LGPL-3,NA,NA,NA,NA,07311ee967fac22b378b0b75b129b2ad,no,NA,"Benjamin Guiastrennec [aut, cre, cph],
  Andrew C. Hooker [aut, cph],
  Sebastian Ueckert [aut, cph],
  Mike K. Smith [ctb],
  Mats O. Karlsson [aut, cph]","c(
      person('Benjamin', 'Guiastrennec',
             role  = c('aut', 'cre', 'cph'),
             email = 'guiastrennec@gmail.com'),
      person('Andrew C.', 'Hooker', 
             role  = c('aut', 'cph'),
             email = 'andrew.hooker@farmaci.uu.se'),
      person('Sebastian', 'Ueckert',
             role  = c('aut', 'cph'),
             email = 'sebastian.ueckert@farmaci.uu.se'),
      person('Mike K.', 'Smith', 
             role  = 'ctb',
             email = 'mike.k.smith@pfizer.com'),
      person('Mats O.', 'Karlsson',
             role  = c('aut', 'cph'),
             email = 'mats.karlsson@farmaci.uu.se'))",NA,https://github.com/UUPharmacometrics/xpose/issues/,NA,NA,NA,NA,NA,NA,NA,NA,NA,NA,NA,NA,NA,NA,NA,NA,NA,2025-01-07 20:00:02 UTC,"Diagnostics for non-linear mixed-effects (population) 
    models from 'NONMEM' <https://www.iconplc.com/solutions/technologies/nonmem/>. 
    'xpose' facilitates data import, creation of numerical run summary 
    and provide 'ggplot2'-based graphics for data exploration and model 
    diagnostics.",UTF-8,NA,NA,true,NA,NA,NA,Benjamin Guiastrennec <guiastrennec@gmail.com>,NA,2025-01-07 19:18:38 UTC; bengu839,NA,NA,NA,NA,Diagnostics for Pharmacometric Models,Package,"https://uupharmacometrics.github.io/xpose/,
https://github.com/UUPharmacometrics/xpose/",NA,knitr,NA,NA,NA,2025-01-07,xpose.nlmixr2,"Certara.DarwinReporter, Certara.ModelResults, Certara.Xpose.NLME, nlmixr2rpt, xpose.xtras",NA,"Certara.VPCResults, shinyMixR",NA,NA,10.32614/CRAN.package.xpose,TRUE,FALSE,TRUE,FALSE,1
yamlet,1.2.0,NA,NA,"yaml, csv (>= 0.6.2), encode, units, spork (>= 0.3.3),
ggplot2, scales, dplyr (>= 1.1.0), rlang, xtable, tidyr, vctrs,
pillar, knitr",NA,"testthat (>= 2.1.0), magrittr, table1, rmarkdown, gridExtra,
haven, tablet (>= 0.6.8), kableExtra",NA,GPL-3,NA,NA,NA,NA,d588d09ac73763861b461af1c1385763,no,NA,"Tim Bergsma [aut, cre]","person(given = ""Tim"",
                  family = ""Bergsma"",
                  role = c(""aut"", ""cre""),
                  email = ""bergsmat@gmail.com"")",NA,https://github.com/bergsmat/yamlet/issues,NA,NA,NA,NA,NA,NA,NA,NA,NA,NA,NA,NA,NA,NA,NA,NA,NA,2024-11-26 08:00:02 UTC,"A YAML-based
 mechanism for working with table metadata. Supports
 compact syntax for creating, modifying, viewing, exporting,
 importing, displaying, and plotting metadata coded as column 
 attributes. The 'yamlet' dialect is valid 'YAML' with
 defaults and conventions chosen to improve readability. 
 See ?yamlet, ?decorate, ?modify, ?io_csv, and ?ggplot.decorated.",UTF-8,NA,NA,NA,NA,NA,NA,Tim Bergsma <bergsmat@gmail.com>,NA,2024-11-25 19:48:27 UTC; tim.bergsma,NA,NA,NA,NA,Versatile Curation of Table Metadata,Package,NA,NA,knitr,NA,NA,NA,2024-11-26,NA,tablet,NA,NA,NA,NA,10.32614/CRAN.package.yamlet,TRUE,FALSE,TRUE,FALSE,1
